nodes,functions,phase,MADEA_welfare_mean,MADEA_wall_median,MADEA-one-shot_welfare_mean,MADEA-one-shot_wall_median,MADEA-PG_welfare_mean,MADEA-PG_wall_median,PLASMA-Welfare_welfare_mean,PLASMA-Welfare_wall_median,one-shot-pg_welfare_mean,one-shot-pg_wall_median,hierarchical-one-shot-pg_welfare_mean,hierarchical-one-shot-pg_wall_median,hierarchical-madea-pg_welfare_mean,hierarchical-madea-pg_wall_median,FaaS-MAPG-S_welfare_mean,FaaS-MAPG-S_wall_median,FaaS-MAPG-R_welfare_mean,FaaS-MAPG-R_wall_median,load_scale
40,5,static,987.228691084954,1.3755236249999143,986.2553427961324,0.7580134579911828,989.6607459512064,1.7933518330100924,982.5547547660328,3.8489735829934943,989.0811877366792,1.208905124978628,991.14614997,1.3293310000153724,989.6607459512064,2.328735749993939,988.4986163268038,1.3371222089917865,987.0314801726464,1.5208122079784516,
40,10,static,1402.7088833731605,4.495175290998304,1397.3845994427404,1.2264018749992829,1415.8782890996167,5.164884666010039,1393.711792073712,7.733192082989262,1410.6199329111298,1.9154633329890205,1410.602891643318,2.628345041011926,1415.8782890996167,6.357351874990854,1388.3104775224188,1.780277208017651,1395.6880105903904,1.861873292014934,
80,5,static,1977.5345155574205,4.828386249500909,1984.0112239864748,2.6539212914940435,1986.2457023218487,5.873359542005346,1976.445793314428,5.422091396001633,1991.1375277725256,3.5346553120034514,1995.4414232869583,5.455944603992975,1985.9546478398772,9.265879375481745,1979.277831948954,3.1365337500028545,1973.38456764699,3.2916275830066297,
80,10,static,3590.0244892917426,9.306496020988561,3595.084022637089,5.245097958497354,3614.9255053499946,11.223148520497489,3603.283521609206,17.775919082996552,3618.596122209421,7.467820833495352,3620.6337305799207,10.778180520996102,3614.9255053499946,15.560088896003435,3592.0741616802143,5.844250333495438,3585.2620941016467,5.692182250015321,
160,5,static,4441.671098668283,19.148599334002935,4465.798195545245,10.204443333001109,4468.054438360415,20.8188336250023,4466.790670724248,7.701227665995248,4488.635866778098,11.707592958002351,4505.552310139073,25.23071308300132,4467.303090411519,45.09003500000108,4462.71388357014,9.719591917004436,4456.8201625547645,9.503223957988666,
160,10,static,8754.225818061455,53.49612049999996,8721.268065929837,17.592361874994822,8799.049231591112,60.247569291997934,8798.511797831028,33.63509041699581,8769.181741342863,23.827427917014575,8794.839810458889,45.48317466699518,8799.049231591112,51.20920358400326,8738.131892318826,17.224037415988278,8734.409102832165,23.140770999976667,
80,5,stress,1874.995485784144,4.970863291993737,1873.1210848678377,2.584292457991978,1877.5856378434664,5.669859833986266,1877.747475539829,3.983902792009758,1874.7017748241676,3.5023508750018664,1873.1813970094383,6.207597000000533,1879.2016579720605,19.62589837500127,1873.5391604450328,3.0629299999854993,1866.2619201848431,3.0886557909834664,0.75
80,10,stress,2702.538793924964,7.821640666981693,2701.241737958355,4.6816976670234,2878.8392183783853,10.148883791989649,2928.9493629620347,33.21228962499299,2877.6805265061907,6.846508208982414,2881.361809277659,10.635694875003535,2878.8392183783853,17.34402712501469,2879.545158695204,5.586188999994192,2875.2434078283277,5.4802949170116335,1.5
40,10,temporal,1752.5084984441935,6.345505583012709,1757.4318148699983,3.697835667000618,1771.6986669623818,8.078540542017436,1779.5118893902775,15.676091041998006,1776.237424232416,5.646200458984822,1776.0498040616867,6.592868915991858,1772.0303111248593,14.998703833000036,1762.838473750563,5.203064917004667,1761.1700824166603,4.838192458002595,
80,5,temporal,1705.8640092854914,17.481295791978482,1707.1994838419814,7.789118000015151,1719.305637949361,21.344622125005117,1724.23723402681,25.285143584012985,1719.2753180766822,11.62166437500855,1722.0613674670756,19.007725041010417,1719.3069711384385,37.05113304100814,1716.9509437765464,10.839413875015453,1713.4604952665861,10.24571124999784,
