phase,nodes,functions,seed,repeat,case_id,step,MADEA,MADEA-one-shot,MADEA-PG,PLASMA-Welfare,one-shot-pg,hierarchical-one-shot-pg,hierarchical-madea-pg,FaaS-MAPG-S,FaaS-MAPG-R
static,40,5,7,0,static-n40-f5-s7-l1-r0,0,987.228691084954,986.2553427961324,989.6607459512064,982.5547547660328,989.0811877366792,991.14614997,989.6607459512064,988.4986163268038,987.0314801726464
static,40,10,42,0,static-n40-f10-s42-l1-r0,0,1402.7088833731605,1397.3845994427404,1415.8782890996167,1393.711792073712,1410.6199329111298,1410.602891643318,1415.8782890996167,1388.3104775224188,1395.6880105903904
static,80,5,7,0,static-n80-f5-s7-l1-r0,0,1721.4757294665103,1727.0327254811484,1728.474530426009,1735.1799575584064,1733.776316384902,1737.0677601110797,1727.892421462066,1725.6739456349533,1725.5291492274996
static,80,5,99,0,static-n80-f5-s99-l1-r0,0,2233.593301648331,2240.9897224918013,2244.0168742176884,2217.71162907045,2248.498739160149,2253.815086462837,2244.0168742176884,2232.8817182629546,2221.2399860664805
static,80,10,42,0,static-n80-f10-s42-l1-r0,0,3553.778573806156,3550.0049949979484,3589.982645950202,3554.150887942744,3584.5123981937536,3587.444313143994,3589.982645950202,3553.056196468252,3544.0940267854244
static,80,10,2026,0,static-n80-f10-s2026-l1-r0,0,3626.270404777329,3640.16305027623,3639.868364749788,3652.416155275669,3652.679846225089,3653.823148015847,3639.868364749788,3631.092126892176,3626.430161417869
static,160,5,42,0,static-n160-f5-s42-l1-r0,0,4441.671098668283,4465.798195545245,4468.054438360415,4466.790670724248,4488.635866778098,4505.552310139073,4467.303090411519,4462.71388357014,4456.8201625547645
static,160,10,7,0,static-n160-f10-s7-l1-r0,0,8754.225818061455,8721.268065929837,8799.049231591112,8798.511797831028,8769.181741342863,8794.839810458889,8799.049231591112,8738.131892318826,8734.409102832165
stress,80,5,7,0,stress-n80-f5-s7-l0.75-r0,0,1874.995485784144,1873.1210848678377,1877.5856378434664,1877.747475539829,1874.7017748241676,1873.1813970094383,1879.2016579720605,1873.5391604450328,1866.2619201848431
stress,80,10,42,0,stress-n80-f10-s42-l1.5-r0,0,2702.538793924964,2701.241737958355,2878.8392183783853,2928.9493629620347,2877.6805265061907,2881.361809277659,2878.8392183783853,2879.545158695204,2875.2434078283277
temporal,40,10,7,0,temporal-n40-f10-s7-l0.75-r0,0,1890.011644930538,1894.9655599662524,1891.4053403627795,1896.8334281605592,1896.013880398494,1895.8337478332764,1891.4053403627795,1887.7079679233104,1884.2865988111232
temporal,40,10,7,0,temporal-n40-f10-s7-l0.75-r0,1,1580.1847477198803,1582.4026268775983,1627.3629131324958,1649.7459584472538,1631.4994744672506,1633.0277560435795,1629.3755792030458,1612.0881106730592,1613.9647873457484
temporal,40,10,7,0,temporal-n40-f10-s7-l0.75-r0,2,1787.3291026821616,1794.927257766144,1796.3277473918697,1791.9562815630195,1801.1989178315036,1799.2879083082044,1795.3100138087525,1788.7193426553197,1785.2588610931098
temporal,80,5,7,0,temporal-n80-f5-s7-l0.75-r0,0,1873.6275680665465,1867.29667692629,1876.548938776056,1875.71208770313,1870.5484186599929,1872.3227807356689,1876.5514369274208,1872.1526089259992,1866.3288359635685
temporal,80,5,7,0,temporal-n80-f5-s7-l0.75-r0,1,1521.737786962368,1525.3824403036426,1550.8371226209745,1562.265581885454,1550.3398943926736,1555.0157844575372,1550.838624036841,1550.7118053927045,1542.730129898864
temporal,80,5,7,0,temporal-n80-f5-s7-l0.75-r0,2,1722.2266728275597,1728.9193342960114,1730.5308524510529,1734.7340324918457,1736.93764117738,1738.8455372080205,1730.5308524510529,1727.9884170109358,1731.3225199373255
