case,nodes,functions,seed,load_scale,degree,initial_backend_milp,proposal_milp,initial_seconds_milp,status_milp,welfare_milp,auction_welfare_milp,pg_seconds_milp,pg_moves_milp,pg_reason_milp,pg_budget_milp,pg_proposals_milp,completed_sweeps_milp,final_flow_milp,final_replicas_milp,feasible_milp,fallbacks_milp,tail_seconds_milp,wall_seconds_milp,prefix_equal_milp,common_prefix_milp,error_milp,initial_backend_native,proposal_native,initial_seconds_native,status_native,welfare_native,auction_welfare_native,pg_seconds_native,pg_moves_native,pg_reason_native,pg_budget_native,pg_proposals_native,completed_sweeps_native,final_flow_native,final_replicas_native,feasible_native,fallbacks_native,tail_seconds_native,wall_seconds_native,prefix_equal_native,common_prefix_native,error_native,hybrid_welfare_gain_pct,hybrid_wall_ratio
n10-f5-s4850-l1-k3,10,5,4850,1.0,3,milp,compact,0.0971785000292584,ok,177.1335049119597,154.3962553299873,0.0993411249946802,9.0,no improving proposal,2.5,20.0,2.0,972351475fb82044f46dcd3f6a7294532b9ec4b1cdf126c1aacd9dba1c924725,622ba2e07e60c3d8fb03477b574d12ae8f6d9a8e7519e1d39a9b3cbea1393f55,True,0.0,0.732389000011608,0.8295675000408664,True,20.0,,native,compact,0.0411475830478593,ok,179.72943799574892,154.75737371677567,0.1512612499063834,10.0,no improving proposal,2.5,30.0,3.0,63b0dbc8b2a0156a7c90f2048b59cd8d707ea41dcea060f2adace28ea8aefe7d,cfe93a52dfa535cd80b5150ebf69f1ab771765ae94e25f6b653a079e538ff95a,True,0.0,0.5564661669777706,0.59761375002563,True,30.0,,-1.4443560903198398,1.3881332215085225
n20-f5-s2026-l1-k3,20,5,2026,1.0,3,milp,compact,0.0989720000652596,ok,479.19475353048665,396.78187068485266,0.2815607920056209,18.0,no improving proposal,5.0,60.0,3.0,4411b855edc3fc9e6323671e28122887c0df51908ae83b6a1f2c10dd1c6b7c1a,192064c69473b5bc6042acb540930198670f8fad3f81c8c31b93b079aa772890,True,0.0,0.8047839580103755,0.9037559580756352,,,,native,compact,0.0799985410412773,ok,468.5393611775011,375.8468048839246,0.2757400419795885,20.0,no improving proposal,5.0,60.0,3.0,495f88639baa1f1c64596a36ad5e4618a1eca61c938ef8f8734b6ba59b5f099d,a60de9a31b5142e68aca40ebacc8a313d80b3d65fea73b2d04a9372a99351d08,True,0.0,0.6612758750561625,0.7412744160974398,,,,2.274172297116538,1.219192162105912
n40-f5-s7-l1-k3,40,5,7,1.0,3,milp,compact,0.2469609159743413,ok,1020.8561036787996,803.6977773769188,0.6825885829748586,37.0,no improving proposal,10.0,120.0,3.0,fff2e5074e413b07e670bcbcc07faeb15ea42367afe2636efc6adbdb7a425756,aa514c4b1e28d898ee415f26243aa0b1195326a352161a8edebbcfbfb835a3d3,True,0.0,2.0127987500745803,2.2597596660489216,True,120.0,,native,compact,0.174687874969095,ok,1003.4072477942054,814.794600746575,0.6809814169537276,33.0,no improving proposal,10.0,120.0,3.0,59990ea6261b006223805397c28af9f3a3a230d82ce938c92877ab4bf859d468,9dd431b22acabeb098768a39660c7638ce54ffeef51ce69b6faea80e5b206f9b,True,0.0,2.3609544169157743,2.5356422918848693,True,120.0,,1.7389605190666195,0.8911981288847843
n80-f5-s7-l1-k3,80,5,7,1.0,3,milp,compact,0.7970140830148011,ok,1765.2129342960611,1506.306361862185,1.7478517499985171,65.0,no improving proposal,20.0,240.0,3.0,43adc76da83af524d107eda8a7ae74b50f02843382417fd3854103e46f965372,f93c33952e4372b320a6de2eee2a1d9090a7f0dd56434e6bb80563b11bccc1f9,True,0.0,11.710514541016892,12.507528624031693,,,,native,compact,0.3616292920196429,ok,1720.2279196650445,1494.622047612562,1.5954609159380198,69.0,no improving proposal,20.0,240.0,3.0,a6440372e77cd09d7f23ae9979fc1b51a0255350c12302c1a607f5297a575a74,b6c115d40200311f0d9bcd423a6df50780a91ae00410c0748d206db0c06ef312,True,0.0,6.458743292023428,6.820372584043071,,,,2.6150613018637614,1.833848293463363
n160-f5-s7-l1-k3,160,5,7,1.0,3,milp,compact,3.156359790940769,ok,4209.540197978404,2986.9540262383375,4.284367958083749,173.0,no improving proposal,29.311829508642123,480.0,3.0,a28ab4aaa37bf94657203eb9ef8678f5d422ad1a587ad1ddda8d2c7027d29365,01eb52be866da6c5aa967227e1f9c63dc0055e152b4e989991efd90a2434111f,True,0.0,48.49215854110662,51.64851833204739,True,49.0,,native,compact,0.929496792028658,ok,3988.1208564729345,3022.423114482833,4.4972988329827785,152.0,no improving proposal,29.262936950091948,480.0,3.0,363596be562effcb5bc4a6e89dcfefab0834dd041ea43bb7eac5ecf270b46d69,cf71ab1a9f09ced07fd610e38687a3159952f86c6e24429356b9235233ac6cd3,True,0.0,63.14595641603228,64.07545320806094,True,45.0,,5.551971704821676,0.8060577919650174
n40-f5-s42-l1-k3,40,5,42,1.0,3,milp,compact,0.2686225830111652,ok,727.1345468673516,721.9695350235309,0.6714929169975221,12.0,no improving proposal,10.0,120.0,3.0,d8fd3770363e786b6e3a7e9bfbf5142d4c45133b1d534b881a46c2eae00182f0,4edbe0fda280693ab7eeb6c11f0bb93e5a4a28875ceffaae6e8c6c2a63995856,True,0.0,2.529450625064783,2.798073208075948,,,,native,compact,0.1785177920246496,ok,727.1345468673516,721.9695350235309,0.6495436249533668,12.0,no improving proposal,10.0,120.0,3.0,d8fd3770363e786b6e3a7e9bfbf5142d4c45133b1d534b881a46c2eae00182f0,4edbe0fda280693ab7eeb6c11f0bb93e5a4a28875ceffaae6e8c6c2a63995856,True,0.0,2.410093000042252,2.588610792066902,,,,0.0,1.080916921404704
n80-f5-s42-l1-k3,80,5,42,1.0,3,milp,compact,0.7956055829999968,ok,1838.9298098226136,1239.5092743157277,1.4227236249716952,83.0,no improving proposal,20.0,240.0,3.0,25ea1d65006abf7f45070f237bd8e703763a8c8e4bba7551c0d07c2032dc560b,355429c62b5bb64b6f366280c3bf7924f10c80f5e59054c1e68a0bc419f2d3bf,True,0.0,12.586864334065467,13.382469917065464,True,128.0,,native,compact,0.3667662909720093,ok,1780.4209479385706,1171.958999234026,1.4504439579322934,79.0,no improving proposal,20.0,240.0,3.0,772709e938bf2538d321cf453e62206c4ab428182c6c0c96391755777b629e1a,5353e4c9eb088c8e60a9fc29e90c9f14c98884c9ec0284180cbe9a13cf9ac135,True,0.0,10.6345412080409,11.00130749901291,True,128.0,,3.2862375581340153,1.216443583480073
n160-f5-s42-l1-k3,160,5,42,1.0,3,milp,compact,2.591912959003821,ok,4770.694952666042,4387.840207980945,2.7950060410657898,118.0,no improving proposal,29.748882044827862,480.0,3.0,b1ad6bf739731ab0178c58599d174c73a7d0cab7fab6edbe8549e4f727d11dbd,774191c231349502faf95901e15be9ff1d33c51574bd1c5808c74988fdf35a3b,True,0.0,24.959640874993056,27.551553833996877,,,,native,compact,0.4276218749582767,ok,4589.757654452,4323.734820581857,2.9264275840250775,125.0,no improving proposal,29.71594581864733,480.0,3.0,dc3e41829740aa56486d47c0feeede165560ec21f45f47abc7e50c5d6427771f,cbab9681eac4e4e695c7af3b5057bec13d23402a7b9760f149d2b080d4cba85c,True,0.0,26.49566433392465,26.923286208882928,,,,3.9421972103153538,1.023335473249423
n40-f5-s99-l1-k3,40,5,99,1.0,3,milp,compact,0.2468566669849679,ok,1146.0393763646712,1087.65736310444,0.496486208983697,28.0,no improving proposal,10.0,80.0,2.0,649c595e480905d9e2ded84aba343ce9071b98ffc5b3baee488a89e4369ce01a,0e5b48890d392a0754e5047b6a6dc89afd7af29729681f351d3f25db45553a6f,True,0.0,3.325407207943499,3.572263874928467,True,80.0,,native,compact,0.2143118749372661,ok,1114.5059292934864,1076.7981541756164,0.7548772080335766,29.0,no improving proposal,10.0,120.0,3.0,201fa950365c3fd2c44bdd42c5b8a3395a3d2961ba43fc0bbba147cc4a5a771c,b5277ee0bd3ab9b93d4c338068d8a204b0632d5fc8747da16ed8a74d23662ce4,True,0.0,2.089183082920499,2.3034949578577653,True,120.0,,2.82936557288436,1.5508016905974251
n80-f5-s99-l1-k3,80,5,99,1.0,3,milp,compact,0.7475861660204828,ok,2220.807583840718,1711.891977518091,0.7837660409277305,75.0,no improving proposal,20.0,240.0,3.0,6e9f6763b0bc2f4ade7926496c7b4984dcc2ec50df1ca7a2334801f6a85d34c1,ecbebdec47e88cd56750239ed8172ea8d654eb49c40e03562f0543c60fa5e1c9,True,0.0,7.213897417066619,7.961483583087102,,,,native,compact,0.1412545419298112,ok,2004.266084511296,1689.3991767181783,0.7803057089913636,76.0,no improving proposal,20.0,240.0,3.0,013274c20f20696c5e6137eba96c899eb0f316d7d6a6689ab33bbcc74271f576,778ed4ab77cb50b61a5c90a54ee67d6511e92097cf8964725f3b62f2ef08892d,True,0.0,10.219746833085082,10.361001375014894,,,,10.804029514984377,0.7684086986307979
n160-f5-s99-l1-k3,160,5,99,1.0,3,milp,compact,2.554374250001274,ok,4058.883828176066,2939.06935750019,3.9331625419436023,160.0,no improving proposal,29.3465666244599,480.0,3.0,c154de30059de3fba8988c3276c16430a6fa71ee075d94ccfb5cedc0113ccce4,a6168a24ccdfdd259f5f8dfd7a2b2d623408bc457f299103fba1b4dfddaf1af7,True,0.0,50.19928649999201,52.75366074999329,True,51.0,,native,compact,0.740111666964367,ok,3722.3031024574134,2864.4272170010836,3.9378092500846833,154.0,no improving proposal,29.690379257569,480.0,3.0,1222aede98d2a553fe9cc535534a721c170d3a7f5b90b20cd4924302e9c93743,3073f1f2c18c1e34994436afb529be3ebcb822df3c810b9a04902c85735c6b49,True,0.0,31.45913400000427,32.199245666968636,True,51.0,,9.042270778444845,1.6383508264639333
n40-f5-s123-l1-k3,40,5,123,1.0,3,milp,compact,0.2562239579856395,ok,1025.0056241832367,805.9992938875691,0.753580000018701,34.0,no improving proposal,10.0,120.0,3.0,8f23286e989e31961659d359ea6a99f4e2e2da9a5404b73fb9ec0adcb9c80ab6,07d928849143b6cf5ae7b16b3f085e4e179667a2df15f27a2e115e76ad8a0fae,True,0.0,3.828188957995735,4.084412915981375,,,,native,compact,0.2055892910575494,ok,1011.571996770114,790.2977099407613,0.4994767090538516,34.0,no improving proposal,10.0,80.0,2.0,fc16de8902b8748ccb9e720684e3678daa9726fa680542ad18ca95238ce74929,ce8d670d962915addc96c9a491b328a9e73f7f8441b14900674d0027d46f53af,True,0.0,4.333825042005628,4.539414333063178,,,,1.3279951853170575,0.8997664932747459
n80-f5-s123-l1-k3,80,5,123,1.0,3,milp,compact,0.7776387919439003,ok,2486.71506136179,1892.9358474353771,1.8888805001042783,83.0,no improving proposal,20.0,320.0,4.0,c9a0e8726c10ac9f9acf642b530dba5dc9d3b47a57090e7b099daf369c5330ee,131f0fe20b2afcb30412ba32781b862c61d45560bfb2c0ee6fd05fd896f45b3f,True,0.0,10.567734500044024,11.345373291987926,True,131.0,,native,compact,0.3407872499665245,ok,2392.7125754305675,1888.3971816370563,1.4225022080354393,78.0,no improving proposal,20.0,240.0,3.0,9b37490d3f2c5cd7785ad779ef0f07f27c2b09fbc44017c1246938244bd89f76,894a80e7caf111b43766df9559b021560c3171906d496b47bbd3ee0b15b0029b,True,0.0,11.058255790965632,11.399043040932156,True,131.0,,3.928699455859499,0.9952917320557954
n160-f5-s123-l1-k3,160,5,123,1.0,3,milp,compact,2.6283011250197887,ok,5040.843584082422,3264.5507870669585,3.8695690410677344,167.0,no improving proposal,29.372106974896717,480.0,3.0,430873a853a3c5fa21179ea087993b4b4482bdc01877d35b5d3866627d92e57f,9691094490d7bac0df0c6b3db9ad4ea7270f320d421aaa599ad9b44795092a53,True,0.0,43.84842870791908,46.47672983293887,,,,native,compact,0.7346058749826625,ok,4703.82999227821,3290.0762138383584,3.9033151669427752,148.0,no improving proposal,29.43446315369596,480.0,3.0,0bdfbd80d402e960b84d2bfe8daacdb56089ebfeaa5668a9e8b64e399df21b60,65a79b70c6d7273cd4aeb327e995e214919ebccc7b61d4b64f0c91bd93a9c8d1,True,0.0,48.65065287507605,49.38525875005871,,,,7.164663526476354,0.9411053218969644
n40-f5-s2026-l1-k3,40,5,2026,1.0,3,milp,compact,0.2507492499426007,ok,1043.4668732630269,857.8705661378641,0.2752627920126542,31.0,no improving proposal,10.0,120.0,3.0,6eb62c8ee6294d4647ca6bc7a2da6b9486bfc97307f1c9bc75a807eb559392ad,ac8ebccebb928da8ee897b463cae72f8dda0f6aed15a9432fa4fc7aa765c1a5f,True,0.0,2.3994647919898853,2.650214041932486,True,120.0,,native,compact,0.0651192079531028,ok,1008.0045450343886,852.2512746170644,0.2822272920748219,30.0,no improving proposal,10.0,120.0,3.0,ce5e0546c3cb48047f764568b6e1824001f083d7296c8120f59169f4cf371a8e,7e94dc7ff4eac87d6f2b5c0cd4a9bd7a81d5332a58eaa6566739dc165bd9f980,True,0.0,1.84924825001508,1.9143674579681829,True,120.0,,3.5180722550639363,1.384381055424592
n80-f5-s2026-l1-k3,80,5,2026,1.0,3,milp,compact,0.7425865000113845,ok,2447.9690819811776,2438.070227323267,1.3730793750146404,27.0,no improving proposal,20.0,240.0,3.0,28f78d0e25cbc0e0ee574087e0eac363b9c1049cfee44e34690804911e33c4bb,43f604aa92c90c7f25e882a535edc00721c0116f61f5e14fefa7f88e2504f6d1,True,0.0,5.128541999962181,5.871128499973565,,,,native,compact,0.3379218330373987,ok,2447.9690819811776,2438.070227323267,1.415260958019644,27.0,no improving proposal,20.0,240.0,3.0,28f78d0e25cbc0e0ee574087e0eac363b9c1049cfee44e34690804911e33c4bb,43f604aa92c90c7f25e882a535edc00721c0116f61f5e14fefa7f88e2504f6d1,True,0.0,5.159951040986925,5.497872874024324,,,,0.0,1.0678909160873389
n160-f5-s2026-l1-k3,160,5,2026,1.0,3,milp,compact,2.546359166968614,ok,4977.082323939596,4433.854555383322,5.052565542049706,150.0,no improving proposal,29.777278648204184,480.0,3.0,0082cd2769e5c13b942c445f60d869a92c5a05333a26dd6c530fe214eb0d503d,71db6e0666e773d5e66af64fd5d217be7111771aa55298a93da5f303b0076cc2,True,0.0,28.828717957949262,31.37507712491788,True,51.0,,native,compact,0.8529213750734925,ok,4830.5815180562695,4379.680482919375,5.57090795901604,144.0,no improving proposal,29.748114296971565,640.0,4.0,77ad349fab70eccd5c7595f5a2d76e7bcbe6b6d0b0201b086ad248033246c641,fecd2cde140107b0fae6a5d33e8df3bef9e426d79d75a3872287fd81679fd696,True,0.0,34.25664408400189,35.109565459075384,True,52.0,,3.0327778412540987,0.8936333080365088
n40-f5-s7-l0.75-k3,40,5,7,0.75,3,milp,compact,0.291765125002712,ok,1091.2127942958268,865.3666962137015,0.5705126660177484,34.0,no improving proposal,10.0,120.0,3.0,3800f2edd60f850c2eadd4b52a85dd0c9771335ea516ac47225e3206b1450e3c,0f5b6e1f3cc62bfe7794bfadfa0691d32dfc27700b81fc6af91ea6597445c5c0,True,0.0,2.046383000095375,2.338148125098087,,,,native,compact,0.1443909170338884,ok,1063.6403718711367,894.3733159910958,0.6022806250257418,32.0,no improving proposal,10.0,120.0,3.0,1686c7e3fa67944c7af4ad078e6c641c2364a4f29582d768f8a1840bdefcac11,a87718e4798523ff6f09550a4a97894615e09fb233947f77c29270476d4b260c,True,0.0,2.1352064580423757,2.279597375076264,,,,2.5922692626066084,1.0256846891744924
n40-f10-s7-l1-k3,40,10,7,1.0,3,milp,compact,0.5094756670296192,ok,1913.801293190326,1682.2421749569348,0.6795461250003427,42.0,no improving proposal,10.0,120.0,3.0,74521c492fcc2d6f2a7cf1e0d7ef586145618656c2094cf21ea22550c8a665ff,adf4cd7dd6638a95f1209ebfdb544a1ac2b72898526fbf9503b747217e68718b,True,0.0,3.508902249974198,4.018377917003818,True,118.0,,native,compact,0.1616200829157605,ok,1786.7728826282355,1583.9056168601196,0.6533900420181453,34.0,no improving proposal,10.0,120.0,3.0,be5dc72a76437019583121a0bfada9755519b45870d160d2e5d65831eba094d1,13a58811c319455f1d6d1900bce5193ac07c449880c82eed1a6b6ed6bbe7910d,True,0.0,2.791606166982092,2.9532262498978525,True,120.0,,7.1093764516528495,1.3606739128581182
n80-f10-s7-l1-k3,80,10,7,1.0,3,milp,compact,1.4733150829561057,ok,3250.8603336339665,2921.850987405412,1.3737907080212608,80.0,no improving proposal,20.0,240.0,3.0,d86c8d0e473786de1767de25061fb23147e81a0b155688e1b10d11115d015aaa,4151469360fb52382759b73be493f72b199cf2a10eb90c8342653c756dd1e1a1,True,0.0,10.880382541916331,12.35369762487244,,,,native,compact,0.2798853340791538,ok,3212.963346646419,2911.669756669729,1.449514291016385,74.0,no improving proposal,20.0,240.0,3.0,39f89ae7034f83b757ca440c17c3e11596dc2b5130618356bcd8de7725d481e4,ae7fddfd94174102ea5615fbfdeb14e47b9a6b876e592ae1fc59685b88fc7b85,True,0.0,10.461588917067274,10.741474251146428,,,,1.179502624177251,1.1500933052605828
n160-f10-s7-l1-k3,160,10,7,1.0,3,milp,compact,4.667631209013052,ok,9103.407565861004,7679.909238608195,6.99203425005544,172.0,no improving proposal,29.367450426148768,480.0,3.0,6349326727a4a98ef98180d2fa817a62e9cc4593c7759ae6e88e2ddf9dd7afeb,0ef834b473bdb42a74840b710757b814ad40cf6e2c4cad22eec61a63dec024ab,True,0.0,81.59599362500012,86.26362483401317,True,26.0,,native,compact,1.1539396670414137,ok,8593.820342415102,7257.068540647741,6.717548083979636,153.0,no improving proposal,29.27816550672675,480.0,3.0,27a04286ee1441f3955f5c2e333e1411b6cee82a7a67f14189a5f98098ab197a,708d3c410c9160faa5536591197ef8d05fa1afc96d32f4ebcc39f5211608c88d,True,0.0,103.64576670899989,104.79970637604129,True,26.0,,5.929693700144235,0.8231284973689036
n40-f10-s42-l1-k3,40,10,42,1.0,3,milp,compact,0.4747191669885069,ok,1464.4110858930496,1208.83229136178,1.2475118329748511,47.0,no improving proposal,10.0,160.0,4.0,89180bfcf91cdc74803b5d09388510482f718f501389ef06cda5dadf77b2789d,73985305c8d442ae59120d1ab8d493290166fee497312c48a5826cb7c3853fb5,True,0.0,4.623026791960001,5.097745958948508,,,,native,compact,0.1962038750061765,ok,1447.8652571791429,1187.5450386249847,1.0289670419879258,44.0,no improving proposal,10.0,160.0,4.0,8e83d62204afcdc108070fd21a4889adc8f1e82822f36e09b14fb1a6b835d16f,1cb172bdb25bff0a190f36a8ccb8f4961b8aef82fa35c98a1bdd3c6a4062de65,True,0.0,4.009150124969892,4.205353999976069,,,,1.1427740690554853,1.2122037666692311
n80-f10-s42-l1-k3,80,10,42,1.0,3,milp,compact,1.3938265830511227,ok,3706.2224816690536,3253.525842634094,2.1999240840086713,81.0,no improving proposal,20.0,240.0,3.0,206c341d783902663198d1024cac94bb256b343fbf6d8250239e58cc8382d084,5f8a8a26b03f4e25e46760a7eeced30b4e021caefe1159b5073c3b0454ae635d,True,0.0,9.748222541995348,11.14204912504647,True,69.0,,native,compact,0.4891135829966515,ok,3631.51183291808,3157.535738002007,2.3054325830889866,81.0,no improving proposal,20.0,240.0,3.0,e5578ec8690068e02d688ed9d4fb560d84492b77cd64d873f7ac3e42ea30d0e1,770709004578bedca25ddca16eab5bc008d761977de850e8d84074f3c549a9a6,True,0.0,14.21198724990245,14.7011008328991,True,68.0,,2.057287768519821,0.7579057685334728
n160-f10-s42-l1-k3,160,10,42,1.0,3,milp,compact,4.980341958929785,ok,8939.657054167583,6565.429930669956,8.131152666988783,193.0,no improving proposal,29.610146309978735,640.0,4.0,b991430d232b2b381cb39266483ab9202d265c3d008491dbc4d0eacb4e07008e,d65c363cccb90b99e8221574d41da3863f7f18d5ef343e87efb3ee648c04f5f4,True,0.0,49.39028108306229,54.37062304199208,,,,native,compact,0.9779936249833554,ok,8116.486071115585,6481.024166960794,6.197997667011805,159.0,no improving proposal,29.340732044954784,480.0,3.0,adfb6432016aa9816f984366ac6dd13cae1dc13e853a5bcad0b33bd023bb0872,2dba196d344ed427036d0fba78b535ee8fb3fe9b203ee9a68a49071f20ef86a4,True,0.0,82.35082995798439,83.32882358296774,,,,10.141962615835,0.6524827869177471
n80-f5-s7-l0.75-k3,80,5,7,0.75,3,milp,compact,0.7715685421135277,ok,1912.765477601826,1617.1057744019458,1.3013051669113338,58.0,no improving proposal,20.0,240.0,3.0,dc940f2971a91e9ae0c387444605fb38404a491595fb6e93e9aae0f719d9a29c,360c6bf28cc6ad9ac5a621220706ffb40b4d70f1d936dbeaaba98ba43524ae98,True,0.0,8.133318625041284,8.904887167154811,True,128.0,,native,compact,0.3096673340769484,ok,1872.046439402037,1661.2549849481277,1.2663959580240771,58.0,no improving proposal,20.0,240.0,3.0,f68dd5e1d9f9d1581abe68596f69fbdcaa7770d9505be05deccf34456931ef4d,278ab1d278cd31b59a8a32437667456944828381f7a9a9d4f9a7ff925ef28ea2,True,0.0,5.426930082961917,5.736597417038865,True,131.0,,2.175108338273661,1.552294246883262
n160-f5-s7-l0.75-k3,160,5,7,0.75,3,milp,compact,2.5929874170105904,ok,4586.305794284301,3229.9587218554134,3.763175875064917,163.0,no improving proposal,29.35868575809999,480.0,3.0,447e9919ffc540122660df08c2c61507f4105fff0d25c9d8c030bf45dbbf671b,ad65e0f4906dfdf567547638f5ade1393c5fcaebeb214a50c8d5ed03ab9f5e6c,True,0.0,43.260294417035766,45.85328183404635,,,,native,compact,0.8040357499849051,ok,4459.277391053905,3392.9179826352283,3.886495874961838,141.0,no improving proposal,29.230099376171285,480.0,3.0,63413965256151b68397e9a6b6269b60268b9c165b767b91bf140f1be0c6dd8d,6908584080793ab6376e9b1d1cb2b48a3eb886cbc39e38a37c1c3a2bafdad842,True,0.0,55.93176458298694,56.73580033297185,,,,2.848632011214117,0.8081895657581628
n40-f5-s7-l1.25-k3,40,5,7,1.25,3,milp,compact,0.2651907919207588,ok,956.3141611028302,791.131315799154,0.7635581250069663,41.0,no improving proposal,10.0,120.0,3.0,5261b17561d5085e14c9c082d4efad63315e0d484050d4b7928b24056f9faa63,7b18354d1181e22f524b56be3a56ebf4bd7de29a3d936d6bdd96152e9bf8f4e3,True,0.0,4.095596333034337,4.360787124955095,True,120.0,,native,compact,0.2048049590084701,ok,923.5088730028104,773.8067068083774,0.734966375050135,39.0,no improving proposal,10.0,120.0,3.0,54037e0e7aae7b92489ade3e3de7839ae92c68fe5d3cb176db4e70f401471469,32b6ff7d077a3fdbfd2acf5a55c03ff3d65fe1345785921f5e67ff5b05737dca,True,0.0,3.7521103750914335,3.956915334099904,True,120.0,,3.5522439533637193,1.102067331937761
