case,nodes,functions,seed,load_scale,degree,initial_backend,proposal_full,initial_seconds_full,status_full,welfare_full,auction_welfare_full,pg_seconds_full,pg_moves_full,pg_reason_full,pg_budget_full,pg_proposals_full,completed_sweeps_full,final_flow_full,final_replicas_full,feasible_full,fallbacks_full,tail_seconds_full,wall_seconds_full,prefix_equal_full,common_prefix_full,error_full,proposal_compact,initial_seconds_compact,status_compact,welfare_compact,auction_welfare_compact,pg_seconds_compact,pg_moves_compact,pg_reason_compact,pg_budget_compact,pg_proposals_compact,completed_sweeps_compact,final_flow_compact,final_replicas_compact,feasible_compact,fallbacks_compact,tail_seconds_compact,wall_seconds_compact,prefix_equal_compact,common_prefix_compact,error_compact,pg_throughput_speedup,wall_speedup,welfare_gain_pct,uncensored,compact_within_lower_cap
n10-f5-s4850-l1-k3,10,5,4850,1.0,3,native,full,0.0411475830478593,ok,179.72943799574892,154.75737371677567,0.2375945000676438,10.0,no improving proposal,2.5,30.0,3.0,63b0dbc8b2a0156a7c90f2048b59cd8d707ea41dcea060f2adace28ea8aefe7d,cfe93a52dfa535cd80b5150ebf69f1ab771765ae94e25f6b653a079e538ff95a,True,0.0,0.6942386669106781,0.7353862499585375,,,,compact,0.0411475830478593,ok,179.72943799574892,154.75737371677567,0.1512612499063834,10.0,no improving proposal,2.5,30.0,3.0,63b0dbc8b2a0156a7c90f2048b59cd8d707ea41dcea060f2adace28ea8aefe7d,cfe93a52dfa535cd80b5150ebf69f1ab771765ae94e25f6b653a079e538ff95a,True,0.0,0.5564661669777706,0.59761375002563,True,30.0,,1.570755895609038,1.2305377008594578,0.0,True,True
n10-f5-s4850-l1-k3,10,5,4850,1.0,3,milp,full,0.0971785000292584,ok,177.1335049119597,154.3962553299873,0.1578825000906363,9.0,no improving proposal,2.5,20.0,2.0,972351475fb82044f46dcd3f6a7294532b9ec4b1cdf126c1aacd9dba1c924725,622ba2e07e60c3d8fb03477b574d12ae8f6d9a8e7519e1d39a9b3cbea1393f55,True,0.0,0.724039166001603,0.8212176660308614,,,,compact,0.0971785000292584,ok,177.1335049119597,154.3962553299873,0.0993411249946802,9.0,no improving proposal,2.5,20.0,2.0,972351475fb82044f46dcd3f6a7294532b9ec4b1cdf126c1aacd9dba1c924725,622ba2e07e60c3d8fb03477b574d12ae8f6d9a8e7519e1d39a9b3cbea1393f55,True,0.0,0.732389000011608,0.8295675000408664,True,20.0,,1.5892964781613963,0.9899347141617848,0.0,True,True
n20-f5-s2026-l1-k3,20,5,2026,1.0,3,native,full,0.0799985410412773,ok,468.5393611775011,375.8468048839246,0.9301235839957372,20.0,no improving proposal,5.0,60.0,3.0,495f88639baa1f1c64596a36ad5e4618a1eca61c938ef8f8734b6ba59b5f099d,a60de9a31b5142e68aca40ebacc8a313d80b3d65fea73b2d04a9372a99351d08,True,0.0,1.3460084999678656,1.426007041009143,True,60.0,,compact,0.0799985410412773,ok,468.5393611775011,375.8468048839246,0.2757400419795885,20.0,no improving proposal,5.0,60.0,3.0,495f88639baa1f1c64596a36ad5e4618a1eca61c938ef8f8734b6ba59b5f099d,a60de9a31b5142e68aca40ebacc8a313d80b3d65fea73b2d04a9372a99351d08,True,0.0,0.6612758750561625,0.7412744160974398,,,,3.373190115291957,1.9237235361724607,0.0,True,True
n20-f5-s2026-l1-k3,20,5,2026,1.0,3,milp,full,0.0989720000652596,ok,479.19475353048665,396.78187068485266,0.9009317079326138,18.0,no improving proposal,5.0,60.0,3.0,4411b855edc3fc9e6323671e28122887c0df51908ae83b6a1f2c10dd1c6b7c1a,192064c69473b5bc6042acb540930198670f8fad3f81c8c31b93b079aa772890,True,0.0,1.4690711660077795,1.5680431660730392,True,60.0,,compact,0.0989720000652596,ok,479.19475353048665,396.78187068485266,0.2815607920056209,18.0,no improving proposal,5.0,60.0,3.0,4411b855edc3fc9e6323671e28122887c0df51908ae83b6a1f2c10dd1c6b7c1a,192064c69473b5bc6042acb540930198670f8fad3f81c8c31b93b079aa772890,True,0.0,0.8047839580103755,0.9037559580756352,,,,3.1997768635152446,1.735029409279767,0.0,True,True
n40-f5-s7-l1-k3,40,5,7,1.0,3,native,full,0.174687874969095,ok,1003.4072477942054,814.794600746575,5.309675041004084,33.0,no improving proposal,10.0,120.0,3.0,59990ea6261b006223805397c28af9f3a3a230d82ce938c92877ab4bf859d468,9dd431b22acabeb098768a39660c7638ce54ffeef51ce69b6faea80e5b206f9b,True,0.0,6.880128459073603,7.054816334042698,,,,compact,0.174687874969095,ok,1003.4072477942054,814.794600746575,0.6809814169537276,33.0,no improving proposal,10.0,120.0,3.0,59990ea6261b006223805397c28af9f3a3a230d82ce938c92877ab4bf859d468,9dd431b22acabeb098768a39660c7638ce54ffeef51ce69b6faea80e5b206f9b,True,0.0,2.3609544169157743,2.5356422918848693,True,120.0,,7.797092415173606,2.782260083222741,0.0,True,True
n40-f5-s7-l1-k3,40,5,7,1.0,3,milp,full,0.2469609159743413,ok,1020.8561036787996,803.6977773769188,5.318248791969381,37.0,no improving proposal,10.0,120.0,3.0,fff2e5074e413b07e670bcbcc07faeb15ea42367afe2636efc6adbdb7a425756,aa514c4b1e28d898ee415f26243aa0b1195326a352161a8edebbcfbfb835a3d3,True,0.0,6.721547625027597,6.968508541001938,,,,compact,0.2469609159743413,ok,1020.8561036787996,803.6977773769188,0.6825885829748586,37.0,no improving proposal,10.0,120.0,3.0,fff2e5074e413b07e670bcbcc07faeb15ea42367afe2636efc6adbdb7a425756,aa514c4b1e28d898ee415f26243aa0b1195326a352161a8edebbcfbfb835a3d3,True,0.0,2.0127987500745803,2.2597596660489216,True,120.0,,7.791294675324603,3.083738791207842,0.0,True,True
n80-f5-s7-l1-k3,80,5,7,1.0,3,native,full,0.3616292920196429,ok,1720.2279196650445,1494.622047612562,20.23250587505754,69.0,time budget exhausted,20.0,123.0,1.0,a6440372e77cd09d7f23ae9979fc1b51a0255350c12302c1a607f5297a575a74,b6c115d40200311f0d9bcd423a6df50780a91ae00410c0748d206db0c06ef312,True,0.0,25.071400917018764,25.433030209038407,True,123.0,,compact,0.3616292920196429,ok,1720.2279196650445,1494.622047612562,1.5954609159380198,69.0,no improving proposal,20.0,240.0,3.0,a6440372e77cd09d7f23ae9979fc1b51a0255350c12302c1a607f5297a575a74,b6c115d40200311f0d9bcd423a6df50780a91ae00410c0748d206db0c06ef312,True,0.0,6.458743292023428,6.820372584043071,,,,24.743984543679257,3.728979596883237,0.0,False,True
n80-f5-s7-l1-k3,80,5,7,1.0,3,milp,full,0.7970140830148011,ok,1764.9478129255797,1506.306361862185,20.061763667035848,64.0,time budget exhausted,20.0,117.0,1.0,e76cefc74d53a2de4a9073948f11a30a1614326be972877ca9a0d37042981f25,7b6f7252c4924e35a96b33deaba89817b605f4ee9ff595bd29f588ba0842656c,True,0.0,29.696032125037163,30.493046208051965,True,117.0,,compact,0.7970140830148011,ok,1765.2129342960611,1506.306361862185,1.7478517499985171,65.0,no improving proposal,20.0,240.0,3.0,43adc76da83af524d107eda8a7ae74b50f02843382417fd3854103e46f965372,f93c33952e4372b320a6de2eee2a1d9090a7f0dd56434e6bb80563b11bccc1f9,True,0.0,11.710514541016892,12.507528624031693,,,,23.544522999326425,2.437975328672308,0.0150214849719535,False,True
n160-f5-s7-l1-k3,160,5,7,1.0,3,native,full,0.929496792028658,ok,3159.6571633181925,3022.423114482833,29.746728832949884,44.0,time budget exhausted,29.19646562091425,45.0,0.0,f57a51ef757a8bf74bfe0b8efb38da4981f6637b8aa1020335b01512dfec972a,eeb3d00ad50b79ac7844ae06e74643e49d3fa157edeef40b54bd858598a22583,True,0.0,91.74335200001951,92.67284879204816,,,,compact,0.929496792028658,ok,3988.1208564729345,3022.423114482833,4.4972988329827785,152.0,no improving proposal,29.262936950091948,480.0,3.0,363596be562effcb5bc4a6e89dcfefab0834dd041ea43bb7eac5ecf270b46d69,cf71ab1a9f09ced07fd610e38687a3159952f86c6e24429356b9235233ac6cd3,True,0.0,63.14595641603228,64.07545320806094,True,45.0,,70.55311480699504,1.4463081281864356,26.220050161540637,False,True
n160-f5-s7-l1-k3,160,5,7,1.0,3,milp,full,3.156359790940769,ok,3129.0724155311427,2986.9540262383375,29.77160558302421,46.0,time budget exhausted,29.351930687942737,49.0,0.0,008a65ac03f71377309cf966ad33e6465c70b445a378b81165e3823199b4d776,ce9781ac9ab04df0ba339ff0b313e611581dcfb8bf0233a968e676495d225a0d,True,0.0,72.3142692920519,75.47062908299267,,,,compact,3.156359790940769,ok,4209.540197978404,2986.9540262383375,4.284367958083749,173.0,no improving proposal,29.311829508642123,480.0,3.0,a28ab4aaa37bf94657203eb9ef8678f5d422ad1a587ad1ddda8d2c7027d29365,01eb52be866da6c5aa967227e1f9c63dc0055e152b4e989991efd90a2434111f,True,0.0,48.49215854110662,51.64851833204739,True,49.0,,68.07076815283537,1.461235123876998,34.52997051408468,False,True
n40-f5-s42-l1-k3,40,5,42,1.0,3,native,full,0.1785177920246496,ok,727.1345468673516,721.9695350235309,5.462405917001888,12.0,no improving proposal,10.0,120.0,3.0,d8fd3770363e786b6e3a7e9bfbf5142d4c45133b1d534b881a46c2eae00182f0,4edbe0fda280693ab7eeb6c11f0bb93e5a4a28875ceffaae6e8c6c2a63995856,True,0.0,7.219733500038274,7.398251292062923,True,120.0,,compact,0.1785177920246496,ok,727.1345468673516,721.9695350235309,0.6495436249533668,12.0,no improving proposal,10.0,120.0,3.0,d8fd3770363e786b6e3a7e9bfbf5142d4c45133b1d534b881a46c2eae00182f0,4edbe0fda280693ab7eeb6c11f0bb93e5a4a28875ceffaae6e8c6c2a63995856,True,0.0,2.410093000042252,2.588610792066902,,,,8.409605925074016,2.8580006367646007,0.0,True,True
n40-f5-s42-l1-k3,40,5,42,1.0,3,milp,full,0.2686225830111652,ok,727.1345468673516,721.9695350235309,5.326304499991238,12.0,no improving proposal,10.0,120.0,3.0,d8fd3770363e786b6e3a7e9bfbf5142d4c45133b1d534b881a46c2eae00182f0,4edbe0fda280693ab7eeb6c11f0bb93e5a4a28875ceffaae6e8c6c2a63995856,True,0.0,7.143244624952786,7.411867207963951,True,120.0,,compact,0.2686225830111652,ok,727.1345468673516,721.9695350235309,0.6714929169975221,12.0,no improving proposal,10.0,120.0,3.0,d8fd3770363e786b6e3a7e9bfbf5142d4c45133b1d534b881a46c2eae00182f0,4edbe0fda280693ab7eeb6c11f0bb93e5a4a28875ceffaae6e8c6c2a63995856,True,0.0,2.529450625064783,2.798073208075948,,,,7.932033779011392,2.6489182579538753,0.0,True,True
n80-f5-s42-l1-k3,80,5,42,1.0,3,native,full,0.3667662909720093,ok,1780.1534353135703,1171.958999234026,20.07658995897509,77.0,time budget exhausted,20.0,128.0,1.0,be993d30d8e1fd51cef9fa9138029ddf4b63961bbe80889ee407c5c145799519,ff8a91fb1f6e9b29c863fc338695f2b334dd6c3addb4a4df8da918225ded4d41,True,0.0,29.289133375044912,29.65589966601692,,,,compact,0.3667662909720093,ok,1780.4209479385706,1171.958999234026,1.4504439579322934,79.0,no improving proposal,20.0,240.0,3.0,772709e938bf2538d321cf453e62206c4ab428182c6c0c96391755777b629e1a,5353e4c9eb088c8e60a9fc29e90c9f14c98884c9ec0284180cbe9a13cf9ac135,True,0.0,10.6345412080409,11.00130749901291,True,128.0,,25.953161421515254,2.6956704617771834,0.0150275037922904,False,True
n80-f5-s42-l1-k3,80,5,42,1.0,3,milp,full,0.7956055829999968,ok,1838.6594983101131,1239.5092743157277,20.15156537492294,81.0,time budget exhausted,20.0,128.0,1.0,5674edd057ba3fe832c7adeaa8705e17a494127c29ebd30c75df116e3fd6ab08,355429c62b5bb64b6f366280c3bf7924f10c80f5e59054c1e68a0bc419f2d3bf,True,0.0,32.243991082999855,33.03959666599985,,,,compact,0.7956055829999968,ok,1838.9298098226136,1239.5092743157277,1.4227236249716952,83.0,no improving proposal,20.0,240.0,3.0,25ea1d65006abf7f45070f237bd8e703763a8c8e4bba7551c0d07c2032dc560b,355429c62b5bb64b6f366280c3bf7924f10c80f5e59054c1e68a0bc419f2d3bf,True,0.0,12.586864334065467,13.382469917065464,True,128.0,,26.557642267824303,2.4688713571377,0.0147015536454098,False,True
n160-f5-s42-l1-k3,160,5,42,1.0,3,native,full,0.4276218749582767,ok,4367.187323119616,4323.734820581857,30.36452675005421,49.0,time budget exhausted,29.72479059748398,52.0,0.0,d8da0013b3df84894ee9e750fe9f7490f05ade071781a7aab9c1fc62e7f5fe61,c5b65d986fe071aa24765b5a3df8ceafbaf9cdc55e7f09fd2de1d869537a28b1,True,0.0,53.34447358397301,53.77209545893129,True,52.0,,compact,0.4276218749582767,ok,4589.757654452,4323.734820581857,2.9264275840250775,125.0,no improving proposal,29.71594581864733,480.0,3.0,dc3e41829740aa56486d47c0feeede165560ec21f45f47abc7e50c5d6427771f,cbab9681eac4e4e695c7af3b5057bec13d23402a7b9760f149d2b080d4cba85c,True,0.0,26.49566433392465,26.923286208882928,,,,95.77819070641584,1.9972337344610631,5.096422820109192,False,True
n160-f5-s42-l1-k3,160,5,42,1.0,3,milp,full,2.591912959003821,ok,4417.753640453007,4387.840207980945,30.300347291049547,36.0,time budget exhausted,29.75032259981492,52.0,0.0,a1858384015b7a389e2755f5e32010d7972b4025d1e99ebc1bc36b97c948cc4a,5c62146d9573df0fb931803c9ce74411ba8d52ff480b1840d41b884bfbd1cca5,True,0.0,52.350329209002666,54.94224216800649,True,52.0,,compact,2.591912959003821,ok,4770.694952666042,4387.840207980945,2.7950060410657898,118.0,no improving proposal,29.748882044827862,480.0,3.0,b1ad6bf739731ab0178c58599d174c73a7d0cab7fab6edbe8549e4f727d11dbd,774191c231349502faf95901e15be9ff1d33c51574bd1c5808c74988fdf35a3b,True,0.0,24.959640874993056,27.551553833996877,,,,100.0697348579571,1.9941612911940825,7.989157860256849,False,True
n40-f5-s99-l1-k3,40,5,99,1.0,3,native,full,0.2143118749372661,ok,1114.5059292934864,1076.7981541756164,5.376901292009279,29.0,no improving proposal,10.0,120.0,3.0,201fa950365c3fd2c44bdd42c5b8a3395a3d2961ba43fc0bbba147cc4a5a771c,b5277ee0bd3ab9b93d4c338068d8a204b0632d5fc8747da16ed8a74d23662ce4,True,0.0,6.659157334011979,6.8734692089492455,,,,compact,0.2143118749372661,ok,1114.5059292934864,1076.7981541756164,0.7548772080335766,29.0,no improving proposal,10.0,120.0,3.0,201fa950365c3fd2c44bdd42c5b8a3395a3d2961ba43fc0bbba147cc4a5a771c,b5277ee0bd3ab9b93d4c338068d8a204b0632d5fc8747da16ed8a74d23662ce4,True,0.0,2.089183082920499,2.3034949578577653,True,120.0,,7.122882019468942,2.983930650901674,0.0,True,True
n40-f5-s99-l1-k3,40,5,99,1.0,3,milp,full,0.2468566669849679,ok,1146.0393763646712,1087.65736310444,3.5316667499719188,28.0,no improving proposal,10.0,80.0,2.0,649c595e480905d9e2ded84aba343ce9071b98ffc5b3baee488a89e4369ce01a,0e5b48890d392a0754e5047b6a6dc89afd7af29729681f351d3f25db45553a6f,True,0.0,6.449205541051924,6.696062208036892,,,,compact,0.2468566669849679,ok,1146.0393763646712,1087.65736310444,0.496486208983697,28.0,no improving proposal,10.0,80.0,2.0,649c595e480905d9e2ded84aba343ce9071b98ffc5b3baee488a89e4369ce01a,0e5b48890d392a0754e5047b6a6dc89afd7af29729681f351d3f25db45553a6f,True,0.0,3.325407207943499,3.572263874928467,True,80.0,,7.113322960573689,1.8744590104422163,0.0,True,True
n80-f5-s99-l1-k3,80,5,99,1.0,3,native,full,0.1412545419298112,ok,2004.266084511296,1689.3991767181783,20.04612808302045,76.0,time budget exhausted,20.0,134.0,1.0,013274c20f20696c5e6137eba96c899eb0f316d7d6a6689ab33bbcc74271f576,778ed4ab77cb50b61a5c90a54ee67d6511e92097cf8964725f3b62f2ef08892d,True,0.0,29.48320579191204,29.624460333841853,True,134.0,,compact,0.1412545419298112,ok,2004.266084511296,1689.3991767181783,0.7803057089913636,76.0,no improving proposal,20.0,240.0,3.0,013274c20f20696c5e6137eba96c899eb0f316d7d6a6689ab33bbcc74271f576,778ed4ab77cb50b61a5c90a54ee67d6511e92097cf8964725f3b62f2ef08892d,True,0.0,10.219746833085082,10.361001375014894,,,,46.01211111337853,2.859227526528465,0.0,False,True
n80-f5-s99-l1-k3,80,5,99,1.0,3,milp,full,0.7475861660204828,ok,2219.789383840718,1711.891977518091,20.130645249970257,74.0,time budget exhausted,20.0,134.0,1.0,a25f7573886913b1b675294a51aa6fca49c9aa9ed1b2f01d2f47eeb7731bfc0e,3e1a321259117789bfe9c3cd75a09969408bd9e9b25b012db8024d17210273c6,True,0.0,26.39570712496061,27.14329329098109,True,134.0,,compact,0.7475861660204828,ok,2220.807583840718,1711.891977518091,0.7837660409277305,75.0,no improving proposal,20.0,240.0,3.0,6e9f6763b0bc2f4ade7926496c7b4984dcc2ec50df1ca7a2334801f6a85d34c1,ecbebdec47e88cd56750239ed8172ea8d654eb49c40e03562f0543c60fa5e1c9,True,0.0,7.213897417066619,7.961483583087102,,,,46.00210411284795,3.4093260392626665,0.0458692165757758,False,True
n160-f5-s99-l1-k3,160,5,99,1.0,3,native,full,0.740111666964367,ok,2950.369089896934,2864.4272170010836,29.822886666981503,43.0,time budget exhausted,29.69088980469348,51.0,0.0,505833c1816f3db5cc812d245121719613e793602f90888373a43aa85f76d848,ce93a7b0f7536ff5f6c50807a1232fb3aff127a93d51dee0721cb5f40c57688a,True,0.0,57.25303387490567,57.993145541870035,,,,compact,0.740111666964367,ok,3722.3031024574134,2864.4272170010836,3.9378092500846833,154.0,no improving proposal,29.690379257569,480.0,3.0,1222aede98d2a553fe9cc535534a721c170d3a7f5b90b20cd4924302e9c93743,3073f1f2c18c1e34994436afb529be3ebcb822df3c810b9a04902c85735c6b49,True,0.0,31.45913400000427,32.199245666968636,True,51.0,,71.27973305303951,1.8010715574421634,26.163981150827663,False,True
n160-f5-s99-l1-k3,160,5,99,1.0,3,milp,full,2.554374250001274,ok,3047.6773048182117,2939.06935750019,29.744416250032373,43.0,time budget exhausted,29.354420904402616,51.0,0.0,8fb16b5cf19f3a9d7b94adc51ba233f5aac28571d85dff46841640081b8d76f8,31adcdd9e9c623c49065ac062e4c1ccc07ee7d0e7f6074c63d00d5d621af9007,True,0.0,75.6074610420037,78.16183529200498,,,,compact,2.554374250001274,ok,4058.883828176066,2939.06935750019,3.9331625419436023,160.0,no improving proposal,29.3465666244599,480.0,3.0,c154de30059de3fba8988c3276c16430a6fa71ee075d94ccfb5cedc0113ccce4,a6168a24ccdfdd259f5f8dfd7a2b2d623408bc457f299103fba1b4dfddaf1af7,True,0.0,50.19928649999201,52.75366074999329,True,51.0,,71.17617033970585,1.4816381305256607,33.179579798661486,False,True
n40-f5-s123-l1-k3,40,5,123,1.0,3,native,full,0.2055892910575494,ok,1011.571996770114,790.2977099407613,3.5433016249444336,34.0,no improving proposal,10.0,80.0,2.0,fc16de8902b8748ccb9e720684e3678daa9726fa680542ad18ca95238ce74929,ce8d670d962915addc96c9a491b328a9e73f7f8441b14900674d0027d46f53af,True,0.0,7.214167332975194,7.419756624032743,True,80.0,,compact,0.2055892910575494,ok,1011.571996770114,790.2977099407613,0.4994767090538516,34.0,no improving proposal,10.0,80.0,2.0,fc16de8902b8748ccb9e720684e3678daa9726fa680542ad18ca95238ce74929,ce8d670d962915addc96c9a491b328a9e73f7f8441b14900674d0027d46f53af,True,0.0,4.333825042005628,4.539414333063178,,,,7.094027730855432,1.634518481820522,0.0,True,True
n40-f5-s123-l1-k3,40,5,123,1.0,3,milp,full,0.2562239579856395,ok,1025.0056241832367,805.9992938875691,5.420714500010945,34.0,no improving proposal,10.0,120.0,3.0,8f23286e989e31961659d359ea6a99f4e2e2da9a5404b73fb9ec0adcb9c80ab6,07d928849143b6cf5ae7b16b3f085e4e179667a2df15f27a2e115e76ad8a0fae,True,0.0,8.495212584035471,8.75143654202111,True,120.0,,compact,0.2562239579856395,ok,1025.0056241832367,805.9992938875691,0.753580000018701,34.0,no improving proposal,10.0,120.0,3.0,8f23286e989e31961659d359ea6a99f4e2e2da9a5404b73fb9ec0adcb9c80ab6,07d928849143b6cf5ae7b16b3f085e4e179667a2df15f27a2e115e76ad8a0fae,True,0.0,3.828188957995735,4.084412915981375,,,,7.193283393768974,2.142642460995738,0.0,True,True
n80-f5-s123-l1-k3,80,5,123,1.0,3,native,full,0.3407872499665245,ok,2392.567517716282,1888.3971816370563,20.03347379202023,76.0,time budget exhausted,20.0,131.0,1.0,c008b534488c68601a2f29ef4a16041fe4030bbaad2e9a5f7c5e4ff47f02145f,894a80e7caf111b43766df9559b021560c3171906d496b47bbd3ee0b15b0029b,True,0.0,29.760963541921228,30.101750791887753,,,,compact,0.3407872499665245,ok,2392.7125754305675,1888.3971816370563,1.4225022080354393,78.0,no improving proposal,20.0,240.0,3.0,9b37490d3f2c5cd7785ad779ef0f07f27c2b09fbc44017c1246938244bd89f76,894a80e7caf111b43766df9559b021560c3171906d496b47bbd3ee0b15b0029b,True,0.0,11.058255790965632,11.399043040932156,True,131.0,,25.80139925119436,2.64072612795628,0.0060628472639277,False,True
n80-f5-s123-l1-k3,80,5,123,1.0,3,milp,full,0.7776387919439003,ok,2486.3156792241593,1892.9358474353771,20.047637916053645,81.0,time budget exhausted,20.0,131.0,1.0,92881d9a0423b5e3299b54dcf8a0d6a51f3cc20fe976d06c055245f07c37cc2e,b43c8647e65dec24109d402cafbcce8956d4f2eaece8b2d7fc12718fbe3379f4,True,0.0,28.72617433394771,29.50381312589161,,,,compact,0.7776387919439003,ok,2486.71506136179,1892.9358474353771,1.8888805001042783,83.0,no improving proposal,20.0,320.0,4.0,c9a0e8726c10ac9f9acf642b530dba5dc9d3b47a57090e7b099daf369c5330ee,131f0fe20b2afcb30412ba32781b862c61d45560bfb2c0ee6fd05fd896f45b3f,True,0.0,10.567734500044024,11.345373291987926,True,131.0,,25.92611298485295,2.6005149735114603,0.0160632111589037,False,True
n160-f5-s123-l1-k3,160,5,123,1.0,3,native,full,0.7346058749826625,ok,3558.4661795319803,3290.0762138383584,30.05427770805545,49.0,time budget exhausted,29.43523091772834,52.0,0.0,ca2cb6a84091bf17e94c5bf64581eec5654a4843747caf87cab0537216284f52,c83ee4a1eddc9bc8a8717b8002f95bc70110cebddd34f51792dfa856781eea73,True,0.0,74.75006279197987,75.48466866696253,True,52.0,,compact,0.7346058749826625,ok,4703.82999227821,3290.0762138383584,3.9033151669427752,148.0,no improving proposal,29.43446315369596,480.0,3.0,0bdfbd80d402e960b84d2bfe8daacdb56089ebfeaa5668a9e8b64e399df21b60,65a79b70c6d7273cd4aeb327e995e214919ebccc7b61d4b64f0c91bd93a9c8d1,True,0.0,48.65065287507605,49.38525875005871,,,,71.07396919162973,1.5284858392459633,32.18700853008728,False,True
n160-f5-s123-l1-k3,160,5,123,1.0,3,milp,full,2.6283011250197887,ok,3517.0770917156124,3264.5507870669585,29.49494925001636,48.0,time budget exhausted,29.382709385656057,51.0,0.0,1a9704a5357b2fdd397da849e7dc45a63b8bdf639e17b6754a92b98d3366454f,25088c41a48f9dddd7e4b6e87c36693acce53b4f71570b09f9dde9736bf39d68,True,0.0,69.29214737506118,71.92044850008097,True,51.0,,compact,2.6283011250197887,ok,5040.843584082422,3264.5507870669585,3.8695690410677344,167.0,no improving proposal,29.372106974896717,480.0,3.0,430873a853a3c5fa21179ea087993b4b4482bdc01877d35b5d3866627d92e57f,9691094490d7bac0df0c6b3db9ad4ea7270f320d421aaa599ad9b44795092a53,True,0.0,43.84842870791908,46.47672983293887,,,,71.73913151747172,1.5474507083135975,43.32479648956243,False,True
n40-f5-s2026-l1-k3,40,5,2026,1.0,3,native,full,0.0651192079531028,ok,1008.0045450343886,852.2512746170644,4.726388292037882,30.0,no improving proposal,10.0,120.0,3.0,ce5e0546c3cb48047f764568b6e1824001f083d7296c8120f59169f4cf371a8e,7e94dc7ff4eac87d6f2b5c0cd4a9bd7a81d5332a58eaa6566739dc165bd9f980,True,0.0,6.196474957978353,6.261594165931456,,,,compact,0.0651192079531028,ok,1008.0045450343886,852.2512746170644,0.2822272920748219,30.0,no improving proposal,10.0,120.0,3.0,ce5e0546c3cb48047f764568b6e1824001f083d7296c8120f59169f4cf371a8e,7e94dc7ff4eac87d6f2b5c0cd4a9bd7a81d5332a58eaa6566739dc165bd9f980,True,0.0,1.84924825001508,1.9143674579681829,True,120.0,,16.74674429000601,3.270842355718483,0.0,True,True
n40-f5-s2026-l1-k3,40,5,2026,1.0,3,milp,full,0.2507492499426007,ok,1043.4668732630269,857.8705661378641,4.774593041976914,31.0,no improving proposal,10.0,120.0,3.0,6eb62c8ee6294d4647ca6bc7a2da6b9486bfc97307f1c9bc75a807eb559392ad,ac8ebccebb928da8ee897b463cae72f8dda0f6aed15a9432fa4fc7aa765c1a5f,True,0.0,6.915211500017904,7.1659607499605045,,,,compact,0.2507492499426007,ok,1043.4668732630269,857.8705661378641,0.2752627920126542,31.0,no improving proposal,10.0,120.0,3.0,6eb62c8ee6294d4647ca6bc7a2da6b9486bfc97307f1c9bc75a807eb559392ad,ac8ebccebb928da8ee897b463cae72f8dda0f6aed15a9432fa4fc7aa765c1a5f,True,0.0,2.3994647919898853,2.650214041932486,True,120.0,,17.34558095217395,2.7039177351634667,0.0,True,True
n80-f5-s2026-l1-k3,80,5,2026,1.0,3,native,full,0.3379218330373987,ok,2447.9690819811776,2438.070227323267,20.136384124984033,27.0,time budget exhausted,20.0,132.0,1.0,28f78d0e25cbc0e0ee574087e0eac363b9c1049cfee44e34690804911e33c4bb,43f604aa92c90c7f25e882a535edc00721c0116f61f5e14fefa7f88e2504f6d1,True,0.0,23.795569582958706,24.133491415996104,True,132.0,,compact,0.3379218330373987,ok,2447.9690819811776,2438.070227323267,1.415260958019644,27.0,no improving proposal,20.0,240.0,3.0,28f78d0e25cbc0e0ee574087e0eac363b9c1049cfee44e34690804911e33c4bb,43f604aa92c90c7f25e882a535edc00721c0116f61f5e14fefa7f88e2504f6d1,True,0.0,5.159951040986925,5.497872874024324,,,,25.86915670393474,4.389605210775074,0.0,False,True
n80-f5-s2026-l1-k3,80,5,2026,1.0,3,milp,full,0.7425865000113845,ok,2447.9690819811776,2438.070227323267,20.11194787500426,27.0,time budget exhausted,20.0,132.0,1.0,28f78d0e25cbc0e0ee574087e0eac363b9c1049cfee44e34690804911e33c4bb,43f604aa92c90c7f25e882a535edc00721c0116f61f5e14fefa7f88e2504f6d1,True,0.0,23.878826583037153,24.621413083048537,True,132.0,,compact,0.7425865000113845,ok,2447.9690819811776,2438.070227323267,1.3730793750146404,27.0,no improving proposal,20.0,240.0,3.0,28f78d0e25cbc0e0ee574087e0eac363b9c1049cfee44e34690804911e33c4bb,43f604aa92c90c7f25e882a535edc00721c0116f61f5e14fefa7f88e2504f6d1,True,0.0,5.128541999962181,5.871128499973565,,,,26.631510617631488,4.193642343743523,0.0,False,True
n160-f5-s2026-l1-k3,160,5,2026,1.0,3,native,full,0.8529213750734925,ok,4435.26857813996,4379.680482919375,30.24522741592955,49.0,time budget exhausted,29.760647607628183,52.0,0.0,20acee19e87fa71e833f636cce9defbf5db1a74d5f581bd2d507a5b40f13c46f,c7b622d328ee3acce9edc1527b915145c7177879fb8c7dd3ac100b867a07896e,True,0.0,57.81561749998946,58.66853887506295,,,,compact,0.8529213750734925,ok,4830.5815180562695,4379.680482919375,5.57090795901604,144.0,no improving proposal,29.748114296971565,640.0,4.0,77ad349fab70eccd5c7595f5a2d76e7bcbe6b6d0b0201b086ad248033246c641,fecd2cde140107b0fae6a5d33e8df3bef9e426d79d75a3872287fd81679fd696,True,0.0,34.25664408400189,35.109565459075384,True,52.0,,66.82015850019337,1.6710129592303988,8.912942541172878,False,True
n160-f5-s2026-l1-k3,160,5,2026,1.0,3,milp,full,2.546359166968614,ok,4489.648524966465,4433.854555383322,30.46166379097849,43.0,time budget exhausted,29.786471303613308,51.0,0.0,5a12d3b0a25dc2cfeec7f1fa3f26cd92acd93cf5d83396585119b5091b389a62,401fb995834acba3cda7620ee4947b88210606c4f2909c7d273daf2268413efb,True,0.0,53.21012808405794,55.75648725102656,,,,compact,2.546359166968614,ok,4977.082323939596,4433.854555383322,5.052565542049706,150.0,no improving proposal,29.777278648204184,480.0,3.0,0082cd2769e5c13b942c445f60d869a92c5a05333a26dd6c530fe214eb0d503d,71db6e0666e773d5e66af64fd5d217be7111771aa55298a93da5f303b0076cc2,True,0.0,28.828717957949262,31.37507712491788,True,51.0,,56.743056525315104,1.777094826860047,10.85683648202221,False,True
n40-f5-s7-l0.75-k3,40,5,7,0.75,3,native,full,0.1443909170338884,ok,1063.6403718711367,894.3733159910958,5.464421999990009,32.0,no improving proposal,10.0,120.0,3.0,1686c7e3fa67944c7af4ad078e6c641c2364a4f29582d768f8a1840bdefcac11,a87718e4798523ff6f09550a4a97894615e09fb233947f77c29270476d4b260c,True,0.0,6.978135915938765,7.122526832972653,True,120.0,,compact,0.1443909170338884,ok,1063.6403718711367,894.3733159910958,0.6022806250257418,32.0,no improving proposal,10.0,120.0,3.0,1686c7e3fa67944c7af4ad078e6c641c2364a4f29582d768f8a1840bdefcac11,a87718e4798523ff6f09550a4a97894615e09fb233947f77c29270476d4b260c,True,0.0,2.1352064580423757,2.279597375076264,,,,9.07288359102778,3.1244670268732735,0.0,True,True
n40-f5-s7-l0.75-k3,40,5,7,0.75,3,milp,full,0.291765125002712,ok,1091.2127942958268,865.3666962137015,5.364324124995619,34.0,no improving proposal,10.0,120.0,3.0,3800f2edd60f850c2eadd4b52a85dd0c9771335ea516ac47225e3206b1450e3c,0f5b6e1f3cc62bfe7794bfadfa0691d32dfc27700b81fc6af91ea6597445c5c0,True,0.0,6.84081933402922,7.132584459031932,True,120.0,,compact,0.291765125002712,ok,1091.2127942958268,865.3666962137015,0.5705126660177484,34.0,no improving proposal,10.0,120.0,3.0,3800f2edd60f850c2eadd4b52a85dd0c9771335ea516ac47225e3206b1450e3c,0f5b6e1f3cc62bfe7794bfadfa0691d32dfc27700b81fc6af91ea6597445c5c0,True,0.0,2.046383000095375,2.338148125098087,,,,9.402638091173838,3.0505272024768386,0.0,True,True
n40-f10-s7-l1-k3,40,10,7,1.0,3,native,full,0.1616200829157605,ok,1786.7728826282355,1583.9056168601196,9.454993458930405,34.0,no improving proposal,10.0,120.0,3.0,be5dc72a76437019583121a0bfada9755519b45870d160d2e5d65831eba094d1,13a58811c319455f1d6d1900bce5193ac07c449880c82eed1a6b6ed6bbe7910d,True,0.0,11.499338458990678,11.66095854190644,,,,compact,0.1616200829157605,ok,1786.7728826282355,1583.9056168601196,0.6533900420181453,34.0,no improving proposal,10.0,120.0,3.0,be5dc72a76437019583121a0bfada9755519b45870d160d2e5d65831eba094d1,13a58811c319455f1d6d1900bce5193ac07c449880c82eed1a6b6ed6bbe7910d,True,0.0,2.791606166982092,2.9532262498978525,True,120.0,,14.470672723640668,3.948548995292783,0.0,True,True
n40-f10-s7-l1-k3,40,10,7,1.0,3,milp,full,0.5094756670296192,ok,1913.801293190326,1682.2421749569348,10.017738125054166,42.0,time budget exhausted,10.0,118.0,2.0,74521c492fcc2d6f2a7cf1e0d7ef586145618656c2094cf21ea22550c8a665ff,adf4cd7dd6638a95f1209ebfdb544a1ac2b72898526fbf9503b747217e68718b,True,0.0,12.884598417091183,13.394074084120804,,,,compact,0.5094756670296192,ok,1913.801293190326,1682.2421749569348,0.6795461250003427,42.0,no improving proposal,10.0,120.0,3.0,74521c492fcc2d6f2a7cf1e0d7ef586145618656c2094cf21ea22550c8a665ff,adf4cd7dd6638a95f1209ebfdb544a1ac2b72898526fbf9503b747217e68718b,True,0.0,3.508902249974198,4.018377917003818,True,118.0,,14.991668588589356,3.333204183569596,0.0,False,True
n80-f10-s7-l1-k3,80,10,7,1.0,3,native,full,0.2798853340791538,ok,3160.022875935731,2911.669756669729,20.27281891705934,54.0,time budget exhausted,20.0,66.0,0.0,66656129a42b7942e6c59e7a2b2bd0c45e0024e8c4626999882dbd1eabd201b8,c0117256a1d532f98ca42768a6bb3f71376ad4f2099dfe431c9c01308b34f4fb,True,0.0,28.939198874984868,29.21908420906402,True,66.0,,compact,0.2798853340791538,ok,3212.963346646419,2911.669756669729,1.449514291016385,74.0,no improving proposal,20.0,240.0,3.0,39f89ae7034f83b757ca440c17c3e11596dc2b5130618356bcd8de7725d481e4,ae7fddfd94174102ea5615fbfdeb14e47b9a6b876e592ae1fc59685b88fc7b85,True,0.0,10.461588917067274,10.741474251146428,,,,50.857961162209826,2.7202117256805316,1.675319223599333,False,True
n80-f10-s7-l1-k3,80,10,7,1.0,3,milp,full,1.4733150829561057,ok,3171.829573660193,2921.850987405412,20.27969412493985,58.0,time budget exhausted,20.0,70.0,0.0,eead0930bc4c93b2f837bda5491c9fb17b11d055573b1c3bfcb1e774f18e3ec6,3f8979be72f62a8756c7ed7c0901587f0ed8b5b43eec5d7735833dfc38a382da,True,0.0,29.74748412508052,31.220799208036624,True,70.0,,compact,1.4733150829561057,ok,3250.8603336339665,2921.850987405412,1.3737907080212608,80.0,no improving proposal,20.0,240.0,3.0,d86c8d0e473786de1767de25061fb23147e81a0b155688e1b10d11115d015aaa,4151469360fb52382759b73be493f72b199cf2a10eb90c8342653c756dd1e1a1,True,0.0,10.880382541916331,12.35369762487244,,,,50.61206153962469,2.527243272101619,2.4916458510276898,False,True
n160-f10-s7-l1-k3,160,10,7,1.0,3,native,full,1.1539396670414137,ok,7307.361717161394,7257.068540647741,29.797605499974452,26.0,time budget exhausted,29.29506990229414,26.0,0.0,2f6e88b411b275b75e031f7ce3fd475604431393b4b037d520c86323397a3751,b71888500effc099a6030421660702cef7030a4087731b225c219b4c3c8654bc,True,0.0,125.70592149998993,126.85986116703134,,,,compact,1.1539396670414137,ok,8593.820342415102,7257.068540647741,6.717548083979636,153.0,no improving proposal,29.27816550672675,480.0,3.0,27a04286ee1441f3955f5c2e333e1411b6cee82a7a67f14189a5f98098ab197a,708d3c410c9160faa5536591197ef8d05fa1afc96d32f4ebcc39f5211608c88d,True,0.0,103.64576670899989,104.79970637604129,True,26.0,,81.8914331720913,1.210498249983965,17.604967087265567,False,True
n160-f10-s7-l1-k3,160,10,7,1.0,3,milp,full,4.667631209013052,ok,7726.42192990176,7679.909238608195,30.03925758297555,26.0,time budget exhausted,29.36349923502588,26.0,0.0,2c8df595b6aacad6bbb26c8cd6ebce4275ef44f211e574396df433e7b6aff47b,11f122fe6667e87242888010f7e56425c5681fa66d8743aa69dfc4fc3d0c3784,True,0.0,106.11153433297297,110.779165541986,,,,compact,4.667631209013052,ok,9103.407565861004,7679.909238608195,6.99203425005544,172.0,no improving proposal,29.367450426148768,480.0,3.0,6349326727a4a98ef98180d2fa817a62e9cc4593c7759ae6e88e2ddf9dd7afeb,0ef834b473bdb42a74840b710757b814ad40cf6e2c4cad22eec61a63dec024ab,True,0.0,81.59599362500012,86.26362483401317,True,26.0,,79.3146728678806,1.2841932593853451,17.821776346826443,False,True
n40-f10-s42-l1-k3,40,10,42,1.0,3,native,full,0.1962038750061765,ok,1447.8652571791429,1187.5450386249847,10.032133750035428,44.0,time budget exhausted,10.0,121.0,3.0,8e83d62204afcdc108070fd21a4889adc8f1e82822f36e09b14fb1a6b835d16f,1cb172bdb25bff0a190f36a8ccb8f4961b8aef82fa35c98a1bdd3c6a4062de65,True,0.0,12.995473708957434,13.19167758396361,True,121.0,,compact,0.1962038750061765,ok,1447.8652571791429,1187.5450386249847,1.0289670419879258,44.0,no improving proposal,10.0,160.0,4.0,8e83d62204afcdc108070fd21a4889adc8f1e82822f36e09b14fb1a6b835d16f,1cb172bdb25bff0a190f36a8ccb8f4961b8aef82fa35c98a1bdd3c6a4062de65,True,0.0,4.009150124969892,4.205353999976069,,,,12.892182998764298,3.136876844146457,0.0,False,True
n40-f10-s42-l1-k3,40,10,42,1.0,3,milp,full,0.4747191669885069,ok,1464.4110858930496,1208.83229136178,10.041683083050884,47.0,time budget exhausted,10.0,125.0,3.0,89180bfcf91cdc74803b5d09388510482f718f501389ef06cda5dadf77b2789d,73985305c8d442ae59120d1ab8d493290166fee497312c48a5826cb7c3853fb5,True,0.0,13.588669499964452,14.06338866695296,True,125.0,,compact,0.4747191669885069,ok,1464.4110858930496,1208.83229136178,1.2475118329748511,47.0,no improving proposal,10.0,160.0,4.0,89180bfcf91cdc74803b5d09388510482f718f501389ef06cda5dadf77b2789d,73985305c8d442ae59120d1ab8d493290166fee497312c48a5826cb7c3853fb5,True,0.0,4.623026791960001,5.097745958948508,,,,10.30319232776708,2.75874646955804,0.0,False,True
n80-f10-s42-l1-k3,80,10,42,1.0,3,native,full,0.4891135829966515,ok,3571.949912457409,3157.535738002007,20.06338908302132,63.0,time budget exhausted,20.0,68.0,0.0,f3ba6cfd5ce45f70950ee55636154cf854253957928168372c616430cf8817b3,7f1be02832895850a307f49c8230fa630fe5781881f58140140ce505db90934c,True,0.0,32.035278583993204,32.524392166989855,,,,compact,0.4891135829966515,ok,3631.51183291808,3157.535738002007,2.3054325830889866,81.0,no improving proposal,20.0,240.0,3.0,e5578ec8690068e02d688ed9d4fb560d84492b77cd64d873f7ac3e42ea30d0e1,770709004578bedca25ddca16eab5bc008d761977de850e8d84074f3c549a9a6,True,0.0,14.21198724990245,14.7011008328991,True,68.0,,30.715260116003037,2.21237800738055,1.667490360179601,False,True
n80-f10-s42-l1-k3,80,10,42,1.0,3,milp,full,1.3938265830511227,ok,3634.910916923794,3253.525842634094,20.07231158297509,62.0,time budget exhausted,20.0,69.0,0.0,41b2bd11893c93c9c0e2fd0028ec9fa93f49c9892a61f458fff4013da053f15f,cd26a87df7b55ac991434933b74ab7a38c8b958f040e7847996ea7a7f668e131,True,0.0,27.6760885840049,29.069915167056024,,,,compact,1.3938265830511227,ok,3706.2224816690536,3253.525842634094,2.1999240840086713,81.0,no improving proposal,20.0,240.0,3.0,206c341d783902663198d1024cac94bb256b343fbf6d8250239e58cc8382d084,5f8a8a26b03f4e25e46760a7eeced30b4e021caefe1159b5073c3b0454ae635d,True,0.0,9.748222541995348,11.14204912504647,True,69.0,,31.735975094905925,2.6090277327631854,1.961851786057255,False,True
n160-f10-s42-l1-k3,160,10,42,1.0,3,native,full,0.9779936249833554,ok,6547.671585383167,6481.024166960794,30.678538750042208,25.0,time budget exhausted,29.340077040685937,27.0,0.0,f070c74aede65fa30803d1f6fce9e9000c8189adb0fde6c0b25d7f4379c2a296,01e9faccbfa8772c8c17360a7fa591e1213bd0d8885e982079640837467195eb,True,0.0,106.24827887490392,107.22627249988729,True,27.0,,compact,0.9779936249833554,ok,8116.486071115585,6481.024166960794,6.197997667011805,159.0,no improving proposal,29.340732044954784,480.0,3.0,adfb6432016aa9816f984366ac6dd13cae1dc13e853a5bcad0b33bd023bb0872,2dba196d344ed427036d0fba78b535ee8fb3fe9b203ee9a68a49071f20ef86a4,True,0.0,82.35082995798439,83.32882358296774,,,,87.9955549754414,1.2867849069431017,23.95988352920134,False,True
n160-f10-s42-l1-k3,160,10,42,1.0,3,milp,full,4.980341958929785,ok,6632.805528294139,6565.429930669956,30.718549832934514,24.0,time budget exhausted,29.613129204645464,27.0,0.0,406afaef7ab57dfc801a44708e66abdc6860a2ee2f4ffa0f796cf3eb49971516,b101ef75f672195305737483f1f6d8e4eea73e62f8a0ff82b4ea3574e8473cb7,True,0.0,71.73066924989689,76.71101120882668,True,27.0,,compact,4.980341958929785,ok,8939.657054167583,6565.429930669956,8.131152666988783,193.0,no improving proposal,29.610146309978735,640.0,4.0,b991430d232b2b381cb39266483ab9202d265c3d008491dbc4d0eacb4e07008e,d65c363cccb90b99e8221574d41da3863f7f18d5ef343e87efb3ee648c04f5f4,True,0.0,49.39028108306229,54.37062304199208,,,,89.54983792193275,1.4108907883873325,34.77942351894543,False,True
n80-f5-s7-l0.75-k3,80,5,7,0.75,3,native,full,0.3096673340769484,ok,1872.046439402037,1661.2549849481277,20.10091683396604,58.0,time budget exhausted,20.0,131.0,1.0,f68dd5e1d9f9d1581abe68596f69fbdcaa7770d9505be05deccf34456931ef4d,278ab1d278cd31b59a8a32437667456944828381f7a9a9d4f9a7ff925ef28ea2,True,0.0,24.123095042072237,24.432762376149185,,,,compact,0.3096673340769484,ok,1872.046439402037,1661.2549849481277,1.2663959580240771,58.0,no improving proposal,20.0,240.0,3.0,f68dd5e1d9f9d1581abe68596f69fbdcaa7770d9505be05deccf34456931ef4d,278ab1d278cd31b59a8a32437667456944828381f7a9a9d4f9a7ff925ef28ea2,True,0.0,5.426930082961917,5.736597417038865,True,131.0,,29.079457292480978,4.259103541688126,0.0,False,True
n80-f5-s7-l0.75-k3,80,5,7,0.75,3,milp,full,0.7715685421135277,ok,1912.765477601826,1617.1057744019458,20.05398891598452,58.0,time budget exhausted,20.0,128.0,1.0,dc940f2971a91e9ae0c387444605fb38404a491595fb6e93e9aae0f719d9a29c,360c6bf28cc6ad9ac5a621220706ffb40b4d70f1d936dbeaaba98ba43524ae98,True,0.0,26.699852833990008,27.471421376103535,,,,compact,0.7715685421135277,ok,1912.765477601826,1617.1057744019458,1.3013051669113338,58.0,no improving proposal,20.0,240.0,3.0,dc940f2971a91e9ae0c387444605fb38404a491595fb6e93e9aae0f719d9a29c,360c6bf28cc6ad9ac5a621220706ffb40b4d70f1d936dbeaaba98ba43524ae98,True,0.0,8.133318625041284,8.904887167154811,True,128.0,,28.89501261776899,3.084982533796764,0.0,False,True
n160-f5-s7-l0.75-k3,160,5,7,0.75,3,native,full,0.8040357499849051,ok,3559.5492592212313,3392.9179826352283,29.36884066695347,46.0,time budget exhausted,29.220303432477657,50.0,0.0,86c5f93ecb809e8d40d27d4afc8b5e70747c865722e87f759ca3edd40992fa16,8f786c459e5c9ba985c42e862529c6b0dfaf826474e141a4446cac1cb7d87b96,True,0.0,81.61405766604003,82.41809341602493,True,50.0,,compact,0.8040357499849051,ok,4459.277391053905,3392.9179826352283,3.886495874961838,141.0,no improving proposal,29.230099376171285,480.0,3.0,63413965256151b68397e9a6b6269b60268b9c165b767b91bf140f1be0c6dd8d,6908584080793ab6376e9b1d1cb2b48a3eb886cbc39e38a37c1c3a2bafdad842,True,0.0,55.93176458298694,56.73580033297185,,,,72.54372048073297,1.452664683186427,25.27646244821231,False,True
n160-f5-s7-l0.75-k3,160,5,7,0.75,3,milp,full,2.5929874170105904,ok,3436.048328489521,3229.9587218554134,29.97818025003653,44.0,time budget exhausted,29.353673905886012,51.0,0.0,98dd27ee89acf9b81c9f584155e77f0c34f37b59d49496a7241a7fffa47774ff,cee244a23a87bc200a64376789744da37650a4a98296bc0dad0962c5354320c6,True,0.0,69.61720454203896,72.21019195904955,True,51.0,,compact,2.5929874170105904,ok,4586.305794284301,3229.9587218554134,3.763175875064917,163.0,no improving proposal,29.35868575809999,480.0,3.0,447e9919ffc540122660df08c2c61507f4105fff0d25c9d8c030bf45dbbf671b,ad65e0f4906dfdf567547638f5ade1393c5fcaebeb214a50c8d5ed03ab9f5e6c,True,0.0,43.260294417035766,45.85328183404635,,,,74.97592145331396,1.574809677099994,33.476172504838736,False,True
n40-f5-s7-l1.25-k3,40,5,7,1.25,3,native,full,0.2048049590084701,ok,923.5088730028104,773.8067068083774,5.337447040947154,39.0,no improving proposal,10.0,120.0,3.0,54037e0e7aae7b92489ade3e3de7839ae92c68fe5d3cb176db4e70f401471469,32b6ff7d077a3fdbfd2acf5a55c03ff3d65fe1345785921f5e67ff5b05737dca,True,0.0,8.367530332994647,8.572335292003118,,,,compact,0.2048049590084701,ok,923.5088730028104,773.8067068083774,0.734966375050135,39.0,no improving proposal,10.0,120.0,3.0,54037e0e7aae7b92489ade3e3de7839ae92c68fe5d3cb176db4e70f401471469,32b6ff7d077a3fdbfd2acf5a55c03ff3d65fe1345785921f5e67ff5b05737dca,True,0.0,3.7521103750914335,3.956915334099904,True,120.0,,7.262164939971664,2.166418679249578,0.0,True,True
n40-f5-s7-l1.25-k3,40,5,7,1.25,3,milp,full,0.2651907919207588,ok,956.3141611028302,791.131315799154,5.376668208045885,41.0,no improving proposal,10.0,120.0,3.0,5261b17561d5085e14c9c082d4efad63315e0d484050d4b7928b24056f9faa63,7b18354d1181e22f524b56be3a56ebf4bd7de29a3d936d6bdd96152e9bf8f4e3,True,0.0,8.713624499971047,8.978815291891806,,,,compact,0.2651907919207588,ok,956.3141611028302,791.131315799154,0.7635581250069663,41.0,no improving proposal,10.0,120.0,3.0,5261b17561d5085e14c9c082d4efad63315e0d484050d4b7928b24056f9faa63,7b18354d1181e22f524b56be3a56ebf4bd7de29a3d936d6bdd96152e9bf8f4e3,True,0.0,4.095596333034337,4.360787124955095,True,120.0,,7.0415964835641445,2.0589895894045194,0.0,True,True
