nodes,functions,seed,step,initial_backend,proposal_full,welfare_full,pg_seconds_full,pg_reason_full,wall_seconds_full,final_flow_full,final_replicas_full,feasible_full,status_full,proposal_compact,welfare_compact,pg_seconds_compact,pg_reason_compact,wall_seconds_compact,final_flow_compact,final_replicas_compact,feasible_compact,status_compact,welfare_gain_pct,wall_speedup,pg_speedup,uncensored
40,10,7,0.0,native,full,1784.9399111103078,9.27753683400806,no improving proposal,39.56289941596333,2464bce5b41c997fca4830810efeeabe82fa0409e631b9941240f8d3eb985432,5967fddf718098e76e331f838c1448637a5c7f61520669d0acb8895149190b34,True,ok,compact,1784.9399111103078,0.6198791249189526,no improving proposal,13.3142272089608,2464bce5b41c997fca4830810efeeabe82fa0409e631b9941240f8d3eb985432,5967fddf718098e76e331f838c1448637a5c7f61520669d0acb8895149190b34,True,ok,0.0,2.9714754596749358,14.96668698953376,True
40,10,7,1.0,native,full,1794.6313264217345,9.55543579091318,no improving proposal,39.56289941596333,2cb0c55598e025d21d9e8eea34b484503aaf18daf1f2df188aafb8b238bedde9,3ed1be2936e986b1021bde5f768cbbefb01ad330e37a638faea5dca03eb71d0b,True,ok,compact,1794.6313264217345,0.6250268330331892,no improving proposal,13.3142272089608,2cb0c55598e025d21d9e8eea34b484503aaf18daf1f2df188aafb8b238bedde9,3ed1be2936e986b1021bde5f768cbbefb01ad330e37a638faea5dca03eb71d0b,True,ok,0.0,2.9714754596749358,15.288040906246632,True
40,10,7,2.0,native,full,1804.5855151134997,9.398613624973224,no improving proposal,39.56289941596333,1b3acc4b8b0d5f53a5b8c64d22b0bcc60770853741234456fedfb8d2d9256b81,39c31992c003e52e74c62b414063a09b5ccd9d07437c99d4552c1b0bbc2dbbe7,True,ok,compact,1804.5855151134997,0.6230520840035751,no improving proposal,13.3142272089608,1b3acc4b8b0d5f53a5b8c64d22b0bcc60770853741234456fedfb8d2d9256b81,39c31992c003e52e74c62b414063a09b5ccd9d07437c99d4552c1b0bbc2dbbe7,True,ok,0.0,2.9714754596749358,15.0847960648492,True
40,10,7,0.0,milp,full,1900.882524174919,9.39627979195211,no improving proposal,37.6579044170212,caa7d59600142ee7c26838004cee8d1815d369f7398da76639f5695e161e7ead,9f6a77a1f5fc221eb69aaef6763312acebab9fcefae8f7272c61bc65bbb6fc1b,True,ok,compact,1900.882524174919,0.6225660839118063,no improving proposal,11.285863040946424,caa7d59600142ee7c26838004cee8d1815d369f7398da76639f5695e161e7ead,9f6a77a1f5fc221eb69aaef6763312acebab9fcefae8f7272c61bc65bbb6fc1b,True,ok,0.0,3.336732359802165,15.092823131179761,True
40,10,7,1.0,milp,full,1905.127148498739,9.45883987506386,no improving proposal,37.6579044170212,edc56cfbf7c86f39f74cd07624388f7097aa166c0a8358d7699c932089825e73,f0093663245da5a550d22160f68f44adb2dc6f4a348d365be208734ae6935d23,True,ok,compact,1905.127148498739,0.6381133750546724,no improving proposal,11.285863040946424,edc56cfbf7c86f39f74cd07624388f7097aa166c0a8358d7699c932089825e73,f0093663245da5a550d22160f68f44adb2dc6f4a348d365be208734ae6935d23,True,ok,0.0,3.336732359802165,14.82313370136372,True
40,10,7,2.0,milp,full,1884.1282734854003,9.4515082500875,no improving proposal,37.6579044170212,3effd8dd45b4e8c97a363bfab2133fe81ac52be606c18203f0dfe9bdadd6715b,63e589cdd81b988b3cd0e51a9b3bf7722406abd8491be120048d8cd7e710c3a2,True,ok,compact,1884.1282734854003,0.6532654580660164,no improving proposal,11.285863040946424,3effd8dd45b4e8c97a363bfab2133fe81ac52be606c18203f0dfe9bdadd6715b,63e589cdd81b988b3cd0e51a9b3bf7722406abd8491be120048d8cd7e710c3a2,True,ok,0.0,3.336732359802165,14.468097361321632,True
80,10,7,0.0,native,full,3175.3779768536597,20.319050707970742,time budget exhausted,83.21095837501343,520ae211e567c27f1a93b2aceff22737f44c30f64533fc5535ab8f4f493167a7,ae52d0cd1bec50cc0ac114d3bcd90742291aa7f39ab39d44e9548bb3721061dc,True,ok,compact,3201.9641473989695,1.3648585829650983,no improving proposal,26.446426499984227,09367a73cbab114eb472dd47f546e89fc1a177887f85fc989050fc7db95d75ec,c0d8b8dc836e93b102aaa5f0f24a862e97ee94eac207a07bed1972c4ae9b436f,True,ok,0.8372600282267159,3.146397051982167,14.887293791147544,False
80,10,7,1.0,native,full,3181.728630095584,20.198077166918665,time budget exhausted,83.21095837501343,74d14443579026309380d06b2ce2f7efdeaa02ce8857cce6f38510f3d3dbd98a,493e38b7c91c51e9285f9cd93358c911159a35875be512c937b5ce092a75809e,True,ok,compact,3217.0087219792736,1.3287232080474496,no improving proposal,26.446426499984227,0fc3914f4cb13a88b7a2d697de1afd97a79f2868b97ed670c4b2c0e2836f9c6b,1cfdf5497dcc936d241550187aca4d636104a57b8ad7379a2b935be961892c71,True,ok,1.1088340957170135,3.146397051982167,15.20111716615503,False
80,10,7,2.0,native,full,3161.0764065982485,20.256526665994897,time budget exhausted,83.21095837501343,639596944962027e61dd2ac219080934c7c027dba2c450b5b74960eeb47b9f6c,e3b0d5f8c9f1773cfed744339201e7ac6bee143382f65b8b2decb616df0e43cd,True,ok,compact,3210.5449125795244,1.3511045420309529,no improving proposal,26.446426499984227,56eb89131641507e258f08ba5784b3c843d93426d96c0e89d38d0ec9906cc64d,cd2cbcacc1ebff7cef4e72df786d3c0dce3ed5aa2b0573e320c2161785445881,True,ok,1.564925981479544,3.146397051982167,14.99256795891286,False
80,10,7,0.0,milp,full,3177.39438029306,20.166416625026613,time budget exhausted,187.84622791595757,42563a1b17ad39904bb0d3f677153ef8f64a32589a3b420b6ef3078ea740440f,18defdacc390fee87768c7b518b6544703b922eb6a71d34d53a12af5ac525d6d,True,ok,compact,3263.4078043908676,6.1770115830004215,no improving proposal,136.31906087498646,66b9d39286b4eb8a4877a968b39f059a6635f62a9342abd4369286a7b7853781,98ef268d318dc6922b1b874038061fec66facafb11dd3f202c8724ddec91b3d3,True,ok,2.7070427464491984,1.3779894514401394,3.264752923650983,False
80,10,7,1.0,milp,full,3031.072727912535,21.411091584013775,time budget exhausted,187.84622791595757,30cc06b6f7fa653ed3fd872c5575c7da557d365403ef552c4a96acd77b6082e5,a0cc85893e8205712438dfd8d47c1fcc60dd920d8c80cdd54d41cf35ebf89c3c,True,ok,compact,3267.448848016361,1.8276338340947405,no improving proposal,136.31906087498646,fc47b48d94667fedb2114a90f2f87726e753d844f2a0cc2fe17945f15dcf83e4,13fd7e2bf96e7bf0465ef31ed28c66581eae662669ea031cded5bb89861fb340,True,ok,7.798431160265017,1.3779894514401394,11.715197642212106,False
80,10,7,2.0,milp,full,2909.54017995717,23.414163833949715,time budget exhausted,187.84622791595757,799899870f4cf583420650420bbe3136b8a5c31ae239e328677358f79572b43b,b58e7537d4ced5d5c94c0254f56a0385047c3d2746f0146910911c77773dd29b,True,ok,compact,3262.8305681454904,1.3541243330109864,no improving proposal,136.31906087498646,e9337dae09deda7171b5fadf9e508e7c9bd75b4cf12609235f5513d72d3b36b5,b142df142c336436f4cbae28cb4c502e797b825b98c5362714a8c909eacb9dec,True,ok,12.142481847201058,1.3779894514401394,17.290999993986333,False
40,5,7,0.0,native,full,1005.049934014927,5.351832375046797,no improving proposal,23.47939312492963,e09c4fc072566c2ce71b15370352bdb7fcabd1bf07011d15c39ef95a14c2591b,d7e167a02c5ee25725ee856c409f343b33ccfc2094cd0314459bd3c906355b3b,True,ok,compact,1005.049934014927,0.6416193749755621,no improving proposal,9.300643292022867,e09c4fc072566c2ce71b15370352bdb7fcabd1bf07011d15c39ef95a14c2591b,d7e167a02c5ee25725ee856c409f343b33ccfc2094cd0314459bd3c906355b3b,True,ok,0.0,2.524491305356032,8.341132739719146,True
40,5,7,1.0,native,full,992.986074497215,5.205338542000391,no improving proposal,23.47939312492963,07f788223325f72cca249c9cbe7e041f35d36576ac56a33fb26a366c4d691681,feaddb27b82df18b2f8a15ac3da769d9b41084a8a8a8412bebdf886bba7c7846,True,ok,compact,992.986074497215,0.6192887920187786,no improving proposal,9.300643292022867,07f788223325f72cca249c9cbe7e041f35d36576ac56a33fb26a366c4d691681,feaddb27b82df18b2f8a15ac3da769d9b41084a8a8a8412bebdf886bba7c7846,True,ok,0.0,2.524491305356032,8.405349182942341,True
40,5,7,2.0,native,full,974.0372598668324,5.488449333002791,no improving proposal,23.47939312492963,7c0625a9953ea25e362ba649368063bd15245b508bf61c7c9367b5e2bff24508,3e464f5e4b7611cfbdaf0ac06cab64315689e10cb054b6e899c43bbbe5fd3aa4,True,ok,compact,974.0372598668324,0.6312916249735281,no improving proposal,9.300643292022867,7c0625a9953ea25e362ba649368063bd15245b508bf61c7c9367b5e2bff24508,3e464f5e4b7611cfbdaf0ac06cab64315689e10cb054b6e899c43bbbe5fd3aa4,True,ok,0.0,2.524491305356032,8.693999913642031,True
40,5,7,0.0,milp,full,1024.4717466335785,5.251709915930405,no improving proposal,20.941650499938987,3362cd46a802575708be37f27b9ba8c9bcb86f8c906e9b5ca88d325d69e81c21,a98cd01a093967b24db31fae8ef09cfbb836ca5fddadae1a20c5cf64eaf37039,True,ok,compact,1024.4717466335785,0.6569832920795307,no improving proposal,7.084363041911274,3362cd46a802575708be37f27b9ba8c9bcb86f8c906e9b5ca88d325d69e81c21,a98cd01a093967b24db31fae8ef09cfbb836ca5fddadae1a20c5cf64eaf37039,True,ok,0.0,2.9560385847037542,7.993673475785535,True
40,5,7,1.0,milp,full,1021.0145692935124,5.306036208989099,no improving proposal,20.941650499938987,fa3ea6cc882f06cca1cb16388e660203646434d001dbb3dedd5f6317fb545e88,dd6735e593cfeca1ed19ef035cd6e1203f87f0ebe3b1e5ab5bf9eb118fb75468,True,ok,compact,1021.0145692935124,0.6903577910270542,no improving proposal,7.084363041911274,fa3ea6cc882f06cca1cb16388e660203646434d001dbb3dedd5f6317fb545e88,dd6735e593cfeca1ed19ef035cd6e1203f87f0ebe3b1e5ab5bf9eb118fb75468,True,ok,0.0,2.9560385847037542,7.685922108730373,True
40,5,7,2.0,milp,full,1021.7205343554604,5.392409958061762,no improving proposal,20.941650499938987,f1422dbc129ece833eef8637d5c1a76afabc18059481ceaf62976e6a94fefeda,9ae76c8b837a928bbc1d7c0b078cc9cf28eb0797591184e65144d300fc20e97b,True,ok,compact,1021.7205343554604,0.6376734579680488,no improving proposal,7.084363041911274,f1422dbc129ece833eef8637d5c1a76afabc18059481ceaf62976e6a94fefeda,9ae76c8b837a928bbc1d7c0b078cc9cf28eb0797591184e65144d300fc20e97b,True,ok,0.0,2.9560385847037542,8.456381382478607,True
80,5,7,0.0,native,full,1724.282164694048,20.14749599993229,time budget exhausted,84.69619570905343,f3b4d1a9cb07748296944311edb38fbd06329434deefca70e0f3ce885b623308,5be54e6bb2efc668584e51d33b67a0b981c6fbd45d18ed3e6b24be748036d8d1,True,ok,compact,1724.282164694048,1.3845152080757543,no improving proposal,28.788824500050396,f3b4d1a9cb07748296944311edb38fbd06329434deefca70e0f3ce885b623308,5be54e6bb2efc668584e51d33b67a0b981c6fbd45d18ed3e6b24be748036d8d1,True,ok,0.0,2.9419817300600504,14.552022168058345,False
80,5,7,1.0,native,full,1728.6378568326054,20.038541625021026,time budget exhausted,84.69619570905343,619b66105e5735afa287c41f2144293597df1d2991efa9271320623f3b6bf893,ac3a4ca951ec5f61a532a414e3b506d627b0238c4d646acfb0b62c1140b4ff53,True,ok,compact,1728.6378568326054,1.4179942089831457,no improving proposal,28.788824500050396,619b66105e5735afa287c41f2144293597df1d2991efa9271320623f3b6bf893,ac3a4ca951ec5f61a532a414e3b506d627b0238c4d646acfb0b62c1140b4ff53,True,ok,0.0,2.9419817300600504,14.131610339502595,False
80,5,7,2.0,native,full,1729.7623410599078,20.083817458013073,time budget exhausted,84.69619570905343,e5f648df54ebf52f3d5c5dd129ff9e0b412668be51d348a1deb23c06baf4d0a1,99b472f95f8c5302d6eb7e876a29805764193239fdbc8dce753a1b4b2c8e04df,True,ok,compact,1729.7623410599078,1.3647043330129236,no improving proposal,28.788824500050396,e5f648df54ebf52f3d5c5dd129ff9e0b412668be51d348a1deb23c06baf4d0a1,99b472f95f8c5302d6eb7e876a29805764193239fdbc8dce753a1b4b2c8e04df,True,ok,0.0,2.9419817300600504,14.71660708636651,False
