nodes,functions,seed,method,input_hash,status,welfare,wall_seconds,feasible,served_pct,termination,pg_before,pg_seconds,pg_reason,pg_budget
40,5,7,MADEA,e62b4e499fe98b4b3b4b0642ece8b214a05179869e033c71033c108247331b5b,ok,814.794600746575,1.758293083985336,True,70.74448185559297,UB/LB diff < tol (it: 24; obj. deviation: 0.0; best it: 14; best centralized it: 14; total runtime: 0.051944438437059405),,,,
40,5,7,MADEA-PG,e62b4e499fe98b4b3b4b0642ece8b214a05179869e033c71033c108247331b5b,ok,1003.4072477942054,2.4259382500313222,True,87.99102132435466,UB/LB diff < tol (it: 24; obj. deviation: 0.0; best it: 14; best centralized it: 14; total runtime: 0.7020130261314982),814.794600746575,0.6515950000612065,no improving proposal,10.0
40,5,7,PLASMA-Welfare,e62b4e499fe98b4b3b4b0642ece8b214a05179869e033c71033c108247331b5b,ok,1023.830588179025,6.051058916957118,True,92.5925925925926,round budget exhausted (it: 20; obj. deviation: None),,,,
40,5,42,MADEA-PG,723d83636993e9bf34ff5f69e995437bc5fe821b451ea0d1741badf9b21a043f,ok,727.1345468673516,2.668637208989822,True,90.96086146200042,UB/LB diff < tol (it: 30; obj. deviation: 0.0; best it: 20; best centralized it: 20; total runtime: 0.703601266360432),721.9695350235309,0.6548423750791699,no improving proposal,10.0
40,5,42,PLASMA-Welfare,723d83636993e9bf34ff5f69e995437bc5fe821b451ea0d1741badf9b21a043f,ok,724.7200963741299,4.102824582951143,True,88.69331124456409,round budget exhausted (it: 20; obj. deviation: None),,,,
40,5,42,MADEA,723d83636993e9bf34ff5f69e995437bc5fe821b451ea0d1741badf9b21a043f,ok,721.9695350235309,1.9187429999001324,True,89.46986953820667,UB/LB diff < tol (it: 30; obj. deviation: 0.0; best it: 20; best centralized it: 20; total runtime: 0.043909277058320144),,,,
80,5,7,PLASMA-Welfare,516db038daf17fa98a2779b7add35f96a7c8f437d563eaadbea93f4be444ec97,ok,1794.5830068020657,12.404765042010697,True,89.82604960807473,round budget exhausted (it: 20; obj. deviation: None),,,,
80,5,7,MADEA,516db038daf17fa98a2779b7add35f96a7c8f437d563eaadbea93f4be444ec97,ok,1494.622047612562,4.944623625022359,True,85.75646945130462,UB/LB diff < tol (it: 23; obj. deviation: 0.0; best it: 13; best centralized it: 13; total runtime: 0.09486446892862709),,,,
80,5,7,MADEA-PG,516db038daf17fa98a2779b7add35f96a7c8f437d563eaadbea93f4be444ec97,ok,1720.2279196650445,6.161884458968416,True,86.15376355631912,UB/LB diff < tol (it: 23; obj. deviation: 0.0; best it: 13; best centralized it: 13; total runtime: 1.436049086688597),1494.622047612562,1.3474437090335414,no improving proposal,20.0
80,5,42,MADEA,cc129b01903cfeb0a1372be79eb3f22f3389fed66b8227141924ce5f70135ccf,ok,1171.958999234026,9.265917457989415,True,87.13059234652056,UB/LB diff < tol (it: 54; obj. deviation: 0.0; best it: 44; best centralized it: 44; total runtime: 0.2158360362731239),,,,
80,5,42,MADEA-PG,cc129b01903cfeb0a1372be79eb3f22f3389fed66b8227141924ce5f70135ccf,ok,1780.4209479385706,10.643404416972771,True,73.45873419905949,UB/LB diff < tol (it: 54; obj. deviation: 0.0; best it: 44; best centralized it: 44; total runtime: 1.6603759107085996),1171.958999234026,1.4463354588951916,no improving proposal,20.0
80,5,42,PLASMA-Welfare,cc129b01903cfeb0a1372be79eb3f22f3389fed66b8227141924ce5f70135ccf,ok,1957.299587017082,12.61037899996154,True,84.9044393632167,round budget exhausted (it: 20; obj. deviation: None),,,,
