case_id,instance,original_hash,corrected_hash,active_coefficients,violations_before,violations_after,ratio_min,ratio_max,physical_inputs_identical
static-n40-f5-s7-l1-r0,n40-f5-s7-t1-l1,0096463547fc3f3ff7b33b3b7213de12907f313a3759b5c9c61ee09cea6b32c6,a7ad824d5cdfd3cf7b1a88b95d21cef09805c6b07c96c93ad8fed929f1bacb68,600,120,0,0.259,0.681,True
static-n80-f5-s7-l1-r0,n80-f5-s7-t1-l1,27addc14aba936174dd3a20bff6665d5e468ecf835d2fb5820f8411fc8b868a7,6467acc7d16e6e9cd4f47fd4e055cfaebc74b236161fbe237274d7722d3caa21,1200,240,0,0.181,0.626,True
static-n160-f5-s7-l1-r0,n160-f5-s7-t1-l1,0be7f77c76a7f7c38fc7182821334e178555512e6fedbc4aad8ef19256eaa440,08a10035d851399cc6c9a2cd5304ec68da97789779e1b5537c0c751fbd91f0ad,2400,1440,0,0.159,0.808,True
static-n40-f10-s7-l1-r0,n40-f10-s7-t1-l1,3803b10438c3c8a597e814dc690a6da396a4e7bce82c9b4f5aa23bf7ee98bde5,d5d7ecd1b18f8d2afa7606692cb854871120734ff560b3c760580481c7bd0c20,1200,360,0,0.24399999999999997,0.884,True
static-n80-f10-s7-l1-r0,n80-f10-s7-t1-l1,5da60002c603d9fe6ee3f00d913490be567cbd964ab5cf0dcbb3025300f24d1e,dc26a2b8089b865f4f3637d7a3ecb11aea7e8404f6102cb99dac8ca904d3d0a2,2400,480,0,0.165,0.764,True
static-n160-f10-s7-l1-r0,n160-f10-s7-t1-l1,9819ccf5a9cc46f1d09f21bc4118327835c8a27ce0b69229307f6669e284b751,6187383a212aae972977db0f6bec44a6b68441eb12e7c315d892607211747955,4800,1440,0,0.258,0.762,True
static-n40-f5-s42-l1-r0,n40-f5-s42-t1-l1,edd16a7fda48e1dfd249be44eb51c49905165acf1cfbb04466157528b1827a2b,98b1fd6b5bf4d7f23cd64d53348683f2db183f11716ffd808de43935a1e243d5,600,0,0,0.183,0.57,True
static-n80-f5-s42-l1-r0,n80-f5-s42-t1-l1,9c5b63dff76ec3ff5c58ce41566edf2471ac2f916641bd477781366464977c2f,f5cc37f9cc26436c1bfb3c8d9b8cfc831a541700fff3bbb085306707ccadd5f3,1200,480,0,0.153,0.753,True
static-n160-f5-s42-l1-r0,n160-f5-s42-t1-l1,e2380d3a3efaeb3bdc263192301b0c2818271101a3e6c998b83bbde0da31b3e7,cdb9caaa39e7ea9dcc218b3d15e39592074b40280b6e3e24ef5ec65158b993f5,2400,480,0,0.353,0.73,True
static-n40-f10-s42-l1-r0,n40-f10-s42-t1-l1,dc4c314e508cf1780337e60f75a24a560c76241f52cfb2e54600f5272b1e7594,3e9f3ccbb487583a14babfd22946b8b1c2986542f77988895e0b044750f54f76,1200,360,0,0.11800000000000001,0.867,True
static-n80-f10-s42-l1-r0,n80-f10-s42-t1-l1,5870c8402166004c3804f2d118896c28134fc2d49e53d9265d5cd086f4cf8c47,c7fc26a8ffbb519f5849477d5e4c8ff9a8c9ba8b380f0dad2690150fe76a0e13,2400,480,0,0.117,0.837,True
static-n160-f10-s42-l1-r0,n160-f10-s42-t1-l1,28cb12822b012725e9fd45a5422a48f0186a182752e60918abe38feaf805becb,7cc213aef67f04a59a5b87ee5e5aa019a3949c84e69d5cd82482993c4a7a1740,4800,2400,0,0.352,0.837,True
static-n40-f5-s99-l1-r0,n40-f5-s99-t1-l1,05a8983e2155a0e4d5b772b20bb19163527c2af8b973514f83a39d1b64abb1e7,ce47def6788c86ac5c595da01f94885fc437eb43c9975908aae69ae7372421a0,600,120,0,0.4570000000000001,0.726,True
static-n80-f5-s99-l1-r0,n80-f5-s99-t1-l1,943f1841092ed8cfe258cdb513d06b50a5b767d3642dbecedcf0fa1440efaaab,7a2c8a787c7c1911bfcd4c689cc692cda51d2a969755e0d394af75e080c1eafc,1200,720,0,0.104,0.867,True
static-n160-f5-s99-l1-r0,n160-f5-s99-t1-l1,38b83a0561fdb59290e7f32768a5e162c6ad23fc0c6b244e3a7868e668888f77,fb3fb1ec6b6244b2b35ed865df5054a24bd2e40005ee3aebe2a69d32c460c420,2400,1440,0,0.121,0.805,True
static-n40-f10-s99-l1-r0,n40-f10-s99-t1-l1,529c589185947eb4adc176002e04198d6e0c7481f200775ad6997269edbd8523,6fa3a7847d2dddd5080800f6fde224e5c99ced7c8a27aaa410f170970f62e5de,1200,240,0,0.117,0.8739999999999999,True
static-n80-f10-s99-l1-r0,n80-f10-s99-t1-l1,0abc2494dbc4e506fae5f7d706de446616da6a2ace1e5fca6b3153c90f3d7ce6,79020de70bf1c9a55c1a842ad76de030c06d1663f8b88083c0a5beb974709938,2400,960,0,0.248,0.846,True
static-n160-f10-s99-l1-r0,n160-f10-s99-t1-l1,25235bd746487f6414121c91fb2af6b08adb2b656ac3f410b0f3179e9ecee4e3,0049011820d5d48e14c766c10fed0b875b093860614c3ced847c7ee2e6af7ff8,4800,960,0,0.13,0.899,True
static-n40-f5-s2026-l1-r0,n40-f5-s2026-t1-l1,692536d3c05b05ff1f4e877a6c3554d7320e80320cd1e49bd23ba530c5be87c1,e1c09512223570f6010843abb3e971b391f6b3b02535456f0df039f8d6b13ee5,600,120,0,0.194,0.631,True
static-n80-f5-s2026-l1-r0,n80-f5-s2026-t1-l1,6f0314beab998778615fb964148f37b64c9787b9a44c943f951baefbc6fc17cb,192c9300407d7b9f97aa474cc7420a3ac84d02614f2dd6cc140cde75871e3095,1200,0,0,0.12,0.49599999999999994,True
static-n160-f5-s2026-l1-r0,n160-f5-s2026-t1-l1,80a54cc6c391bd7aef0e02647f974ef064c258f7c92e368a4496199d0539f19a,4175570c55cb39d644cf6dc88244e2acc482a3eda38eecd624e1b610de8bdb9d,2400,480,0,0.18600000000000003,0.797,True
static-n40-f10-s2026-l1-r0,n40-f10-s2026-t1-l1,fafa48f7e7c95e5cdcd1e071740ce0b947e7c2c10409d7175533c7e261fea064,a1f37cbd8ee35bfb5a141408fa49508638c5cf08b53862c2bd345b71471eba79,1200,840,0,0.273,0.867,True
static-n80-f10-s2026-l1-r0,n80-f10-s2026-t1-l1,9b5ae2f9d332a8c26ee61542a92fb264066379a11f88661a7d4f299d6fe5e4dd,37f8461ccd8f1239468b1453944ac77fe3795b2f302e339d0c0a1637da8c1382,2400,960,0,0.188,0.894,True
static-n160-f10-s2026-l1-r0,n160-f10-s2026-t1-l1,01c6d0c3f795af305e8296697d6e6a13bd18941d833734b02afc53ee7ced1ca3,952e6502b0ba004158f37beb9bd16d56c8e619d20e9484ea34c6bd2be3b6336d,4800,960,0,0.146,0.815,True
stress-n80-f5-s7-l0.75-r0,n80-f5-s7-t1-l0.75,8d78b6de01f65a74adfadabb86c30ccadf2fee10c6cc92b5778a1ef307338044,8a8d4451b4aed3cb85e9062b32f4b7b6235e83ac7ba974c7f0ed5570bfa43976,1200,240,0,0.181,0.626,True
stress-n80-f5-s7-l1.5-r0,n80-f5-s7-t1-l1.5,73f0907f0191967cb0f23dcb3d8e76309295e6f02731e15641432fad3335d1ef,b45d669dc58a4979249e9a5b64792b2f524134e1c600b47582a9daa9e3a3ec6a,1200,240,0,0.181,0.626,True
stress-n80-f10-s7-l0.75-r0,n80-f10-s7-t1-l0.75,cd9640bc5637de73ad8408f60ab17ac61429ff0fe6a42eef5a5255d13d940ee9,15e6052de273eb48cc3906d5e8e3684d39d62a221d40e392c5957f146ad2d056,2400,480,0,0.165,0.764,True
stress-n80-f10-s7-l1.5-r0,n80-f10-s7-t1-l1.5,9a43838ea591d1bce4eb9edffce6175cf4b09d69e50850b3f20da443defa5204,c64ad1948866298ca94b16fe2164ea74a6f888bf826b1cc67279c181c595a3f8,2400,480,0,0.165,0.764,True
stress-n80-f5-s42-l0.75-r0,n80-f5-s42-t1-l0.75,934a4141e51bba0ef21301951eddbdc70a669bba005fd8d8fec97ba86c637eab,280538d38cbebbca9f011dec1636bd2099b034d5fba82898f45ebe1057a4834b,1200,480,0,0.153,0.753,True
stress-n80-f5-s42-l1.5-r0,n80-f5-s42-t1-l1.5,1c0e62447fcce347c0e08f812375291580ddd7e4eacedd644661b1a262e8dfb8,ccc46d773623362edfd21926e4bd73765615b218c62235ed5ad24241997b94b0,1200,480,0,0.153,0.753,True
stress-n80-f10-s42-l0.75-r0,n80-f10-s42-t1-l0.75,b6965fe6d5362c8ea3079c4356d0b206a50e73b04e89e69372c60804ff966c40,94e9b70085140b500de8d7a7baefad583a19a51121d6d8c8f79d49a0c543bddd,2400,480,0,0.117,0.837,True
stress-n80-f10-s42-l1.5-r0,n80-f10-s42-t1-l1.5,3d8037489e00c18d5b5b368e469fc450aa87abaa29170acaef229b9af26f58a5,8e00577df54103e2cefb87c7b7c86db7a9a6af2a9bb91b0e0455327bf5ee5e22,2400,480,0,0.117,0.837,True
temporal-n40-f5-s7-l0.75-r0,n40-f5-s7-t3-l0.75-1.25-1,bc70a964f10a10e983c4b496e795850ebc07f104ec92f1f71fef4827039f8985,1924b0866c7a36208d076f278be4d11a52ef9c162b54ab59a4e7c8649296d6e0,600,120,0,0.259,0.681,True
temporal-n80-f5-s7-l0.75-r0,n80-f5-s7-t3-l0.75-1.25-1,04a8879cb5bbc735e08bcefce71d7a6101b82b4bc28bab5119f96caa0b4843c3,dfd4c3b330be0b88f1fc51591e1bf3b9c16538664df5e336290086fee5be6b5d,1200,240,0,0.181,0.626,True
temporal-n40-f10-s7-l0.75-r0,n40-f10-s7-t3-l0.75-1.25-1,c9d99645084a255aec08f9710d4cdcb7cfce047033aea8db48f743c85449ca8c,7992baa118fae8273eac230f0cec525d8c5b9cff4d2f22b55c4f5ccc93b4acef,1200,360,0,0.24399999999999997,0.884,True
