phase,method,mean_gain_pct,min_gain_pct,max_gain_pct,median_time_ratio_to_madea
static,MADEA,0.0,0.0,0.0,1.0
static,MADEA-PG,0.5792447738948076,0.26191476439376693,1.0445086864478093,1.228100678015628
static,MADEA-one-shot,0.2967632118853078,-0.025705714487955778,0.6192833840358958,0.5977209795254368
static,PLASMA-Welfare,0.3166399373587328,-0.7149027522364015,1.277400053869604,2.167490485724459
static,hierarchical-madea-pg,0.5891200645188388,0.26191476439376693,1.046617167530406,1.7202562234515921
static,hierarchical-one-shot-pg,1.0188318707382322,0.4700634585415253,1.5149867604195233,1.145372839155983
static,one-shot-pg,0.8403196180158057,0.2607432824731193,1.179234454509559,0.8273568086947383
stress,MADEA,0.0,0.0,0.0,1.0
stress,MADEA-PG,3.3520405142525633,0.14369405160949977,6.560386976895627,1.300421256325035
stress,MADEA-one-shot,0.15697825254814557,-0.03435482550513402,0.34831133060142516,0.5754069107642912
stress,PLASMA-Welfare,4.494323995207516,0.5961599588830913,8.392488031531942,2.304313411400945
stress,hierarchical-madea-pg,3.361189683476218,0.1441813286440441,6.578198038308392,2.686469763361564
stress,hierarchical-one-shot-pg,3.491471948269631,0.35154241993742286,6.631401476601839,1.3267382674555104
stress,one-shot-pg,3.4640802288650407,0.4329932922409352,6.495167165489146,0.8640641781193281
temporal,MADEA,0.0,0.0,0.0,1.0
temporal,MADEA-PG,1.0724556824992144,0.06168983875456391,3.3383656875794365,1.2927414203612944
temporal,MADEA-one-shot,0.28975236027388346,0.007636794086218757,0.4763077562070839,0.5820558233343855
temporal,PLASMA-Welfare,1.5255468289392429,0.30999866594734193,4.6237778967797905,2.183854265986594
temporal,hierarchical-madea-pg,1.0817804653179757,0.09521972251469446,3.351228450246735,2.3969531832764703
temporal,hierarchical-one-shot-pg,1.3385931118871468,0.27682206628683037,3.5635410244544863,1.141989242527937
temporal,one-shot-pg,1.256353675444255,0.18179176917438866,3.466620288636446,0.8592046034368163
