nodes,functions,phase,MADEA_welfare_mean,MADEA_wall_median,MADEA-one-shot_welfare_mean,MADEA-one-shot_wall_median,MADEA-PG_welfare_mean,MADEA-PG_wall_median,PLASMA-Welfare_welfare_mean,PLASMA-Welfare_wall_median,one-shot-pg_welfare_mean,one-shot-pg_wall_median,hierarchical-one-shot-pg_welfare_mean,hierarchical-one-shot-pg_wall_median,hierarchical-madea-pg_welfare_mean,hierarchical-madea-pg_wall_median,load_scale
40,5,static,986.5089319655816,1.2949991669738663,986.2553427961324,0.7976891659200191,989.0927445104628,1.8314735420281067,982.5547547660328,3.785385957919061,989.0811877366792,1.186586583033204,991.14614997,1.326077084057033,989.0927445104628,2.898914167075418,
40,10,static,1394.778796252716,3.2314643340650946,1397.3845994427404,1.2373686250066385,1409.3473819363078,4.004083834006451,1393.711792073712,8.339249999960884,1410.6199329111298,1.9345236249500888,1410.602891643318,2.636546542053111,1409.3767905833706,5.876752167008817,
80,5,static,1977.4351532591463,5.100008895446081,1984.0112239864748,2.63012860447634,1985.7767718328553,5.846151896053925,1976.445793314428,5.397871436958667,1991.1375277725256,3.2325828959583305,1995.4414232869583,5.253558729484212,1985.7767718328553,7.3362975005293265,
80,10,static,3585.398646179783,7.2814671249943785,3595.084022637089,5.068808312993497,3609.674620594522,9.284096833493095,3603.283521609206,17.295149437966757,3618.596122209421,7.353039916954003,3620.6337305799207,10.373418062983546,3609.674620594522,13.158611562510487,
160,5,static,4438.312463924566,15.633221041993238,4465.798195545245,10.246159499976784,4461.801943828062,17.513234250014648,4466.790670724248,8.26100154093001,4488.635866778098,12.233286167029291,4505.552310139073,25.140203499933705,4465.2840403678065,44.325155874947086,
160,10,static,8687.537193047103,64.77234795805998,8721.268065929837,17.57372949994169,8738.81014279741,70.912184542045,8798.511797831028,33.17706433299463,8769.181741342863,24.15143429103773,8794.839810458889,45.9300857919734,8738.674480577078,51.6651481250301,
80,5,stress,1866.61943786654,3.838846249971539,1873.1210848678377,2.6036051670089364,1869.301658964941,5.173938791966066,1877.747475539829,3.9358284170739353,1874.7017748241676,3.703570000012405,1873.1813970094383,5.805331583018415,1869.310754572784,11.210143042029811,0.75
80,10,stress,2702.1700637686145,9.161284292000346,2701.241737958355,4.329511791002005,2879.4428767256627,11.479617542005144,2928.9493629620347,32.828211374930106,2877.6805265061907,6.993423333973624,2881.361809277659,10.455014000064692,2879.9241618951983,22.470377208897844,1.5
40,10,temporal,1751.00452880045,5.213301334064454,1757.4318148699983,3.8392745830351487,1771.6950915961925,7.006277750013396,1779.5118893902775,15.615977874957023,1776.237424232416,5.56394437502604,1776.0498040616867,6.463863334036432,1771.9739111350837,13.69150904205162,
80,5,temporal,1703.6981059635266,18.044400665909052,1707.1994838419814,7.717109874938615,1717.3804847912943,22.40319566696417,1724.23723402681,24.762294417014346,1719.2753180766822,11.749609665945172,1722.0613674670756,18.8401477499865,1717.4526032571837,39.11379550001584,
