phase,nodes,functions,seed,repeat,case_id,step,MADEA,MADEA-one-shot,MADEA-PG,PLASMA-Welfare,one-shot-pg,hierarchical-one-shot-pg,hierarchical-madea-pg
static,40,5,7,0,static-n40-f5-s7-l1-r0,0,986.5089319655816,986.2553427961324,989.0927445104628,982.5547547660328,989.0811877366792,991.14614997,989.0927445104628
static,40,10,42,0,static-n40-f10-s42-l1-r0,0,1394.778796252716,1397.3845994427404,1409.3473819363078,1393.711792073712,1410.6199329111298,1410.602891643318,1409.3767905833706
static,80,5,7,0,static-n80-f5-s7-l1-r0,0,1721.190035715714,1727.0327254811484,1728.6663152629662,1735.1799575584064,1733.776316384902,1737.0677601110797,1728.6663152629662
static,80,5,99,0,static-n80-f5-s99-l1-r0,0,2233.680270802579,2240.9897224918013,2242.8872284027443,2217.71162907045,2248.498739160149,2253.815086462837,2242.8872284027443
static,80,10,42,0,static-n80-f10-s42-l1-r0,0,3542.7352435695284,3550.0049949979484,3577.85319319059,3554.150887942744,3584.5123981937536,3587.444313143994,3577.85319319059
static,80,10,2026,0,static-n80-f10-s2026-l1-r0,0,3628.0620487900383,3640.16305027623,3641.4960479984543,3652.416155275669,3652.679846225089,3653.823148015847,3641.4960479984543
static,160,5,42,0,static-n160-f5-s42-l1-r0,0,4438.312463924566,4465.798195545245,4461.801943828062,4466.790670724248,4488.635866778098,4505.552310139073,4465.2840403678065
static,160,10,7,0,static-n160-f10-s7-l1-r0,0,8687.537193047103,8721.268065929837,8738.81014279741,8798.511797831028,8769.181741342863,8794.839810458889,8738.674480577078
stress,80,5,7,0,stress-n80-f5-s7-l0.75-r0,0,1866.61943786654,1873.1210848678377,1869.301658964941,1877.747475539829,1874.7017748241676,1873.1813970094383,1869.310754572784
stress,80,10,42,0,stress-n80-f10-s42-l1.5-r0,0,2702.1700637686145,2701.241737958355,2879.4428767256627,2928.9493629620347,2877.6805265061907,2881.361809277659,2879.9241618951983
temporal,40,10,7,0,temporal-n40-f10-s7-l0.75-r0,0,1889.7586389876808,1894.9655599662524,1890.9244280449227,1896.8334281605592,1896.013880398494,1895.8337478332764,1891.5580619199225
temporal,40,10,7,0,temporal-n40-f10-s7-l0.75-r0,1,1576.8365390847075,1582.4026268775983,1629.4771090547265,1649.7459584472538,1631.4994744672506,1633.0277560435795,1629.6799337964003
temporal,40,10,7,0,temporal-n40-f10-s7-l0.75-r0,2,1786.418408328962,1794.927257766144,1794.683737688928,1791.9562815630195,1801.1989178315036,1799.2879083082044,1794.683737688928
temporal,80,5,7,0,temporal-n80-f5-s7-l0.75-r0,0,1867.1540862134536,1867.29667692629,1871.3957954912307,1875.71208770313,1870.5484186599929,1872.3227807356689,1872.0758536140163
temporal,80,5,7,0,temporal-n80-f5-s7-l0.75-r0,1,1522.1988174616426,1525.3824403036426,1549.4051788094928,1562.265581885454,1550.3398943926736,1555.0157844575372,1549.413856454178
temporal,80,5,7,0,temporal-n80-f5-s7-l0.75-r0,2,1721.741414215484,1728.9193342960114,1731.3404800731594,1734.7340324918457,1736.93764117738,1738.8455372080205,1730.8680997033568
