nodes,functions,seed,workers,repeat,status,wall_seconds,welfare,feasible,accepted_trades
40,5,7,0,0,ok,5.960204792092554,1023.830588179025,True,38
40,5,7,2,0,ok,4.991588832926936,1023.830588179025,True,38
40,5,7,4,0,ok,4.313946375041269,1023.830588179025,True,38
40,5,42,2,0,ok,4.027555583044887,724.7200963741299,True,26
40,5,42,4,0,ok,3.5526179999578744,724.7200963741299,True,26
40,5,42,0,0,ok,4.07187437498942,724.7200963741299,True,26
80,5,7,4,0,ok,6.3821082500508055,1794.5830068020657,True,61
80,5,7,0,0,ok,12.424113542074338,1794.5830068020657,True,61
80,5,7,2,0,ok,8.393592750071548,1794.5830068020657,True,61
80,5,42,0,0,ok,12.307929625036197,1957.299587017082,True,93
80,5,42,2,0,ok,8.709869167068973,1957.299587017082,True,93
80,5,42,4,0,ok,6.361523458035663,1957.299587017082,True,93
40,5,7,2,1,ok,4.98236825002823,1023.830588179025,True,38
40,5,7,4,1,ok,4.229015624965541,1023.830588179025,True,38
40,5,7,0,1,ok,5.873756416956894,1023.830588179025,True,38
40,5,42,4,1,ok,3.697977749980055,724.7200963741299,True,26
40,5,42,0,1,ok,4.068312584073283,724.7200963741299,True,26
40,5,42,2,1,ok,3.9289086250355463,724.7200963741299,True,26
80,5,7,0,1,ok,12.408876292058268,1794.5830068020657,True,61
80,5,7,2,1,ok,8.334135040990077,1794.5830068020657,True,61
80,5,7,4,1,ok,6.478612042032182,1794.5830068020657,True,61
80,5,42,2,1,ok,9.487496083020233,1957.299587017082,True,93
80,5,42,4,1,ok,6.285274917026982,1957.299587017082,True,93
80,5,42,0,1,ok,12.609012125059962,1957.299587017082,True,93
