case_id,phase_new,nodes_new,functions_new,seed_new,repeat_new,load_scale_new,steps_new,method_new,workers_new,input_hash,step,welfare_new,feasible_new,input_requests_new,served_requests_new,rejected_requests_new,termination_new,final_flow_new,final_replicas_new,replica_churn_new,pg_before_new,pg_seconds_new,pg_reason_new,pg_budget_new,pg_moves_new,accepted_trades,hierarchy_rounds,hierarchy_pg_reserve,hierarchy_time_budget,phase_old,nodes_old,functions_old,seed_old,repeat_old,load_scale_old,steps_old,method_old,workers_old,welfare_old,feasible_old,input_requests_old,served_requests_old,rejected_requests_old,termination_old,final_flow_old,final_replicas_old,replica_churn_old,pg_before_old,pg_seconds_old,pg_budget_old,pg_moves_old,pg_reason_old,incumbent_change,welfare_change_pct
static-n40-f5-s7-l1-r0,static,40,5,7,0,1.0,1,hierarchical-one-shot-pg,0,0096463547fc3f3ff7b33b3b7213de12907f313a3759b5c9c61ee09cea6b32c6,0,1044.3049635590994,True,10692.0,9763.0,929.0,"assignments, replicas and prices stalled (it: 3; best centralized it: 1; total runtime: 1.5811006660806015)",ffa20c5dde7aa01b851c88720f57a3890ef38b7269bde1632abbe180d180dfa7,246999d39d812e5cb08f9a920da96d5558e1309a6fabdf692e0f1c0bc039dfd0,,877.430892580692,0.7315563329029828,no improving proposal,10.0,28.0,,4.0,10.0,20.0,static,40,5,7,0,1.0,1,hierarchical-one-shot-pg,0,1044.3049635590994,True,10692.0,9763.0,929.0,max iterations reached (it: 99; best centralized it: 1; total runtime: 12.021465833997354),ffa20c5dde7aa01b851c88720f57a3890ef38b7269bde1632abbe180d180dfa7,246999d39d812e5cb08f9a920da96d5558e1309a6fabdf692e0f1c0bc039dfd0,,877.430892580692,0.6741401669569314,10.0,28.0,no improving proposal,0.0,0.0
static-n80-f5-s7-l1-r0,static,80,5,7,0,1.0,1,hierarchical-one-shot-pg,0,27addc14aba936174dd3a20bff6665d5e468ecf835d2fb5820f8411fc8b868a7,0,1791.9230883416865,True,18626.0,16528.0,2098.0,"assignments, replicas and prices stalled (it: 3; best centralized it: 1; total runtime: 5.21942300000228)",1b4bb743260d1df9348ca262f8d4288ac1f7304b701be1993b7c67808472ae07,c74e79147aac1bc4ccfd6a9f22efb21b10e85977fcf5de213931a75c79aa1b33,,1586.48591468613,1.5872789999702943,no improving proposal,20.0,52.0,,4.0,20.0,20.0,static,80,5,7,0,1.0,1,hierarchical-one-shot-pg,0,1586.48591468613,True,18626.0,16343.0,2283.0,reached time limit: 40.49710750009399 >= 40.0 (it: 63; best centralized it: 1; total runtime: 40.54267533309758),ab47505d482374c6ee2e6c9a888fcb66886ea0949747c259f1499daca9e599a0,a7e67a6648d1d665553b1eb17615504355bbec6e23bbadaa8d70efd1104d8c20,,1586.48591468613,0.0210111250635236,0.0,0.0,time budget exhausted,0.0,12.94919619227759
static-n160-f5-s7-l1-r0,static,160,5,7,0,1.0,1,hierarchical-one-shot-pg,0,0be7f77c76a7f7c38fc7182821334e178555512e6fedbc4aad8ef19256eaa440,0,4542.220997406422,True,43252.0,32894.0,10358.0,"assignments, replicas and prices stalled (it: 3; best centralized it: 1; total runtime: 22.337942707934417)",9d2e1dbe597f8b5b41ebf07532d7ad21ceedc97f93a34672c80a03b1a53c226d,59b4319b32b3cd33c84e09dd56d58558b7e389b2dd6a7f07957960eae6ff2903,,3606.883203981688,4.847090625087731,no improving proposal,40.0,109.0,,4.0,40.0,40.0,static,160,5,7,0,1.0,1,hierarchical-one-shot-pg,0,3606.883203981688,True,43252.0,31387.0,11865.0,reached time limit: 80.6515880000079 >= 80.0 (it: 23; best centralized it: 1; total runtime: 80.8318579159677),f3b1c96184d0aebe2f494ba236a9229eb153c6efccb2a5c0930456da989132ad,94897287bca4e95c4b1699cc7e930d923227e6c8fbadbc528f92b69b82967ac7,,3606.883203981688,0.0797767910407856,0.0,0.0,time budget exhausted,0.0,25.9320233156483
static-n40-f10-s7-l1-r0,static,40,10,7,0,1.0,1,hierarchical-one-shot-pg,0,3803b10438c3c8a597e814dc690a6da396a4e7bce82c9b4f5aa23bf7ee98bde5,0,1919.289053939312,True,4874.0,4454.0,420.0,"assignments, replicas and prices stalled (it: 3; best centralized it: 1; total runtime: 2.0778410830534995)",47c3448fc397c7dea5798d1ccb5893e1737b60b7f0650ee57fae084cc3eea045,cee1e8832b038e11bb3040f811a69ca605ca6e66b569f916c4bc56229c3d4ea3,,1737.0874288914415,0.7498227920150384,no improving proposal,10.0,25.0,,4.0,10.0,20.0,static,40,10,7,0,1.0,1,hierarchical-one-shot-pg,0,1919.289053939312,True,4874.0,4454.0,420.0,max iterations reached (it: 99; best centralized it: 1; total runtime: 20.10902445903048),47c3448fc397c7dea5798d1ccb5893e1737b60b7f0650ee57fae084cc3eea045,cee1e8832b038e11bb3040f811a69ca605ca6e66b569f916c4bc56229c3d4ea3,,1737.0874288914415,0.6616178340045735,10.0,25.0,no improving proposal,0.0,0.0
static-n80-f10-s7-l1-r0,static,80,10,7,0,1.0,1,hierarchical-one-shot-pg,0,5da60002c603d9fe6ee3f00d913490be567cbd964ab5cf0dcbb3025300f24d1e,0,3325.3583488469935,True,9834.0,8746.0,1088.0,"assignments, replicas and prices stalled (it: 3; best centralized it: 1; total runtime: 8.341354749980383)",7af105e5b6150888238c4e1abb74f13f8bbb23b3ca2ddce256eb0112c658f03b,4ef834a7fa7b849f9631d7fbb1116b8ce263be67106e0df520e7167e5c111095,,3030.6659959607514,1.689786500064656,no improving proposal,20.0,53.0,,4.0,20.0,20.0,static,80,10,7,0,1.0,1,hierarchical-one-shot-pg,0,3030.6659959607514,True,9834.0,8670.0,1164.0,reached time limit: 40.891277833026834 >= 40.0 (it: 34; best centralized it: 1; total runtime: 40.98846433300059),ddbc1d7e7289c5932bfa792e8cb485362fd9cc62ddf2846c9ab5838029690b34,f26be52c2e666a6cdea1123862c103030e6f8d3db76a47903acd152f1308f6c6,,3030.6659959607514,0.0425017080269753,0.0,0.0,time budget exhausted,0.0,9.723682955462799
static-n160-f10-s7-l1-r0,static,160,10,7,0,1.0,1,hierarchical-one-shot-pg,0,9819ccf5a9cc46f1d09f21bc4118327835c8a27ce0b69229307f6669e284b751,0,9343.937093080876,True,40944.0,36152.0,4792.0,"assignments, replicas and prices stalled (it: 3; best centralized it: 1; total runtime: 40.2947830830235)",282341222ab25f6400d637cb7b1fc70051b2e2d5373fda6b156683e23764fbe1,6ea9712c2c4f67e828949b8a07d5af59f91d7904cb16f01c3516b0e8550f97f1,,8180.643094262104,7.680202415911481,no improving proposal,40.0,114.0,,4.0,40.0,40.0,static,160,10,7,0,1.0,1,hierarchical-one-shot-pg,0,8180.643094262104,True,40944.0,32623.0,8321.0,reached time limit: 81.80911583302077 >= 80.0 (it: 12; best centralized it: 1; total runtime: 82.23203641700093),605578008ab1ba7abf4aa75280754b0927577dae44407bfb27b1e65659f8dffe,e22faf4bab045eb486a33b0ccf6d51f7e5cd268628a77d4340e309b9a2100918,,8180.643094262104,0.1657426659949123,0.0,0.0,time budget exhausted,0.0,14.22008007701383
static-n40-f5-s42-l1-r0,static,40,5,42,0,1.0,1,hierarchical-one-shot-pg,0,edd16a7fda48e1dfd249be44eb51c49905165acf1cfbb04466157528b1827a2b,0,730.5419284224811,True,9658.0,8895.0,763.0,"assignments, replicas and prices stalled (it: 4; best centralized it: 2; total runtime: 1.3920489159645513)",9bc7ca62ce0496056e99e8e4987a646eaa285f67d955ddfde455b42b7e43aa3d,3882de1ca6518afe12680905b062840a63dd21af6ed94b0a57ceffe545eddfc7,,725.9555732654317,0.4970291249919683,no improving proposal,10.0,8.0,,5.0,10.0,20.0,static,40,5,42,0,1.0,1,hierarchical-one-shot-pg,0,730.5419284224811,True,9658.0,8895.0,763.0,max iterations reached (it: 99; best centralized it: 2; total runtime: 8.500848666997626),9bc7ca62ce0496056e99e8e4987a646eaa285f67d955ddfde455b42b7e43aa3d,3882de1ca6518afe12680905b062840a63dd21af6ed94b0a57ceffe545eddfc7,,725.9555732654317,0.4321100839879364,10.0,8.0,no improving proposal,0.0,0.0
static-n80-f5-s42-l1-r0,static,80,5,42,0,1.0,1,hierarchical-one-shot-pg,0,9c5b63dff76ec3ff5c58ce41566edf2471ac2f916641bd477781366464977c2f,0,1964.861953260909,True,23179.0,18984.0,4195.0,"assignments, replicas and prices stalled (it: 3; best centralized it: 1; total runtime: 5.236265958985314)",b777f2f491c28794b2d911a6137403335045482aa0f39f216a9554ad137abdc8,18c14a7e5a0dc7ecbab2308f509818139c0d3fcc8a39fdf6173add4cdc8f20de,,1422.2748197777385,1.5919655000325292,no improving proposal,20.0,55.0,,4.0,20.0,20.0,static,80,5,42,0,1.0,1,hierarchical-one-shot-pg,0,1422.2748197777385,True,23179.0,20886.0,2293.0,reached time limit: 40.46419170801528 >= 40.0 (it: 65; best centralized it: 1; total runtime: 40.510389416944236),00d83950d6f0bf9533305ced49a157b910acac063f78140fbe37b94476eb51d9,873901821b892911835925f675e30736a856f4fcbdf3abd2189f2e73e2975e40,,1422.2748197777385,0.021309999981895,0.0,0.0,time budget exhausted,0.0,38.14924696254989
static-n160-f5-s42-l1-r0,static,160,5,42,0,1.0,1,hierarchical-one-shot-pg,0,e2380d3a3efaeb3bdc263192301b0c2818271101a3e6c998b83bbde0da31b3e7,0,4839.698675400123,True,16280.0,14703.0,1577.0,"assignments, replicas and prices stalled (it: 3; best centralized it: 1; total runtime: 20.612491042003967)",01fcf32981babf12ca65a677257e5181a2a77a04a12f95f60696012f9ad47a94,9245f140c5b8071bfda6254fd0fe98389333aaf221e2b50c3f7df2d205535350,,4499.766048976376,3.073465958004818,no improving proposal,40.0,100.0,,4.0,40.0,40.0,static,160,5,42,0,1.0,1,hierarchical-one-shot-pg,0,4499.766048976376,True,16280.0,14976.0,1304.0,reached time limit: 81.17261662508827 >= 80.0 (it: 23; best centralized it: 1; total runtime: 81.36091358307749),5621dd6f0ef8d2be0d74ae82be47c114da1a21e9d7402779673bf92746d04059,dec0bb426434f934137de7dd764e5591ab2b11d1a9b34b553496f6f9cac7c473,,4499.766048976376,0.0820458329981193,0.0,0.0,time budget exhausted,0.0,7.554451114210181
static-n40-f10-s42-l1-r0,static,40,10,42,0,1.0,1,hierarchical-one-shot-pg,0,dc4c314e508cf1780337e60f75a24a560c76241f52cfb2e54600f5272b1e7594,0,1527.398966810877,True,9713.0,8779.0,934.0,"assignments, replicas and prices stalled (it: 3; best centralized it: 1; total runtime: 2.225445791031234)",58204f82a7c170dae1b88e8c899fe6d383d228cda7cf8bb1ce77a817660dcbb0,b61fd55092654f08a62a9707ac9289dea2ddb0446dbc49d00f7dee62b83dfa59,,1294.4880626155625,0.9221728750271724,no improving proposal,10.0,35.0,,4.0,10.0,20.0,static,40,10,42,0,1.0,1,hierarchical-one-shot-pg,0,1527.398966810877,True,9713.0,8779.0,934.0,max iterations reached (it: 99; best centralized it: 1; total runtime: 21.47339545795694),58204f82a7c170dae1b88e8c899fe6d383d228cda7cf8bb1ce77a817660dcbb0,b61fd55092654f08a62a9707ac9289dea2ddb0446dbc49d00f7dee62b83dfa59,,1294.4880626155625,0.8174885000335053,9.344131375080906,35.0,no improving proposal,0.0,0.0
static-n80-f10-s42-l1-r0,static,80,10,42,0,1.0,1,hierarchical-one-shot-pg,0,5870c8402166004c3804f2d118896c28134fc2d49e53d9265d5cd086f4cf8c47,0,3782.0621503229513,True,22494.0,19529.0,2965.0,"assignments, replicas and prices stalled (it: 3; best centralized it: 1; total runtime: 9.082927583018318)",94c3bafbbcd90267bc8b801ca2313abfa2143eb6b956199cbd0e358a8aa43d67,d55e16cbb27ab9727f80e1710bc3ef9942c415d9e95768c4cb9c6add6027331e,,3325.5019923985533,2.602918624994345,no improving proposal,20.0,61.0,,4.0,20.0,20.0,static,80,10,42,0,1.0,1,hierarchical-one-shot-pg,0,3325.5019923985533,True,22494.0,18707.0,3787.0,reached time limit: 40.18028204201255 >= 40.0 (it: 34; best centralized it: 1; total runtime: 40.27311791700777),6c0ceedddd7778c43c95852f2f1289ec71c0471a4820a889c659ba5ab0f61932,2b8000bbdcd8f6d09ec94c74f5d9ca23f3332eaa7606c68319ab6e2480752dfd,,3325.5019923985533,0.0393164170673117,0.0,0.0,time budget exhausted,0.0,13.729059822186397
static-n160-f10-s42-l1-r0,static,160,10,42,0,1.0,1,hierarchical-one-shot-pg,0,28cb12822b012725e9fd45a5422a48f0186a182752e60918abe38feaf805becb,0,9128.176370872026,True,30755.0,26738.0,4017.0,"assignments, replicas and prices stalled (it: 3; best centralized it: 1; total runtime: 42.678848208044656)",3a72b746bb7b6cd377518ef35017f656ffaa087f68f33cca9283ab460885a498,7a8fc31f6e74d47dd167611e40143d16c2051cc6d0a1de46912943660b761359,,7460.668226592963,7.47845904098358,no improving proposal,40.0,110.0,,4.0,40.0,40.0,static,160,10,42,0,1.0,1,hierarchical-one-shot-pg,0,7460.668226592963,True,30755.0,20714.0,10041.0,reached time limit: 82.07815354096238 >= 80.0 (it: 11; best centralized it: 1; total runtime: 82.48235945799388),7539ffe88b88c63b3cf1900e8b21dfddc939affac7d72849c1823fed9794bb55,676f5893bf24720b13df423ebc3aa9ab1103ba0ae9cc005d26e5c252d4340366,,7460.668226592963,0.1562962080352008,0.0,0.0,time budget exhausted,0.0,22.35065403840586
static-n40-f5-s99-l1-r0,static,40,5,99,0,1.0,1,hierarchical-one-shot-pg,0,05a8983e2155a0e4d5b772b20bb19163527c2af8b973514f83a39d1b64abb1e7,0,1178.2335165275535,True,14398.0,13218.0,1180.0,"assignments, replicas and prices stalled (it: 3; best centralized it: 1; total runtime: 1.702280208002776)",7006b40ba6805bd912af14d183a365313447175f9894b40779331f9927c375ed,6b406a2467acd6c14f4946c111b0a3debfac1624606c737eff9635b29b66bae3,,1127.8755774983551,0.7362750419415534,no improving proposal,10.0,22.0,,4.0,10.0,20.0,static,40,5,99,0,1.0,1,hierarchical-one-shot-pg,0,1178.2335165275535,True,14398.0,13218.0,1180.0,max iterations reached (it: 99; best centralized it: 1; total runtime: 11.89705358305946),7006b40ba6805bd912af14d183a365313447175f9894b40779331f9927c375ed,6b406a2467acd6c14f4946c111b0a3debfac1624606c737eff9635b29b66bae3,,1127.8755774983551,0.5131879579275846,10.0,22.0,no improving proposal,0.0,0.0
static-n80-f5-s99-l1-r0,static,80,5,99,0,1.0,1,hierarchical-one-shot-pg,0,943f1841092ed8cfe258cdb513d06b50a5b767d3642dbecedcf0fa1440efaaab,0,2284.347472005459,True,6692.0,5708.0,984.0,"assignments, replicas and prices stalled (it: 3; best centralized it: 1; total runtime: 4.354439459042624)",43cc2497b3caa4c6580a0a5e8ca87c968573e7c5536b7ff95369898845270479,e3f33c31cf4b84bead7dc0a309692fbd749622b6803373c7141e60322452a5c5,,1977.1924353031377,0.6764618339948356,no improving proposal,20.0,50.0,,4.0,20.0,20.0,static,80,5,99,0,1.0,1,hierarchical-one-shot-pg,0,1977.1924353031377,True,6692.0,5589.0,1103.0,reached time limit: 40.43869787501171 >= 40.0 (it: 68; best centralized it: 1; total runtime: 40.48304120800458),5d4b17ca928e1b5a925d6428570fe55e46e6505cb78fa9c6b1cef552a5d02057,efcd4a2c72be1671d29562f0d2f48aa1686a74f69ba636f48f286d264da450da,,1977.1924353031377,0.0205886251060292,0.0,0.0,time budget exhausted,0.0,15.534908551034853
static-n160-f5-s99-l1-r0,static,160,5,99,0,1.0,1,hierarchical-one-shot-pg,0,38b83a0561fdb59290e7f32768a5e162c6ad23fc0c6b244e3a7868e668888f77,0,4332.110402642182,True,32994.0,25592.0,7402.0,"assignments, replicas and prices stalled (it: 3; best centralized it: 1; total runtime: 22.653347832965665)",669daf66e4e5c11ec4ccdb947f62f4857dce421920355b189438f13454d82fa6,d162f62eadfead8860411abb7ad0e38471748f2bd777090d8de7b90a4af77eb0,,3463.9606864901107,4.697251416975632,no improving proposal,40.0,96.0,,4.0,40.0,40.0,static,160,5,99,0,1.0,1,hierarchical-one-shot-pg,0,3463.9606864901107,True,32994.0,23531.0,9463.0,reached time limit: 82.02047024993226 >= 80.0 (it: 24; best centralized it: 1; total runtime: 82.20207095798105),b416e56458b9fc05cbe93c1f48d9fd078578cc56dd39ef948726839a3a10bf28,36f0d73c2e3ab1294c838ad690ace83d6f8e2c02676bb84ff8a406a04ff8705b,,3463.9606864901107,0.079305125051178,0.0,0.0,time budget exhausted,0.0,25.06234321705687
static-n40-f10-s99-l1-r0,static,40,10,99,0,1.0,1,hierarchical-one-shot-pg,0,529c589185947eb4adc176002e04198d6e0c7481f200775ad6997269edbd8523,0,2242.1701285277286,True,9007.0,8059.0,948.0,"assignments, replicas and prices stalled (it: 3; best centralized it: 1; total runtime: 2.6616087910952047)",0e9a5e3c9bbb70c9cf920c1ec097fc7d89236403d2ce1747845d15c30e10e716,2d1d410a14da5300e07c3313bc982c719fa48645514f74ac2aed2433f68d95da,,2032.1625692577572,1.160766791086644,no improving proposal,10.0,31.0,,4.0,10.0,20.0,static,40,10,99,0,1.0,1,hierarchical-one-shot-pg,0,2242.1701285277286,True,9007.0,8059.0,948.0,max iterations reached (it: 99; best centralized it: 1; total runtime: 21.4658636249369),0e9a5e3c9bbb70c9cf920c1ec097fc7d89236403d2ce1747845d15c30e10e716,2d1d410a14da5300e07c3313bc982c719fa48645514f74ac2aed2433f68d95da,,2032.1625692577572,0.8916462920606136,9.425795959075913,31.0,no improving proposal,0.0,0.0
static-n80-f10-s99-l1-r0,static,80,10,99,0,1.0,1,hierarchical-one-shot-pg,0,0abc2494dbc4e506fae5f7d706de446616da6a2ace1e5fca6b3153c90f3d7ce6,0,4524.589830621205,True,12211.0,10736.0,1475.0,"assignments, replicas and prices stalled (it: 3; best centralized it: 1; total runtime: 8.205221291980706)",c8b603114083f882dac46a740ab1ac912c0bdffcf2bb9d3c4fae0a857e6965a8,f45a82ea757664a9d5f6a87998fa2f5bf2f856479847d901e755b1e3146159d1,,4111.6024039712665,2.2695864159613848,no improving proposal,20.0,57.0,,4.0,20.0,20.0,static,80,10,99,0,1.0,1,hierarchical-one-shot-pg,0,4111.6024039712665,True,12211.0,8712.0,3499.0,reached time limit: 40.690954083926044 >= 40.0 (it: 38; best centralized it: 1; total runtime: 40.78246437490452),f07219ad6e7ed933ad2e034814e09814dbfdb571dc7f5f5242fc501b21ee0daf,b172902b74664567cc383c84d00562491abf4833ddf3e755bb996ebe990cfcf7,,4111.6024039712665,0.0392792499624192,0.0,0.0,time budget exhausted,0.0,10.04443976029994
static-n160-f10-s99-l1-r0,static,160,10,99,0,1.0,1,hierarchical-one-shot-pg,0,25235bd746487f6414121c91fb2af6b08adb2b656ac3f410b0f3179e9ecee4e3,0,8533.134740634261,True,36898.0,31780.0,5118.0,"assignments, replicas and prices stalled (it: 3; best centralized it: 1; total runtime: 40.0355620830087)",416d87c4ce22924c60336113fb43708f779b35aed6c061165793e541d996808b,c1eac7c6f2fe7bf5b72f3f2d1d12a02025b172d452b6cf6537078ded67e1dde1,,7902.8723399206065,7.704129167017527,no improving proposal,40.0,121.0,,4.0,40.0,40.0,static,160,10,99,0,1.0,1,hierarchical-one-shot-pg,0,7902.8723399206065,True,36898.0,29351.0,7547.0,reached time limit: 80.27576195902657 >= 80.0 (it: 12; best centralized it: 1; total runtime: 80.69128933397587),da54d33d69b42848419eae7f4b0bec321c241a38195082dcd5ec0f23ab56468b,86ab886ba6b8db1c77041df14fbf8a100c4b2ca8e0b07b77dcdfdc6ae03fcf6c,,7902.8723399206065,0.15425999998115,0.0,0.0,time budget exhausted,0.0,7.9751054250230435
static-n40-f5-s2026-l1-r0,static,40,5,2026,0,1.0,1,hierarchical-one-shot-pg,0,692536d3c05b05ff1f4e877a6c3554d7320e80320cd1e49bd23ba530c5be87c1,0,1054.4512888892698,True,3694.0,3274.0,420.0,"assignments, replicas and prices stalled (it: 3; best centralized it: 1; total runtime: 1.0018649159464985)",dc9a2c5c3ec319b7589e59661f439b83af5ec2c3a955885f4f1ddbe146114962,3526c36ef0cf4a20e5ae3223c53abd375c99534afbb8e6af38ab97f2ee8283fd,,919.1696071388864,0.3238605830119923,no improving proposal,10.0,26.0,,4.0,10.0,20.0,static,40,5,2026,0,1.0,1,hierarchical-one-shot-pg,0,1054.4512888892698,True,3694.0,3274.0,420.0,max iterations reached (it: 99; best centralized it: 1; total runtime: 10.52091008296702),dc9a2c5c3ec319b7589e59661f439b83af5ec2c3a955885f4f1ddbe146114962,3526c36ef0cf4a20e5ae3223c53abd375c99534afbb8e6af38ab97f2ee8283fd,,919.1696071388864,0.2846376670058816,10.0,26.0,no improving proposal,0.0,0.0
static-n80-f5-s2026-l1-r0,static,80,5,2026,0,1.0,1,hierarchical-one-shot-pg,0,6f0314beab998778615fb964148f37b64c9787b9a44c943f951baefbc6fc17cb,0,2479.3802546245383,True,23029.0,20867.0,2162.0,"assignments, replicas and prices stalled (it: 5; best centralized it: 3; total runtime: 6.331653125002049)",659dde4267c1ed562e3c73dbfcfad55859364fdb2cd24b0f88857377a7003cbc,98f033d09ee8861c374cfdb614a4809ba3139c16926dd802fbc8745932de823c,,2468.611183114989,1.5704543340252712,no improving proposal,20.0,21.0,,6.0,20.0,20.0,static,80,5,2026,0,1.0,1,hierarchical-one-shot-pg,0,2468.611183114989,True,23029.0,20544.0,2485.0,reached time limit: 40.33898095798213 >= 40.0 (it: 76; best centralized it: 3; total runtime: 40.38518762495369),fb5a97ab4383862857375d50afa8b80c928eb81bb37a65a0a495c88d057bd714,5bbe18b97b37eea1f23f70814d30c78621c6136093d4e891553c7ad4cc08892b,,2468.611183114989,0.0208693750901147,0.0,0.0,time budget exhausted,0.0,0.43624008443323703
static-n160-f5-s2026-l1-r0,static,160,5,2026,0,1.0,1,hierarchical-one-shot-pg,0,80a54cc6c391bd7aef0e02647f974ef064c258f7c92e368a4496199d0539f19a,0,5157.832366156505,True,51716.0,47533.0,4183.0,"assignments, replicas and prices stalled (it: 3; best centralized it: 1; total runtime: 22.966856500017457)",419938076284ede29d127e98050a5740b9405741d09f45358033fddda6314dd2,8c8c4a152d18fbbfa90b1bb3e11918637ec1b3840fa722c72f2e56e3fd43312d,,4668.862979082035,4.915767166996375,no improving proposal,40.0,121.0,,4.0,40.0,40.0,static,160,5,2026,0,1.0,1,hierarchical-one-shot-pg,0,4668.862979082035,True,51716.0,40338.0,11378.0,reached time limit: 80.49930704094004 >= 80.0 (it: 22; best centralized it: 1; total runtime: 80.6893215830205),8ad5d9f6d31bf5ec2416d8c05829d1c05c84a40a1c99c629adea5429e00739c5,b5ef6dd3cdfc218f0c49e471dfd8da07ba53618fbcda3a379cdd2ef6c40f77cb,,4668.862979082035,0.0812145409872755,0.0,0.0,time budget exhausted,0.0,10.472986447989685
static-n40-f10-s2026-l1-r0,static,40,10,2026,0,1.0,1,hierarchical-one-shot-pg,0,fafa48f7e7c95e5cdcd1e071740ce0b947e7c2c10409d7175533c7e261fea064,0,1760.671341698546,True,7368.0,5874.0,1494.0,"assignments, replicas and prices stalled (it: 3; best centralized it: 1; total runtime: 1.933380875037983)",8c96504a07c40ba63e0b05a383253cec97a4de58b812f0c1a571068a2cdced79,ac4312b348f51983917831e8cee025520e07cfb882884d2e13a0e00fddbfc6bc,,1373.1411814795736,0.6143282919656485,no improving proposal,10.0,26.0,,4.0,10.0,20.0,static,40,10,2026,0,1.0,1,hierarchical-one-shot-pg,0,1760.671341698546,True,7368.0,5874.0,1494.0,max iterations reached (it: 99; best centralized it: 1; total runtime: 18.711992167052813),8c96504a07c40ba63e0b05a383253cec97a4de58b812f0c1a571068a2cdced79,ac4312b348f51983917831e8cee025520e07cfb882884d2e13a0e00fddbfc6bc,,1373.1411814795736,0.5909493329236284,10.0,26.0,no improving proposal,0.0,0.0
static-n80-f10-s2026-l1-r0,static,80,10,2026,0,1.0,1,hierarchical-one-shot-pg,0,9b5ae2f9d332a8c26ee61542a92fb264066379a11f88661a7d4f299d6fe5e4dd,0,3878.1518783548327,True,16763.0,13403.0,3360.0,"assignments, replicas and prices stalled (it: 3; best centralized it: 1; total runtime: 8.903430833015591)",2599341393c117ffc21b7e03ba1d1e2f25279649a3126b3139e670b290e4a07a,a2658b52fb2cc9513006eae06431cf8f594d84cec81779bb9a165b67cfc0ef18,,3325.656170240794,2.4324373330455273,no improving proposal,20.0,57.0,,4.0,20.0,20.0,static,80,10,2026,0,1.0,1,hierarchical-one-shot-pg,0,3325.656170240794,True,16763.0,11857.0,4906.0,reached time limit: 40.59369250002783 >= 40.0 (it: 37; best centralized it: 1; total runtime: 40.690375542035326),e115c4189eba52136f4e1eee1425f89a16104e5940b5526d47bacaa162fb7c69,f98d50ffd6097f4e495033ebce7fd4df445d200ce5cb3fb889e7a98c43ad8313,,3325.656170240794,0.041444499976933,0.0,0.0,time budget exhausted,0.0,16.613133764637954
static-n160-f10-s2026-l1-r0,static,160,10,2026,0,1.0,1,hierarchical-one-shot-pg,0,01c6d0c3f795af305e8296697d6e6a13bd18941d833734b02afc53ee7ced1ca3,0,8631.936508899818,True,20666.0,17137.0,3529.0,"assignments, replicas and prices stalled (it: 3; best centralized it: 1; total runtime: 39.58225650002714)",5eee8964cb2eedc040c93b4d15f8683718b1c3bef6737c85d55d5508955cc4b6,50d031a5eb7cec13c77253cad0e49b9d12a4441f6268398b4e234ca3980acfa9,,7981.407082968623,6.971533125033602,no improving proposal,40.0,116.0,,4.0,40.0,40.0,static,160,10,2026,0,1.0,1,hierarchical-one-shot-pg,0,7981.407082968623,True,20666.0,16307.0,4359.0,reached time limit: 83.77494520798791 >= 80.0 (it: 12; best centralized it: 1; total runtime: 84.20159925008193),f927cfde922c99025ad215166d35a35feddf184ebc15ba0c8ea87b50b93ff8e9,1e3687d0576fb9f54ad3ed305a76a6a170cba0fdfaea09943092b98971692712,,7981.407082968623,0.1590716249775141,0.0,0.0,time budget exhausted,0.0,8.150560661407024
stress-n80-f5-s7-l0.75-r0,stress,80,5,7,0,0.75,1,hierarchical-one-shot-pg,0,8d78b6de01f65a74adfadabb86c30ccadf2fee10c6cc92b5778a1ef307338044,0,1943.462728358219,True,13954.0,13459.0,495.0,"assignments, replicas and prices stalled (it: 3; best centralized it: 1; total runtime: 5.230200625024736)",4c208b061a072bc8f4864fa9e3147c51440b9ddbbbc86808f41360b68185d9ac,de517f566f12f0e2be1826223eb6245e470709805c4c6749a4c6f51c8270da9a,,1752.8606906449177,1.4976046670926737,no improving proposal,20.0,39.0,,4.0,20.0,20.0,stress,80,5,7,0,0.75,1,hierarchical-one-shot-pg,0,1752.8606906449177,True,13954.0,12988.0,966.0,reached time limit: 40.53690979199018 >= 40.0 (it: 68; best centralized it: 1; total runtime: 40.58330737508368),6d6c6cfe7187fdcea1fe8b0e9441e8a00b61089dfa200d528ba197e8f16e16a0,b339fb192282a54313ec536206767ccd7173ea3bfef0be201e96955d0c14dffa,,1752.8606906449177,0.020957208937034,0.0,0.0,time budget exhausted,0.0,10.873769874043692
stress-n80-f5-s7-l1.5-r0,stress,80,5,7,0,1.5,1,hierarchical-one-shot-pg,0,73f0907f0191967cb0f23dcb3d8e76309295e6f02731e15641432fad3335d1ef,0,1412.8104687286964,True,27939.0,19663.0,8276.0,"assignments, replicas and prices stalled (it: 3; best centralized it: 1; total runtime: 5.536282041925006)",32029531bf0650926348aae95992dc79b1eae105314b8bfbea63716f78882f4f,ed19d2b44aab4d8308f22f51164aa7c42f58cdc7854a28b5d2f6f30d832b69ae,,1236.8446690249816,1.928200291004032,no improving proposal,20.0,66.0,,4.0,20.0,20.0,stress,80,5,7,0,1.5,1,hierarchical-one-shot-pg,0,1236.8446690249816,True,27939.0,21455.0,6484.0,reached time limit: 40.26168745907489 >= 40.0 (it: 65; best centralized it: 1; total runtime: 40.30827800009865),7db3fdbb40b5973cb369dcf473c18c28227c3327157a39cbf99d3119922fabfe,d00118066022c0886a7e01824b21604eee72138607176051f1028129037fb4c7,,1236.8446690249816,0.02229162491858,0.0,0.0,time budget exhausted,0.0,14.226992613585864
stress-n80-f10-s7-l0.75-r0,stress,80,10,7,0,0.75,1,hierarchical-one-shot-pg,0,cd9640bc5637de73ad8408f60ab17ac61429ff0fe6a42eef5a5255d13d940ee9,0,3556.5211666952305,True,7318.0,7031.0,287.0,"assignments, replicas and prices stalled (it: 3; best centralized it: 1; total runtime: 7.233623042004183)",2e3383677e85486c39546f3c6ab8f4fabbbc36ac2cc0119f18f55440a5508ad8,7e0781caaf57042e0530abc320a04b38a5e58c6394eb56532e3d6a0c95c168b4,,3255.445825288897,1.5209156670607626,no improving proposal,20.0,42.0,,4.0,20.0,20.0,stress,80,10,7,0,0.75,1,hierarchical-one-shot-pg,0,3255.445825288897,True,7318.0,6812.0,506.0,reached time limit: 40.308542583021335 >= 40.0 (it: 38; best centralized it: 1; total runtime: 40.40404150006361),9b16f3a03932020574218f50d480df5e49f50de0385231745c8a6fcd4ba42e1c,615c87cc18194fb539785e90bd74faaff13755cdd62195d55a9c9afd656dff13,,3255.445825288897,0.0407386249862611,0.0,0.0,time budget exhausted,0.0,9.248359750530177
stress-n80-f10-s7-l1.5-r0,stress,80,10,7,0,1.5,1,hierarchical-one-shot-pg,0,9a43838ea591d1bce4eb9edffce6175cf4b09d69e50850b3f20da443defa5204,0,2628.954179780343,True,14663.0,9633.0,5030.0,"assignments, replicas and prices stalled (it: 3; best centralized it: 1; total runtime: 7.750761499977671)",b2e10edc013922ddb651e218ee6a140f31c5ecbbaedfebff6fecefe63f65a818,5cfc548f7419908fb82b749011d5f8a13e7cb5845738415aac07867d4104d7b5,,2347.9760408214265,1.612929042079486,no improving proposal,20.0,97.0,,4.0,20.0,20.0,stress,80,10,7,0,1.5,1,hierarchical-one-shot-pg,0,2347.9760408214265,True,14663.0,9804.0,4859.0,reached time limit: 41.00778379198164 >= 40.0 (it: 35; best centralized it: 1; total runtime: 41.10217475006357),f37719b67c817947ba419095bf95bb4797fbd057989832ddf6bb06cf68e8f6e9,42bc0007a3dcfc043324dc6fda494c6151844589826d6ddcf44f8d81c6078438,,2347.9760408214265,0.0412596670212224,0.0,0.0,time budget exhausted,0.0,11.966823088221034
stress-n80-f5-s42-l0.75-r0,stress,80,5,42,0,0.75,1,hierarchical-one-shot-pg,0,934a4141e51bba0ef21301951eddbdc70a669bba005fd8d8fec97ba86c637eab,0,2172.5507285174813,True,17353.0,16276.0,1077.0,"assignments, replicas and prices stalled (it: 3; best centralized it: 1; total runtime: 4.517094583017752)",535e75ffeb2966adf5539a4d229beb7f833528f961886e012dc752c8e49fcb58,58c260b4f014ab5718ba7b0432aecafe11781f9ef2806aa0c4766c614058cdae,,1609.8186662897333,1.4416423750808465,no improving proposal,20.0,40.0,,4.0,20.0,20.0,stress,80,5,42,0,0.75,1,hierarchical-one-shot-pg,0,1609.8186662897333,True,17353.0,16073.0,1280.0,reached time limit: 40.347559083020315 >= 40.0 (it: 76; best centralized it: 1; total runtime: 40.39259883295745),7b5397a4dcc4a4cc06f03d5ebf6533b52da55a4f9b2fe68b2313badb510b001f,1821c9f73e7b2f39d287095a3110e30f7e3ae817c3d890f7b0d9795e75a63e5c,,1609.8186662897333,0.0202663750387728,0.0,0.0,time budget exhausted,0.0,34.95623911013019
stress-n80-f5-s42-l1.5-r0,stress,80,5,42,0,1.5,1,hierarchical-one-shot-pg,0,1c0e62447fcce347c0e08f812375291580ddd7e4eacedd644661b1a262e8dfb8,0,1558.2816188235877,True,34750.0,19983.0,14767.0,"assignments, replicas and prices stalled (it: 3; best centralized it: 1; total runtime: 5.656580333947204)",611f243db9eb204c39030b711bf874906fae37a6c653a1ea23751aaaa4720b9b,cbb0040dbac25d315ecef1ca6f4ba24e6cd04a6bb268b8b635ea18dfcfbf9eb4,,1032.2350056118437,1.9123500830028208,no improving proposal,20.0,89.0,,4.0,20.0,20.0,stress,80,5,42,0,1.5,1,hierarchical-one-shot-pg,0,1032.2350056118437,True,34750.0,27584.0,7166.0,reached time limit: 40.515544582973234 >= 40.0 (it: 64; best centralized it: 1; total runtime: 40.56215583300218),d53ed859e2fce6ea2f3b04cbf498770737bd3d095318710dbab648e8ac2ef8ff,522eec7e0488a5923866edd6391a2ab8451812268f7f62a63f3881aef62e8d8a,,1032.2350056118437,0.022023957921192,0.0,0.0,time budget exhausted,0.0,50.961904057878435
stress-n80-f10-s42-l0.75-r0,stress,80,10,42,0,0.75,1,hierarchical-one-shot-pg,0,b6965fe6d5362c8ea3079c4356d0b206a50e73b04e89e69372c60804ff966c40,0,4038.9185980791713,True,16857.0,16269.0,588.0,"assignments, replicas and prices stalled (it: 3; best centralized it: 1; total runtime: 7.725759374909103)",289fdaaa4dbedb87b887948f223ede99a1b94bb81acd7a9c0a1e60871c10d47e,f918148c094488c8aae3df27d6e2e4dda3bd083d7de2a3512e8f1214afc320aa,,3575.368425816004,2.309036707971245,no improving proposal,20.0,44.0,,4.0,20.0,20.0,stress,80,10,42,0,0.75,1,hierarchical-one-shot-pg,0,3575.368425816004,True,16857.0,15262.0,1595.0,reached time limit: 40.22526712506078 >= 40.0 (it: 42; best centralized it: 1; total runtime: 40.318191958009265),a4344fe7b45a3acbad6a85720010aceab390394a32e6601dec04b5d9cddc92d6,fc17ce90ea1c2e4e2ec10aeacbfda44a0d896faf47830770990c9f05ea43af37,,3575.368425816004,0.0388992079533636,0.0,0.0,time budget exhausted,0.0,12.96510225117209
stress-n80-f10-s42-l1.5-r0,stress,80,10,42,0,1.5,1,hierarchical-one-shot-pg,0,3d8037489e00c18d5b5b368e469fc450aa87abaa29170acaef229b9af26f58a5,0,2987.405059915916,True,33749.0,21168.0,12581.0,"assignments, replicas and prices stalled (it: 3; best centralized it: 1; total runtime: 9.340260249911807)",f5eeaea6f1acd2ca68bf056a0fa08e607a4a681d15e6dceb98f32ed5267c6f2d,98e84035b318910fa907deca36c8b29f0e8b00f5810eadb5e4bf7c920a2ac580,,2548.288232172015,2.793394707958214,no improving proposal,20.0,90.0,,4.0,20.0,20.0,stress,80,10,42,0,1.5,1,hierarchical-one-shot-pg,0,2548.288232172015,True,33749.0,20916.0,12833.0,reached time limit: 40.543051375076175 >= 40.0 (it: 34; best centralized it: 1; total runtime: 40.64241629105527),6e81d7d8ced601f20d21b61d7cb35f2fcc482188e493345b31fe14a613c1c1b2,ad4ef0d141f2330856f95233f94d7fcec539764d4bb5e27d0e5cc5b69a0c83b5,,2548.288232172015,0.0418947919970378,0.0,0.0,time budget exhausted,0.0,17.231835166841503
temporal-n40-f5-s7-l0.75-r0,temporal,40,5,7,0,0.75,3,hierarchical-one-shot-pg,0,bc70a964f10a10e983c4b496e795850ebc07f104ec92f1f71fef4827039f8985,0,1113.8786180974312,True,8008.0,7729.0,279.0,"assignments, replicas and prices stalled (it: 3; best centralized it: 1; total runtime: 1.3330737919313833)",3e8cfd327718fd31ef851ec781257d501543b9445de7398ced5c37cddd447928,da502922af839c69c9464917ca58914b0485eddf08ea4c162f09f08b4e1c37d6,,950.6494930441828,0.6209994170349091,no improving proposal,10.0,22.0,,4.0,10.0,20.0,temporal,40,5,7,0,0.75,3,hierarchical-one-shot-pg,0,1113.8786180974312,True,8008.0,7729.0,279.0,max iterations reached (it: 99; best centralized it: 1; total runtime: 10.869578208075836),3e8cfd327718fd31ef851ec781257d501543b9445de7398ced5c37cddd447928,da502922af839c69c9464917ca58914b0485eddf08ea4c162f09f08b4e1c37d6,,950.6494930441828,0.5678699159761891,10.0,22.0,no improving proposal,0.0,0.0
temporal-n40-f5-s7-l0.75-r0,temporal,40,5,7,0,0.75,3,hierarchical-one-shot-pg,0,bc70a964f10a10e983c4b496e795850ebc07f104ec92f1f71fef4827039f8985,1,948.7468710650865,True,13377.0,11096.0,2281.0,"assignments, replicas and prices stalled (it: 3; best centralized it: 1; total runtime: 1.5971902089659125)",3dde16f07461ffd63a5d5d9e2a898cdd4371482f199f5d356eb358d68e3ece0f,6d7b0a2fb484caa06cc37df3a188c7f7571e9ad70cf18ca9e6e440061122a7d3,1758.0,778.9375348059987,0.8106004169676453,no improving proposal,10.0,36.0,,4.0,10.0,20.0,temporal,40,5,7,0,0.75,3,hierarchical-one-shot-pg,0,948.7468710650865,True,13377.0,11096.0,2281.0,max iterations reached (it: 99; best centralized it: 1; total runtime: 12.040148374973796),3dde16f07461ffd63a5d5d9e2a898cdd4371482f199f5d356eb358d68e3ece0f,6d7b0a2fb484caa06cc37df3a188c7f7571e9ad70cf18ca9e6e440061122a7d3,1758.0,778.9375348059987,0.7306465420406312,10.0,36.0,no improving proposal,0.0,0.0
temporal-n40-f5-s7-l0.75-r0,temporal,40,5,7,0,0.75,3,hierarchical-one-shot-pg,0,bc70a964f10a10e983c4b496e795850ebc07f104ec92f1f71fef4827039f8985,2,1038.7035145533644,True,10701.0,9686.0,1015.0,"assignments, replicas and prices stalled (it: 3; best centralized it: 1; total runtime: 1.5016145000699908)",05ea52328803984eeec56108d1b75b40134224cf17a900710ae72860e3667029,10a3bf6d4604b2bbb4d527a10d1e6c1ba597c13a16f431ade17361d8ae02c25d,1320.0,873.1470770050564,0.7347588330740109,no improving proposal,10.0,30.0,,4.0,10.0,20.0,temporal,40,5,7,0,0.75,3,hierarchical-one-shot-pg,0,1038.7035145533644,True,10701.0,9686.0,1015.0,max iterations reached (it: 99; best centralized it: 1; total runtime: 12.05927441699896),05ea52328803984eeec56108d1b75b40134224cf17a900710ae72860e3667029,10a3bf6d4604b2bbb4d527a10d1e6c1ba597c13a16f431ade17361d8ae02c25d,1320.0,873.1470770050564,0.6476575420238078,10.0,30.0,no improving proposal,0.0,0.0
temporal-n80-f5-s7-l0.75-r0,temporal,80,5,7,0,0.75,3,hierarchical-one-shot-pg,0,04a8879cb5bbc735e08bcefce71d7a6101b82b4bc28bab5119f96caa0b4843c3,0,1938.154172514664,True,13964.0,13424.0,540.0,"assignments, replicas and prices stalled (it: 3; best centralized it: 1; total runtime: 4.921348165953532)",62d1b2b6f606f3a35233a25bfe5c962d0589824d9dc862c81cd5466854f6d556,80de415d74a6dbcfb342f691b1bc42a871b89ae947cf8eddd8d6842379f4c3c2,,1748.1210246331252,1.445643458981067,no improving proposal,20.0,37.0,,4.0,20.0,20.0,temporal,80,5,7,0,0.75,3,hierarchical-one-shot-pg,0,1748.1210246331252,True,13964.0,12966.0,998.0,reached time limit: 40.33337254100479 >= 40.0 (it: 66; best centralized it: 1; total runtime: 40.379703500075266),dcfc9784586105a3d07e54a4fab8519fada71c488fbbaade3163e4165c8c4c76,a44caef33d8c1a4f524235173dc2926e704769cce5cd1aad516c475678f68a8c,,1748.1210246331252,0.0208824999863281,0.0,0.0,time budget exhausted,0.0,10.870708904231652
temporal-n80-f5-s7-l0.75-r0,temporal,80,5,7,0,0.75,3,hierarchical-one-shot-pg,0,04a8879cb5bbc735e08bcefce71d7a6101b82b4bc28bab5119f96caa0b4843c3,1,1595.932621486073,True,23286.0,18785.0,4501.0,"assignments, replicas and prices stalled (it: 3; best centralized it: 1; total runtime: 5.405014999909326)",f009fbaad02c16e0556005de53d88d0dfd31f0c9c1ca14fe5434449b74dc4a7e,d23cc8a90864d494919149cda40c1d297876ab7d916c70a905ffef36144cefa1,2624.0,1425.4803480687535,1.7603050000034273,no improving proposal,20.0,61.0,,4.0,20.0,20.0,temporal,80,5,7,0,0.75,3,hierarchical-one-shot-pg,0,1425.4803480687535,True,23286.0,19272.0,4014.0,reached time limit: 40.411647040979005 >= 40.0 (it: 65; best centralized it: 1; total runtime: 40.45725920796394),c14a6196448f9c93aa51e2ae9f518b9e0d6711854d2e533b44806a982504ab13,774bd2436e8564a7f48ce95010e4be3c75dd11f28d5a2469308111d01b425e30,2582.0,1425.4803480687535,0.0211669999407604,0.0,0.0,time budget exhausted,0.0,11.957532325734888
temporal-n80-f5-s7-l0.75-r0,temporal,80,5,7,0,0.75,3,hierarchical-one-shot-pg,0,04a8879cb5bbc735e08bcefce71d7a6101b82b4bc28bab5119f96caa0b4843c3,2,1798.0093394621554,True,18619.0,16655.0,1964.0,"assignments, replicas and prices stalled (it: 3; best centralized it: 1; total runtime: 5.119927416904829)",97b6ca0be94292b0e520367f5f593dfff7e606a92f88a12d9026d011ae85acd2,043662efc4e5b74eb9bef43c3b0db663556d5147f8a0a1fb8405b24ea500a64a,1758.0,1595.6004832206,1.6065844170516357,no improving proposal,20.0,50.0,,4.0,20.0,20.0,temporal,80,5,7,0,0.75,3,hierarchical-one-shot-pg,0,1595.6004832206,True,18619.0,16399.0,2220.0,reached time limit: 40.56497508299071 >= 40.0 (it: 63; best centralized it: 1; total runtime: 40.61185187497176),cf3a8a1c37341fe654192bc06313cbd5829ff49af1100f91e5971fd0b6cb4ebd,5a6cb8a8921bff17d54672b5f029f60d602f10651f16ce857cb0d226a3eef83a,1479.0,1595.6004832206,0.0222247089259326,0.0,0.0,time budget exhausted,0.0,12.685434629162827
temporal-n40-f10-s7-l0.75-r0,temporal,40,10,7,0,0.75,3,hierarchical-one-shot-pg,0,c9d99645084a255aec08f9710d4cdcb7cfce047033aea8db48f743c85449ca8c,0,2055.079365066882,True,3640.0,3503.0,137.0,"assignments, replicas and prices stalled (it: 3; best centralized it: 1; total runtime: 1.5141295420471579)",5745fc4c3eaec2c489ab409983add5b58ba28f580f996e6b3755d93427fd93d1,9464a817ca6ed4dd1c1778088ddc7cb68f3bb2cc4b1d5f704b9ed027d53e2cb2,,1843.5508445229568,0.440852666972205,no improving proposal,10.0,19.0,,4.0,10.0,20.0,temporal,40,10,7,0,0.75,3,hierarchical-one-shot-pg,0,2055.079365066882,True,3640.0,3503.0,137.0,max iterations reached (it: 99; best centralized it: 1; total runtime: 16.9427613329608),5745fc4c3eaec2c489ab409983add5b58ba28f580f996e6b3755d93427fd93d1,9464a817ca6ed4dd1c1778088ddc7cb68f3bb2cc4b1d5f704b9ed027d53e2cb2,,1843.5508445229568,0.4160603330237791,10.0,19.0,no improving proposal,0.0,0.0
temporal-n40-f10-s7-l0.75-r0,temporal,40,10,7,0,0.75,3,hierarchical-one-shot-pg,0,c9d99645084a255aec08f9710d4cdcb7cfce047033aea8db48f743c85449ca8c,1,1740.7088103859885,True,6088.0,5163.0,925.0,"assignments, replicas and prices stalled (it: 3; best centralized it: 1; total runtime: 2.112066167057492)",cce8b5682f570e35ed3a91d7f9b0b3caff4e1d0507aa5c8f9d7314d7189657cc,feb802394c79ea997aafba22296c0c1ef51c487370a79223c8f63b2abcb02ab9,849.0,1567.4234250229656,0.7757050830405205,no improving proposal,10.0,35.0,,4.0,10.0,20.0,temporal,40,10,7,0,0.75,3,hierarchical-one-shot-pg,0,1740.7088103859885,True,6088.0,5163.0,925.0,max iterations reached (it: 99; best centralized it: 1; total runtime: 21.474354584002867),cce8b5682f570e35ed3a91d7f9b0b3caff4e1d0507aa5c8f9d7314d7189657cc,feb802394c79ea997aafba22296c0c1ef51c487370a79223c8f63b2abcb02ab9,849.0,1567.4234250229656,0.725433083018288,9.251092916005293,35.0,no improving proposal,0.0,0.0
temporal-n40-f10-s7-l0.75-r0,temporal,40,10,7,0,0.75,3,hierarchical-one-shot-pg,0,c9d99645084a255aec08f9710d4cdcb7cfce047033aea8db48f743c85449ca8c,2,1920.0092840386992,True,4880.0,4453.0,427.0,"assignments, replicas and prices stalled (it: 3; best centralized it: 1; total runtime: 2.038989790948108)",fd7c999592b94df285936592ce6b51cec4535000e544d789d9675e6edbccf8d0,9eec7e3f2239c2a5f93f185ca5d0208ce09f0a7907333774bbf127603f80e3a4,521.0,1726.4386439069142,0.7153677500318736,no improving proposal,10.0,26.0,,4.0,10.0,20.0,temporal,40,10,7,0,0.75,3,hierarchical-one-shot-pg,0,1920.0092840386992,True,4880.0,4453.0,427.0,max iterations reached (it: 99; best centralized it: 1; total runtime: 20.922295665950514),fd7c999592b94df285936592ce6b51cec4535000e544d789d9675e6edbccf8d0,9eec7e3f2239c2a5f93f185ca5d0208ce09f0a7907333774bbf127603f80e3a4,521.0,1726.4386439069142,0.6586021250113845,9.736321834032424,26.0,no improving proposal,0.0,0.0
