case_id,phase_new,nodes_new,functions_new,seed_new,repeat_new,load_scale_new,steps_new,method_new,workers_new,input_hash,status_new,wall_seconds_new,native_seconds_new,welfare_sum_new,feasible_new,phase_old,nodes_old,functions_old,seed_old,repeat_old,load_scale_old,steps_old,method_old,workers_old,status_old,wall_seconds_old,native_seconds_old,welfare_sum_old,feasible_old,welfare_change_pct,speedup
static-n40-f5-s7-l1-r0,static,40,5,7,0,1.0,1,hierarchical-one-shot-pg,0,0096463547fc3f3ff7b33b3b7213de12907f313a3759b5c9c61ee09cea6b32c6,ok,1.7780510829761624,1.5811006660806015,1044.3049635590994,True,static,40,5,7,0,1.0,1,hierarchical-one-shot-pg,0,ok,12.210771666956134,12.021465833997354,1044.3049635590994,True,0.0,6.86750329271605
static-n80-f5-s7-l1-r0,static,80,5,7,0,1.0,1,hierarchical-one-shot-pg,0,27addc14aba936174dd3a20bff6665d5e468ecf835d2fb5820f8411fc8b868a7,ok,5.984554875059985,5.21942300000228,1791.9230883416865,True,static,80,5,7,0,1.0,1,hierarchical-one-shot-pg,0,ok,41.25765866693109,40.54267533309758,1586.48591468613,True,12.94919619227759,6.894022952127673
static-n160-f5-s7-l1-r0,static,160,5,7,0,1.0,1,hierarchical-one-shot-pg,0,0be7f77c76a7f7c38fc7182821334e178555512e6fedbc4aad8ef19256eaa440,ok,25.45727850007825,22.337942707934417,4542.220997406422,True,static,160,5,7,0,1.0,1,hierarchical-one-shot-pg,0,ok,83.68626133399084,80.8318579159677,3606.883203981688,True,25.9320233156483,3.287321593851189
static-n40-f10-s7-l1-r0,static,40,10,7,0,1.0,1,hierarchical-one-shot-pg,0,3803b10438c3c8a597e814dc690a6da396a4e7bce82c9b4f5aa23bf7ee98bde5,ok,2.4637813339941204,2.0778410830534995,1919.289053939312,True,static,40,10,7,0,1.0,1,hierarchical-one-shot-pg,0,ok,20.46711524995044,20.10902445903048,1919.289053939312,True,0.0,8.30719632767511
static-n80-f10-s7-l1-r0,static,80,10,7,0,1.0,1,hierarchical-one-shot-pg,0,5da60002c603d9fe6ee3f00d913490be567cbd964ab5cf0dcbb3025300f24d1e,ok,10.025294999941252,8.341354749980383,3325.3583488469935,True,static,80,10,7,0,1.0,1,hierarchical-one-shot-pg,0,ok,42.28262870805338,40.98846433300059,3030.6659959607514,True,9.723682955462799,4.217594465629306
static-n160-f10-s7-l1-r0,static,160,10,7,0,1.0,1,hierarchical-one-shot-pg,0,9819ccf5a9cc46f1d09f21bc4118327835c8a27ce0b69229307f6669e284b751,ok,46.64212137495633,40.2947830830235,9343.937093080876,True,static,160,10,7,0,1.0,1,hierarchical-one-shot-pg,0,ok,88.17661220906302,82.23203641700093,8180.643094262104,True,14.22008007701383,1.8904931767620652
static-n40-f5-s42-l1-r0,static,40,5,42,0,1.0,1,hierarchical-one-shot-pg,0,edd16a7fda48e1dfd249be44eb51c49905165acf1cfbb04466157528b1827a2b,ok,1.5848853340139613,1.3920489159645513,730.5419284224811,True,static,40,5,42,0,1.0,1,hierarchical-one-shot-pg,0,ok,8.67790354101453,8.500848666997626,730.5419284224811,True,0.0,5.475414122885742
static-n80-f5-s42-l1-r0,static,80,5,42,0,1.0,1,hierarchical-one-shot-pg,0,9c5b63dff76ec3ff5c58ce41566edf2471ac2f916641bd477781366464977c2f,ok,5.9493624159367755,5.236265958985314,1964.861953260909,True,static,80,5,42,0,1.0,1,hierarchical-one-shot-pg,0,ok,41.16224683297333,40.51038941694424,1422.2748197777385,True,38.14924696254989,6.918766071925709
static-n160-f5-s42-l1-r0,static,160,5,42,0,1.0,1,hierarchical-one-shot-pg,0,e2380d3a3efaeb3bdc263192301b0c2818271101a3e6c998b83bbde0da31b3e7,ok,23.584299374953844,20.612491042003967,4839.698675400123,True,static,160,5,42,0,1.0,1,hierarchical-one-shot-pg,0,ok,84.32833108305931,81.36091358307749,4499.766048976376,True,7.554451114210181,3.5756131544282668
static-n40-f10-s42-l1-r0,static,40,10,42,0,1.0,1,hierarchical-one-shot-pg,0,dc4c314e508cf1780337e60f75a24a560c76241f52cfb2e54600f5272b1e7594,ok,2.588277042028494,2.225445791031234,1527.398966810877,True,static,40,10,42,0,1.0,1,hierarchical-one-shot-pg,0,ok,21.81294741597958,21.47339545795694,1527.398966810877,True,0.0,8.427593747415946
static-n80-f10-s42-l1-r0,static,80,10,42,0,1.0,1,hierarchical-one-shot-pg,0,5870c8402166004c3804f2d118896c28134fc2d49e53d9265d5cd086f4cf8c47,ok,10.691426542005502,9.082927583018318,3782.0621503229513,True,static,80,10,42,0,1.0,1,hierarchical-one-shot-pg,0,ok,41.56584429205395,40.27311791700777,3325.5019923985533,True,13.729059822186397,3.887773453687034
static-n160-f10-s42-l1-r0,static,160,10,42,0,1.0,1,hierarchical-one-shot-pg,0,28cb12822b012725e9fd45a5422a48f0186a182752e60918abe38feaf805becb,ok,49.70887254201807,42.678848208044656,9128.176370872026,True,static,160,10,42,0,1.0,1,hierarchical-one-shot-pg,0,ok,88.21601245808415,82.48235945799388,7460.668226592963,True,22.35065403840586,1.7746532549801173
static-n40-f5-s99-l1-r0,static,40,5,99,0,1.0,1,hierarchical-one-shot-pg,0,05a8983e2155a0e4d5b772b20bb19163527c2af8b973514f83a39d1b64abb1e7,ok,1.9186431670095772,1.702280208002776,1178.2335165275535,True,static,40,5,99,0,1.0,1,hierarchical-one-shot-pg,0,ok,12.07614820904564,11.89705358305946,1178.2335165275535,True,0.0,6.294108470345575
static-n80-f5-s99-l1-r0,static,80,5,99,0,1.0,1,hierarchical-one-shot-pg,0,943f1841092ed8cfe258cdb513d06b50a5b767d3642dbecedcf0fa1440efaaab,ok,5.130321834003553,4.354439459042624,2284.347472005459,True,static,80,5,99,0,1.0,1,hierarchical-one-shot-pg,0,ok,41.158306124969386,40.48304120800458,1977.1924353031377,True,15.534908551034853,8.022558322203862
static-n160-f5-s99-l1-r0,static,160,5,99,0,1.0,1,hierarchical-one-shot-pg,0,38b83a0561fdb59290e7f32768a5e162c6ad23fc0c6b244e3a7868e668888f77,ok,25.93927533389069,22.653347832965665,4332.110402642182,True,static,160,5,99,0,1.0,1,hierarchical-one-shot-pg,0,ok,85.04975795804057,82.20207095798105,3463.9606864901107,True,25.06234321705687,3.2788023899387695
static-n40-f10-s99-l1-r0,static,40,10,99,0,1.0,1,hierarchical-one-shot-pg,0,529c589185947eb4adc176002e04198d6e0c7481f200775ad6997269edbd8523,ok,3.052162667037919,2.6616087910952047,2242.1701285277286,True,static,40,10,99,0,1.0,1,hierarchical-one-shot-pg,0,ok,21.798182750004344,21.4658636249369,2242.1701285277286,True,0.0,7.141881062046792
static-n80-f10-s99-l1-r0,static,80,10,99,0,1.0,1,hierarchical-one-shot-pg,0,0abc2494dbc4e506fae5f7d706de446616da6a2ace1e5fca6b3153c90f3d7ce6,ok,9.779832124942914,8.205221291980706,4524.589830621205,True,static,80,10,99,0,1.0,1,hierarchical-one-shot-pg,0,ok,42.206251792027615,40.78246437490452,4111.6024039712665,True,10.04443976029994,4.315641746485907
static-n160-f10-s99-l1-r0,static,160,10,99,0,1.0,1,hierarchical-one-shot-pg,0,25235bd746487f6414121c91fb2af6b08adb2b656ac3f410b0f3179e9ecee4e3,ok,46.639535541064106,40.0355620830087,8533.134740634261,True,static,160,10,99,0,1.0,1,hierarchical-one-shot-pg,0,ok,86.40963875001762,80.69128933397587,7902.8723399206065,True,7.9751054250230435,1.8527122482585112
static-n40-f5-s2026-l1-r0,static,40,5,2026,0,1.0,1,hierarchical-one-shot-pg,0,692536d3c05b05ff1f4e877a6c3554d7320e80320cd1e49bd23ba530c5be87c1,ok,1.203505832934752,1.0018649159464983,1054.4512888892698,True,static,40,5,2026,0,1.0,1,hierarchical-one-shot-pg,0,ok,10.708651041029952,10.52091008296702,1054.4512888892698,True,0.0,8.897880465536987
static-n80-f5-s2026-l1-r0,static,80,5,2026,0,1.0,1,hierarchical-one-shot-pg,0,6f0314beab998778615fb964148f37b64c9787b9a44c943f951baefbc6fc17cb,ok,7.050536790979095,6.331653125002049,2479.3802546245383,True,static,80,5,2026,0,1.0,1,hierarchical-one-shot-pg,0,ok,41.045111792045645,40.38518762495369,2468.611183114989,True,0.43624008443323703,5.821558415887053
static-n160-f5-s2026-l1-r0,static,160,5,2026,0,1.0,1,hierarchical-one-shot-pg,0,80a54cc6c391bd7aef0e02647f974ef064c258f7c92e368a4496199d0539f19a,ok,26.23985779110808,22.966856500017457,5157.832366156505,True,static,160,5,2026,0,1.0,1,hierarchical-one-shot-pg,0,ok,83.54632604203653,80.6893215830205,4668.862979082035,True,10.472986447989685,3.183947363859111
static-n40-f10-s2026-l1-r0,static,40,10,2026,0,1.0,1,hierarchical-one-shot-pg,0,fafa48f7e7c95e5cdcd1e071740ce0b947e7c2c10409d7175533c7e261fea064,ok,2.3260398750426248,1.933380875037983,1760.671341698546,True,static,40,10,2026,0,1.0,1,hierarchical-one-shot-pg,0,ok,19.055841334047727,18.711992167052813,1760.671341698546,True,0.0,8.192396673207732
static-n80-f10-s2026-l1-r0,static,80,10,2026,0,1.0,1,hierarchical-one-shot-pg,0,9b5ae2f9d332a8c26ee61542a92fb264066379a11f88661a7d4f299d6fe5e4dd,ok,10.439258250058629,8.903430833015591,3878.1518783548327,True,static,80,10,2026,0,1.0,1,hierarchical-one-shot-pg,0,ok,42.05877233296633,40.690375542035326,3325.656170240794,True,16.613133764637954,4.028904288552313
static-n160-f10-s2026-l1-r0,static,160,10,2026,0,1.0,1,hierarchical-one-shot-pg,0,01c6d0c3f795af305e8296697d6e6a13bd18941d833734b02afc53ee7ced1ca3,ok,46.62866541696712,39.58225650002714,8631.936508899818,True,static,160,10,2026,0,1.0,1,hierarchical-one-shot-pg,0,ok,89.9268231659662,84.20159925008193,7981.407082968623,True,8.150560661407024,1.9285738153089806
stress-n80-f5-s7-l0.75-r0,stress,80,5,7,0,0.75,1,hierarchical-one-shot-pg,0,8d78b6de01f65a74adfadabb86c30ccadf2fee10c6cc92b5778a1ef307338044,ok,5.986460499931127,5.230200625024736,1943.462728358219,True,stress,80,5,7,0,0.75,1,hierarchical-one-shot-pg,0,ok,41.24430233403109,40.58330737508368,1752.8606906449177,True,10.873769874043692,6.889597339614218
stress-n80-f5-s7-l1.5-r0,stress,80,5,7,0,1.5,1,hierarchical-one-shot-pg,0,73f0907f0191967cb0f23dcb3d8e76309295e6f02731e15641432fad3335d1ef,ok,6.262983125052415,5.536282041925006,1412.8104687286964,True,stress,80,5,7,0,1.5,1,hierarchical-one-shot-pg,0,ok,41.09678895806428,40.30827800009865,1236.8446690249816,True,14.226992613585864,6.561855291238764
stress-n80-f10-s7-l0.75-r0,stress,80,10,7,0,0.75,1,hierarchical-one-shot-pg,0,cd9640bc5637de73ad8408f60ab17ac61429ff0fe6a42eef5a5255d13d940ee9,ok,8.788997333031148,7.233623042004183,3556.5211666952305,True,stress,80,10,7,0,0.75,1,hierarchical-one-shot-pg,0,ok,41.808551124995574,40.40404150006361,3255.445825288897,True,9.248359750530177,4.756919309540471
stress-n80-f10-s7-l1.5-r0,stress,80,10,7,0,1.5,1,hierarchical-one-shot-pg,0,9a43838ea591d1bce4eb9edffce6175cf4b09d69e50850b3f20da443defa5204,ok,9.159079125034625,7.750761499977671,2628.954179780343,True,stress,80,10,7,0,1.5,1,hierarchical-one-shot-pg,0,ok,42.40515391598456,41.10217475006357,2347.9760408214265,True,11.966823088221034,4.62984906420101
stress-n80-f5-s42-l0.75-r0,stress,80,5,42,0,0.75,1,hierarchical-one-shot-pg,0,934a4141e51bba0ef21301951eddbdc70a669bba005fd8d8fec97ba86c637eab,ok,5.217207374982536,4.517094583017752,2172.5507285174813,True,stress,80,5,42,0,0.75,1,hierarchical-one-shot-pg,0,ok,41.09445724997204,40.39259883295745,1609.8186662897333,True,34.95623911013019,7.87671531843405
stress-n80-f5-s42-l1.5-r0,stress,80,5,42,0,1.5,1,hierarchical-one-shot-pg,0,1c0e62447fcce347c0e08f812375291580ddd7e4eacedd644661b1a262e8dfb8,ok,6.48220091604162,5.656580333947204,1558.2816188235877,True,stress,80,5,42,0,1.5,1,hierarchical-one-shot-pg,0,ok,41.40853616700042,40.56215583300218,1032.2350056118437,True,50.961904057878435,6.388036517739826
stress-n80-f10-s42-l0.75-r0,stress,80,10,42,0,0.75,1,hierarchical-one-shot-pg,0,b6965fe6d5362c8ea3079c4356d0b206a50e73b04e89e69372c60804ff966c40,ok,9.229304749984294,7.725759374909103,4038.9185980791713,True,stress,80,10,42,0,0.75,1,hierarchical-one-shot-pg,0,ok,41.73698308400344,40.318191958009265,3575.368425816004,True,12.96510225117209,4.522223961027451
stress-n80-f10-s42-l1.5-r0,stress,80,10,42,0,1.5,1,hierarchical-one-shot-pg,0,3d8037489e00c18d5b5b368e469fc450aa87abaa29170acaef229b9af26f58a5,ok,11.098843374988064,9.340260249911807,2987.405059915916,True,stress,80,10,42,0,1.5,1,hierarchical-one-shot-pg,0,ok,41.92692024994176,40.64241629105527,2548.288232172015,True,17.231835166841503,3.7775936494812323
temporal-n40-f5-s7-l0.75-r0,temporal,40,5,7,0,0.75,3,hierarchical-one-shot-pg,0,bc70a964f10a10e983c4b496e795850ebc07f104ec92f1f71fef4827039f8985,ok,4.859442458022386,4.4318785009672865,3101.329003715882,True,temporal,40,5,7,0,0.75,3,hierarchical-one-shot-pg,0,ok,35.36500466696452,34.96900100004859,3101.329003715882,True,0.0,7.277584820164076
temporal-n80-f5-s7-l0.75-r0,temporal,80,5,7,0,0.75,3,hierarchical-one-shot-pg,0,04a8879cb5bbc735e08bcefce71d7a6101b82b4bc28bab5119f96caa0b4843c3,ok,17.337101125041954,15.446290582767688,5332.096133462893,True,temporal,80,5,7,0,0.75,3,hierarchical-one-shot-pg,0,ok,123.18804200005252,121.44881458301096,4769.201855922479,True,11.802693501878124,7.105457891234075
temporal-n40-f10-s7-l0.75-r0,temporal,40,10,7,0,0.75,3,hierarchical-one-shot-pg,0,c9d99645084a255aec08f9710d4cdcb7cfce047033aea8db48f743c85449ca8c,ok,6.644218874978833,5.665185500052758,5715.7974594915695,True,temporal,40,10,7,0,0.75,3,hierarchical-one-shot-pg,0,ok,60.23210512509104,59.33941158291418,5715.7974594915695,True,0.0,9.065340299356548
