case_id,phase_j4,nodes_j4,functions_j4,seed_j4,repeat_j4,load_scale_j4,steps_j4,method,workers_j4,input_hash,status_j4,wall_seconds_j4,native_seconds_j4,welfare_sum_j4,feasible_j4,phase_main,nodes_main,functions_main,seed_main,repeat_main,load_scale_main,steps_main,workers_main,status_main,wall_seconds_main,native_seconds_main,welfare_sum_main,feasible_main,time_ratio_j4_over_main,welfare_difference
static-n40-f5-s7-l1-r0,static,40,5,7,0,1.0,1,MADEA,4,0096463547fc3f3ff7b33b3b7213de12907f313a3759b5c9c61ee09cea6b32c6,ok,3.822538624983281,0.0588178615441195,814.794600746575,True,static,40,5,7,0,1.0,1,0,ok,1.7669195829657838,0.0519857235615571,814.794600746575,True,2.16339139700242,0.0
static-n40-f5-s7-l1-r0,static,40,5,7,0,1.0,1,MADEA-one-shot,4,0096463547fc3f3ff7b33b3b7213de12907f313a3759b5c9c61ee09cea6b32c6,ok,3.531602666946128,,777.0084158670679,True,static,40,5,7,0,1.0,1,0,ok,1.1803932919865474,,777.0084158670679,True,2.9918864254155526,0.0
static-n40-f5-s7-l1-r0,static,40,5,7,0,1.0,1,MADEA-PG,4,0096463547fc3f3ff7b33b3b7213de12907f313a3759b5c9c61ee09cea6b32c6,ok,4.496728584053926,0.7082803376645714,1003.4072477942054,True,static,40,5,7,0,1.0,1,0,ok,2.3868935420177877,0.688882277294926,1003.4072477942054,True,1.8839250703458543,0.0
static-n40-f5-s7-l1-r0,static,40,5,7,0,1.0,1,PLASMA-Welfare,4,0096463547fc3f3ff7b33b3b7213de12907f313a3759b5c9c61ee09cea6b32c6,ok,4.420710333040915,4.011533,1023.830588179025,True,static,40,5,7,0,1.0,1,4,ok,4.0849707500310615,3.707557,1023.830588179025,True,1.082188980914319,0.0
static-n80-f5-s7-l1-r0,static,80,5,7,0,1.0,1,MADEA-one-shot,4,27addc14aba936174dd3a20bff6665d5e468ecf835d2fb5820f8411fc8b868a7,ok,6.763125207973644,,1499.045365867942,True,static,80,5,7,0,1.0,1,0,ok,3.681852874928154,,1499.045365867942,True,1.836880896036786,0.0
static-n80-f5-s7-l1-r0,static,80,5,7,0,1.0,1,MADEA-PG,4,27addc14aba936174dd3a20bff6665d5e468ecf835d2fb5820f8411fc8b868a7,ok,10.308367124991491,1.5370519852930953,1720.2279196650445,True,static,80,5,7,0,1.0,1,0,ok,6.314974792068824,1.4899962696669318,1720.2279196650445,True,1.6323686894107787,0.0
static-n80-f5-s7-l1-r0,static,80,5,7,0,1.0,1,PLASMA-Welfare,4,27addc14aba936174dd3a20bff6665d5e468ecf835d2fb5820f8411fc8b868a7,ok,6.3152650410775095,5.403768,1794.5830068020657,True,static,80,5,7,0,1.0,1,4,ok,6.451471249922179,5.539452,1794.5830068020657,True,0.97888757407912,0.0
static-n80-f5-s7-l1-r0,static,80,5,7,0,1.0,1,MADEA,4,27addc14aba936174dd3a20bff6665d5e468ecf835d2fb5820f8411fc8b868a7,ok,8.9105531249661,0.0931262525071938,1494.622047612562,True,static,80,5,7,0,1.0,1,0,ok,4.781730417045765,0.087266488556147,1494.622047612562,True,1.8634578589378514,0.0
static-n160-f5-s7-l1-r0,static,160,5,7,0,1.0,1,MADEA-PG,4,0be7f77c76a7f7c38fc7182821334e178555512e6fedbc4aad8ef19256eaa440,ok,116.15821150003468,4.929397327964368,3988.1208564729345,True,static,160,5,7,0,1.0,1,0,ok,58.2682265000185,4.595511036382884,3988.1208564729345,True,1.9935086148537198,0.0
static-n160-f5-s7-l1-r0,static,160,5,7,0,1.0,1,PLASMA-Welfare,4,0be7f77c76a7f7c38fc7182821334e178555512e6fedbc4aad8ef19256eaa440,ok,13.062014750088563,9.721691,4695.395400707522,True,static,160,5,7,0,1.0,1,4,ok,12.13400295889005,9.151965,4695.395400707522,True,1.0764802674222689,0.0
