nodes,functions,phase,MADEA_welfare_mean,MADEA_wall_median,MADEA-one-shot_welfare_mean,MADEA-one-shot_wall_median,MADEA-PG_welfare_mean,MADEA-PG_wall_median,PLASMA-Welfare_welfare_mean,PLASMA-Welfare_wall_median,one-shot-pg_welfare_mean,one-shot-pg_wall_median,hierarchical-one-shot-pg_welfare_mean,hierarchical-one-shot-pg_wall_median,load_scale
40,5,static,866.4533911406967,1.6480591874569654,864.7325769873825,1.0895367084885947,963.263067247358,2.332538625050802,982.1208166906656,3.914161562512163,963.8364487547869,1.4445512289530598,1001.8829243496009,1.6814682084950618,
40,10,static,1452.2832423691225,2.750716229493264,1402.274083001915,1.7253085215343162,1749.3034321897273,3.764014458458405,1896.6417516822862,7.141955354483798,1733.615234559123,2.4191457294509746,1862.3823727441159,2.5260291880113073,
80,5,static,1698.5126127220083,7.071124791982585,1671.846813997264,3.2837927705259062,1988.2210085240222,8.502099708537571,2137.9283571264614,5.699374062998686,1991.3212875381907,4.586030437960289,2130.128192058148,5.96695864549838,
80,10,static,3204.437069113375,13.940657540922984,3202.869017445785,6.057753187546041,3674.35719949174,15.842259750002995,3882.515350706994,10.037097979045939,3673.092468116011,7.918944875011221,3877.5405520364957,10.23227662499994,
160,5,static,3647.5664087462874,28.160425916488748,3517.0726269191864,11.990222645981703,4282.690782859654,33.98292822949588,4685.506536657068,12.121950312459376,4217.587876177442,15.662535436975304,4717.9656104013075,25.69827691698447,
160,10,static,7227.9131330026175,64.84318645851454,7105.616180377464,22.839001125015784,8318.725447177148,70.94960864598397,8904.755557852659,19.732028937491123,8279.628006935576,29.091800895985216,8909.296178371746,46.64082845801022,
80,5,stress,1508.1985877276506,7.337878521007951,1450.9922623373802,3.393065458512865,1915.170938713502,8.588827208499424,2015.3719544189098,5.465329000493512,1901.9302718429944,4.64859079150483,2058.00672843785,5.601833937456831,0.75
80,5,stress,1065.3058012293582,4.983152186963707,1072.7921321514427,3.701995187031571,1410.249104567091,6.549761833506636,1474.335116375813,7.542995291529223,1409.6342088708925,5.294007187476382,1485.5460437761421,6.3725920205470175,1.5
80,10,stress,3228.3671828611095,9.39758625003742,3164.4203495111315,5.954922771023121,3662.1140196208016,13.602241958491506,3725.9981645765793,7.491363791574258,3645.492442851875,7.591990270477254,3797.719882387201,9.009151041507721,0.75
80,10,stress,2366.0556748615886,13.043381708441302,2379.4341596231934,6.223889562534168,2726.155015373748,14.909826187533326,2840.7205877168835,9.817162895516958,2731.2715966457636,8.121270604548045,2808.1796198481297,10.128961250011344,1.5
40,5,temporal,798.6485020508927,5.185104875010438,790.5259153052444,3.2981042918981984,978.420519718044,7.054308958933689,1019.0352146624546,10.30857375008054,976.4779653616579,4.91129495901987,1033.7763345719607,4.859442458022386,
40,10,temporal,1623.170874942007,9.610851916950196,1609.6454546963002,4.938905082992278,1812.0661511668868,11.655596790951677,1908.4859455045255,12.490326416911556,1801.5176189103956,6.778949667001143,1905.2658198305232,6.644218874978833,
80,5,temporal,1510.9986695028135,18.362446499988437,1510.1143610486795,10.683781041996554,1721.3927582442168,22.61951379198581,1784.3489021476444,14.873734625056386,1716.7165255929842,14.57335033302661,1777.3653778209639,17.337101125041954,
