phase,nodes,functions,seed,repeat,case_id,step,MADEA,MADEA-one-shot,MADEA-PG,PLASMA-Welfare,one-shot-pg,hierarchical-one-shot-pg
static,40,5,7,0,static-n40-f5-s7-l1-r0,0,0.0,-4.6375104652000125,23.1484900458115,25.655053094475065,20.292033900215458,28.16787968430694
static,40,5,42,0,static-n40-f5-s42-l1-r0,0,0.0,0.42857279132788584,0.7154057883692166,0.38098025154336135,1.0253464305906235,1.187362206172704
static,40,5,99,0,static-n40-f5-s99-l1-r0,0,0.0,3.1337751501023803,3.5018424736006803,5.122613231381812,6.056773571482044,9.420090660314596
static,40,5,2026,0,static-n40-f5-s2026-l1-r0,0,0.0,-0.6964694417759154,18.275510410624808,22.965404045150173,17.78488615886371,23.725398869371993
static,40,10,7,0,static-n40-f10-s7-l1-r0,0,0.0,-0.6440130750241857,12.808040050408632,21.806078527469587,12.412361811345285,21.174458472092873
static,40,10,42,0,static-n40-f10-s42-l1-r0,0,0.0,-2.4799306096794815,21.920871216435998,25.911718940844786,21.358746314829503,28.618192753295226
static,40,10,99,0,static-n40-f10-s99-l1-r0,0,0.0,3.179715850835585,10.200739228308286,13.948941085126432,12.005822422824664,15.639473427685768
static,40,10,2026,0,static-n40-f10-s2026-l1-r0,0,0.0,-20.208247853016058,47.97338089535263,77.7130311868924,40.254664704226364,60.243000732544076
static,80,5,7,0,static-n80-f5-s7-l1-r0,0,0.0,0.2959489499332335,15.094509840320814,20.06935195882109,15.07936733268107,6.146294123006335
static,80,5,42,0,static-n80-f5-s42-l1-r0,0,0.0,-5.316846065501879,51.918364815000004,67.01092685805072,50.11901828342942,21.358752371654212
static,80,5,99,0,static-n80-f5-s99-l1-r0,0,0.0,-4.6648633104655834,18.637804027155802,38.61009136107354,18.949942403460064,17.035243212561866
static,80,5,2026,0,static-n80-f5-s2026-l1-r0,0,0.0,1.231831011722706,0.4060118755799147,0.8237197122573869,1.5725812155569008,1.252669240182347
static,80,10,7,0,static-n80-f10-s7-l1-r0,0,0.0,2.3852687771981573,10.347794054820959,12.630212269985975,11.227176353864365,4.08687279930835
static,80,10,42,0,static-n80-f10-s42-l1-r0,0,0.0,0.26193602142445815,15.010949494937176,17.395864882570457,15.177670339769044,5.319536129869129
static,80,10,99,0,static-n80-f10-s99-l1-r0,0,0.0,-0.7165550919895236,13.449600522796823,22.302010901032766,13.07548551096913,10.02134252542508
static,80,10,2026,0,static-n80-f10-s2026-l1-r0,0,0.0,-1.899941249583359,19.98329541765709,31.939291921446067,19.254514000621946,10.433808783137334
static,160,5,7,0,static-n160-f5-s7-l1-r0,0,0.0,-6.454938813420608,31.951110265226433,55.352021303971235,29.0068787141331,19.337467566941303
static,160,5,42,0,static-n160-f5-s42-l1-r0,0,0.0,-1.0188963975153675,6.152616774826702,7.377268300556028,5.522086711685992,4.071277164283393
static,160,5,99,0,static-n160-f5-s99-l1-r0,0,0.0,-7.762652991889462,29.949299474764945,52.23637459099848,26.181992039648506,20.930309066002707
static,160,5,2026,0,static-n160-f5-s2026-l1-r0,0,0.0,-1.3806861353386157,10.295295213780896,15.150460832203194,9.467603227750221,6.602821764977218
static,160,10,7,0,static-n160-f10-s7-l1-r0,0,0.0,-1.6176543064819526,18.41999692134706,28.457909781820454,18.015801569536592,12.726551340135583
static,160,10,42,0,static-n160-f10-s42-l1-r0,0,0.0,-4.51121844537441,25.234621288593708,44.88052891006813,24.045015865010022,15.11557485969941
static,160,10,99,0,static-n160-f10-s99-l1-r0,0,0.0,-0.8083580981623539,9.098235693742463,11.351071268911594,8.452267980585692,4.937344722069481
static,160,10,2026,0,static-n160-f10-s2026-l1-r0,0,0.0,-0.2426242328019801,9.235746798265442,11.496051791819939,9.218601513639246,4.434220720755588
stress,80,5,7,0,stress-n80-f5-s7-l0.75-r0,0,0.0,0.38936582815960463,12.688687550303502,16.26376489617374,13.217669056072335,5.514247152110152
stress,80,5,7,0,stress-n80-f5-s7-l1.5-r0,0,0.0,0.8459272800178441,14.799261542894948,20.226889535356875,15.147961461486403,3.7960579492547275
stress,80,5,42,0,stress-n80-f5-s42-l0.75-r0,0,0.0,-8.920171688056278,44.50848418290767,54.914099311311304,41.905874241152816,18.79333973708288
stress,80,5,42,0,stress-n80-f5-s42-l1.5-r0,0,0.0,0.5210327992003938,54.68971541237586,61.451777530410624,54.11624050127695,9.92904518543407
stress,80,10,7,0,stress-n80-f10-s7-l0.75-r0,0,0.0,-1.6587998006412752,12.155740118382251,13.462217495958617,11.682364727116168,5.7843735521630135
stress,80,10,7,0,stress-n80-f10-s7-l1.5-r0,0,0.0,1.103267386012341,12.583318777989927,18.639863729296447,13.44330768223443,4.003542146945693
stress,80,10,42,0,stress-n80-f10-s42-l0.75-r0,0,0.0,-2.273997523828719,14.600916654993457,17.19205447055321,14.048277426828859,5.802076940218548
stress,80,10,42,0,stress-n80-f10-s42-l1.5-r0,0,0.0,0.07474944117233928,17.624380350241097,21.358400923167675,17.253323125777253,2.981155600310026
temporal,40,5,7,0,temporal-n40-f5-s7-l0.75-r0,0,0.0,-2.6196779195358566,20.208730204803295,24.767475566670516,19.776011892179348,27.606611039815675
temporal,40,5,7,0,temporal-n40-f5-s7-l0.75-r0,1,0.0,-1.2776770812725546,21.744402800754425,27.633181858062805,21.358850372204618,26.66066282538708
temporal,40,5,7,0,temporal-n40-f5-s7-l0.75-r0,2,0.0,1.0426126139982728,25.844783678058004,30.746741854101177,25.952988299382973,34.19960866022491
temporal,40,10,7,0,temporal-n40-f10-s7-l0.75-r0,0,0.0,-2.4481186002346833,12.141696700069815,16.410012142092434,10.904099169749237,17.864720678204236
temporal,40,10,7,0,temporal-n40-f10-s7-l0.75-r0,1,0.0,1.4698484134903378,9.059318885007063,16.605307333333386,9.23726889028993,13.248393418539406
temporal,40,10,7,0,temporal-n40-f10-s7-l0.75-r0,2,0.0,-1.2892153722466881,13.578127698919662,19.799620275679473,12.772376802564288,20.842740795214155
temporal,80,5,7,0,temporal-n80-f5-s7-l0.75-r0,0,0.0,0.3688143474182226,13.284804297411878,15.89279396066563,13.496214086847358,4.976422982439654
temporal,80,5,7,0,temporal-n80-f5-s7-l0.75-r0,1,0.0,1.7856305092108116,13.384942843324499,19.2605187975444,13.407922180310084,4.4149386365277765
temporal,80,5,7,0,temporal-n80-f5-s7-l0.75-r0,2,0.0,-2.207742904059984,15.122729569476178,19.463723296074797,13.933879659369786,6.193711454126749
