case_id,phase,nodes,functions,seed,repeat,load_scale,steps,method,workers,input_hash,status,wall_seconds,native_seconds,welfare_sum,feasible
static-n40-f5-s7-l1-r0,static,40,5,7,0,1.0,1,MADEA,0,0096463547fc3f3ff7b33b3b7213de12907f313a3759b5c9c61ee09cea6b32c6,ok,1.7669195829657838,0.0519857235615571,814.794600746575,True
static-n40-f5-s7-l1-r0,static,40,5,7,0,1.0,1,MADEA-one-shot,0,0096463547fc3f3ff7b33b3b7213de12907f313a3759b5c9c61ee09cea6b32c6,ok,1.1803932919865474,,777.0084158670679,True
static-n40-f5-s7-l1-r0,static,40,5,7,0,1.0,1,MADEA-PG,0,0096463547fc3f3ff7b33b3b7213de12907f313a3759b5c9c61ee09cea6b32c6,ok,2.3868935420177877,0.688882277294926,1003.4072477942054,True
static-n40-f5-s7-l1-r0,static,40,5,7,0,1.0,1,PLASMA-Welfare,4,0096463547fc3f3ff7b33b3b7213de12907f313a3759b5c9c61ee09cea6b32c6,ok,4.0849707500310615,3.707557,1023.830588179025,True
static-n80-f5-s7-l1-r0,static,80,5,7,0,1.0,1,MADEA-one-shot,0,27addc14aba936174dd3a20bff6665d5e468ecf835d2fb5820f8411fc8b868a7,ok,3.681852874928154,,1499.045365867942,True
static-n80-f5-s7-l1-r0,static,80,5,7,0,1.0,1,MADEA-PG,0,27addc14aba936174dd3a20bff6665d5e468ecf835d2fb5820f8411fc8b868a7,ok,6.314974792068824,1.4899962696669318,1720.2279196650445,True
static-n80-f5-s7-l1-r0,static,80,5,7,0,1.0,1,PLASMA-Welfare,4,27addc14aba936174dd3a20bff6665d5e468ecf835d2fb5820f8411fc8b868a7,ok,6.451471249922179,5.539452,1794.5830068020657,True
static-n80-f5-s7-l1-r0,static,80,5,7,0,1.0,1,MADEA,0,27addc14aba936174dd3a20bff6665d5e468ecf835d2fb5820f8411fc8b868a7,ok,4.781730417045765,0.087266488556147,1494.622047612562,True
static-n160-f5-s7-l1-r0,static,160,5,7,0,1.0,1,MADEA-PG,0,0be7f77c76a7f7c38fc7182821334e178555512e6fedbc4aad8ef19256eaa440,ok,58.2682265000185,4.595511036382884,3988.1208564729345,True
static-n160-f5-s7-l1-r0,static,160,5,7,0,1.0,1,PLASMA-Welfare,4,0be7f77c76a7f7c38fc7182821334e178555512e6fedbc4aad8ef19256eaa440,ok,12.13400295889005,9.151965,4695.395400707522,True
static-n160-f5-s7-l1-r0,static,160,5,7,0,1.0,1,MADEA,0,0be7f77c76a7f7c38fc7182821334e178555512e6fedbc4aad8ef19256eaa440,ok,54.095387542038225,0.6336998641694349,3022.423114482833,True
static-n160-f5-s7-l1-r0,static,160,5,7,0,1.0,1,MADEA-one-shot,0,0be7f77c76a7f7c38fc7182821334e178555512e6fedbc4aad8ef19256eaa440,ok,11.611797749996184,,2827.3275517602847,True
static-n40-f10-s7-l1-r0,static,40,10,7,0,1.0,1,PLASMA-Welfare,4,3803b10438c3c8a597e814dc690a6da396a4e7bce82c9b4f5aa23bf7ee98bde5,ok,4.805332959047519,4.256904,1929.2933194736388,True
static-n40-f10-s7-l1-r0,static,40,10,7,0,1.0,1,MADEA,0,3803b10438c3c8a597e814dc690a6da396a4e7bce82c9b4f5aa23bf7ee98bde5,ok,1.9700840000296012,0.0533146917997048,1583.9056168601196,True
static-n40-f10-s7-l1-r0,static,40,10,7,0,1.0,1,MADEA-one-shot,0,3803b10438c3c8a597e814dc690a6da396a4e7bce82c9b4f5aa23bf7ee98bde5,ok,1.737568584037945,,1573.705057591498,True
static-n40-f10-s7-l1-r0,static,40,10,7,0,1.0,1,MADEA-PG,0,3803b10438c3c8a597e814dc690a6da396a4e7bce82c9b4f5aa23bf7ee98bde5,ok,2.7287687089992687,0.6897970574315029,1786.7728826282355,True
static-n80-f10-s7-l1-r0,static,80,10,7,0,1.0,1,MADEA,0,5da60002c603d9fe6ee3f00d913490be567cbd964ab5cf0dcbb3025300f24d1e,ok,8.733484084019437,0.0945731646251206,2911.669756669729,True
static-n80-f10-s7-l1-r0,static,80,10,7,0,1.0,1,MADEA-one-shot,0,5da60002c603d9fe6ee3f00d913490be567cbd964ab5cf0dcbb3025300f24d1e,ok,6.0733776250854135,,2981.1209062706935,True
static-n80-f10-s7-l1-r0,static,80,10,7,0,1.0,1,MADEA-PG,0,5da60002c603d9fe6ee3f00d913490be567cbd964ab5cf0dcbb3025300f24d1e,ok,10.188029624987394,1.4644022918842112,3212.963346646419,True
static-n80-f10-s7-l1-r0,static,80,10,7,0,1.0,1,PLASMA-Welfare,4,5da60002c603d9fe6ee3f00d913490be567cbd964ab5cf0dcbb3025300f24d1e,ok,4.5287241250043735,2.970342,3279.4198275381,True
static-n160-f10-s7-l1-r0,static,160,10,7,0,1.0,1,MADEA-one-shot,0,9819ccf5a9cc46f1d09f21bc4118327835c8a27ce0b69229307f6669e284b751,ok,23.035225457977504,,7139.674258875606,True
static-n160-f10-s7-l1-r0,static,160,10,7,0,1.0,1,MADEA-PG,0,9819ccf5a9cc46f1d09f21bc4118327835c8a27ce0b69229307f6669e284b751,ok,103.17936395900324,6.923119719913252,8593.820342415102,True
static-n160-f10-s7-l1-r0,static,160,10,7,0,1.0,1,PLASMA-Welfare,4,9819ccf5a9cc46f1d09f21bc4118327835c8a27ce0b69229307f6669e284b751,ok,20.730729292030446,15.05933,9322.27855875015,True
static-n160-f10-s7-l1-r0,static,160,10,7,0,1.0,1,MADEA,0,9819ccf5a9cc46f1d09f21bc4118327835c8a27ce0b69229307f6669e284b751,ok,96.31561883399264,0.6997687300257772,7257.068540647741,True
static-n40-f5-s42-l1-r0,static,40,5,42,0,1.0,1,MADEA-PG,0,edd16a7fda48e1dfd249be44eb51c49905165acf1cfbb04466157528b1827a2b,ok,2.5052736250218004,0.6837675605813165,727.1345468673516,True
static-n40-f5-s42-l1-r0,static,40,5,42,0,1.0,1,PLASMA-Welfare,4,edd16a7fda48e1dfd249be44eb51c49905165acf1cfbb04466157528b1827a2b,ok,3.7433523749932647,3.360918,724.7200963741299,True
static-n40-f5-s42-l1-r0,static,40,5,42,0,1.0,1,MADEA,0,edd16a7fda48e1dfd249be44eb51c49905165acf1cfbb04466157528b1827a2b,ok,1.9527950410265476,0.0452644176627633,721.9695350235309,True
static-n40-f5-s42-l1-r0,static,40,5,42,0,1.0,1,MADEA-one-shot,0,edd16a7fda48e1dfd249be44eb51c49905165acf1cfbb04466157528b1827a2b,ok,0.8532722500385717,,725.0637000123182,True
static-n80-f5-s42-l1-r0,static,80,5,42,0,1.0,1,PLASMA-Welfare,4,9c5b63dff76ec3ff5c58ce41566edf2471ac2f916641bd477781366464977c2f,ok,6.1791749589610845,5.258113,1957.299587017082,True
static-n80-f5-s42-l1-r0,static,80,5,42,0,1.0,1,MADEA,0,9c5b63dff76ec3ff5c58ce41566edf2471ac2f916641bd477781366464977c2f,ok,9.360519166919405,0.2166024229260083,1171.958999234026,True
static-n80-f5-s42-l1-r0,static,80,5,42,0,1.0,1,MADEA-one-shot,0,9c5b63dff76ec3ff5c58ce41566edf2471ac2f916641bd477781366464977c2f,ok,3.4490088330348954,,1109.6477432939564,True
static-n80-f5-s42-l1-r0,static,80,5,42,0,1.0,1,MADEA-PG,0,9c5b63dff76ec3ff5c58ce41566edf2471ac2f916641bd477781366464977c2f,ok,10.689224625006318,1.6157443647049592,1780.4209479385706,True
static-n160-f5-s42-l1-r0,static,160,5,42,0,1.0,1,MADEA,0,e2380d3a3efaeb3bdc263192301b0c2818271101a3e6c998b83bbde0da31b3e7,ok,23.41174799995497,0.2777550364643914,4323.734820581857,True
static-n160-f5-s42-l1-r0,static,160,5,42,0,1.0,1,MADEA-one-shot,0,e2380d3a3efaeb3bdc263192301b0c2818271101a3e6c998b83bbde0da31b3e7,ok,12.085221374989487,,4279.680442256831,True
static-n160-f5-s42-l1-r0,static,160,5,42,0,1.0,1,MADEA-PG,0,e2380d3a3efaeb3bdc263192301b0c2818271101a3e6c998b83bbde0da31b3e7,ok,26.06843775010202,2.970020742388399,4589.757654452,True
static-n160-f5-s42-l1-r0,static,160,5,42,0,1.0,1,PLASMA-Welfare,4,e2380d3a3efaeb3bdc263192301b0c2818271101a3e6c998b83bbde0da31b3e7,ok,6.6983009580289945,3.436213,4642.708338900746,True
static-n40-f10-s42-l1-r0,static,40,10,42,0,1.0,1,MADEA-one-shot,0,dc4c314e508cf1780337e60f75a24a560c76241f52cfb2e54600f5272b1e7594,ok,1.6690088330069557,,1158.0947457083937,True
static-n40-f10-s42-l1-r0,static,40,10,42,0,1.0,1,MADEA-PG,0,dc4c314e508cf1780337e60f75a24a560c76241f52cfb2e54600f5272b1e7594,ok,4.251531374990009,1.1510213064251895,1447.8652571791429,True
static-n40-f10-s42-l1-r0,static,40,10,42,0,1.0,1,PLASMA-Welfare,4,dc4c314e508cf1780337e60f75a24a560c76241f52cfb2e54600f5272b1e7594,ok,7.1644774589221925,6.498533,1495.2583713294373,True
static-n40-f10-s42-l1-r0,static,40,10,42,0,1.0,1,MADEA,0,dc4c314e508cf1780337e60f75a24a560c76241f52cfb2e54600f5272b1e7594,ok,3.1061685419408605,0.0938644368202342,1187.5450386249847,True
static-n80-f10-s42-l1-r0,static,80,10,42,0,1.0,1,MADEA-PG,0,5870c8402166004c3804f2d118896c28134fc2d49e53d9265d5cd086f4cf8c47,ok,14.409261416993104,2.32907240723398,3631.51183291808,True
static-n80-f10-s42-l1-r0,static,80,10,42,0,1.0,1,PLASMA-Welfare,4,5870c8402166004c3804f2d118896c28134fc2d49e53d9265d5cd086f4cf8c47,ok,11.644645958091132,9.872723,3706.8163886037096,True
static-n80-f10-s42-l1-r0,static,80,10,42,0,1.0,1,MADEA,0,5870c8402166004c3804f2d118896c28134fc2d49e53d9265d5cd086f4cf8c47,ok,12.282034665928222,0.1716234586424637,3157.535738002007,True
static-n80-f10-s42-l1-r0,static,80,10,42,0,1.0,1,MADEA-one-shot,0,5870c8402166004c3804f2d118896c28134fc2d49e53d9265d5cd086f4cf8c47,ok,6.145208167028613,,3165.806461489185,True
static-n160-f10-s42-l1-r0,static,160,10,42,0,1.0,1,PLASMA-Welfare,4,28cb12822b012725e9fd45a5422a48f0186a182752e60918abe38feaf805becb,ok,18.7333285829518,12.558754,9389.742091882135,True
static-n160-f10-s42-l1-r0,static,160,10,42,0,1.0,1,MADEA,0,28cb12822b012725e9fd45a5422a48f0186a182752e60918abe38feaf805becb,ok,75.07267200003844,0.6547036397547035,6481.024166960794,True
static-n160-f10-s42-l1-r0,static,160,10,42,0,1.0,1,MADEA-one-shot,0,28cb12822b012725e9fd45a5422a48f0186a182752e60918abe38feaf805becb,ok,22.642776792054065,,6188.651009291685,True
static-n160-f10-s42-l1-r0,static,160,10,42,0,1.0,1,MADEA-PG,0,28cb12822b012725e9fd45a5422a48f0186a182752e60918abe38feaf805becb,ok,80.9275705839973,6.3731735452215865,8116.486071115585,True
static-n40-f5-s99-l1-r0,static,40,5,99,0,1.0,1,MADEA,0,05a8983e2155a0e4d5b772b20bb19163527c2af8b973514f83a39d1b64abb1e7,ok,1.5170080419629812,0.0540240725059471,1076.7981541756164,True
static-n40-f5-s99-l1-r0,static,40,5,99,0,1.0,1,MADEA-one-shot,0,05a8983e2155a0e4d5b772b20bb19163527c2af8b973514f83a39d1b64abb1e7,ok,1.2122041250113398,,1110.542587147933,True
static-n40-f5-s99-l1-r0,static,40,5,99,0,1.0,1,MADEA-PG,0,05a8983e2155a0e4d5b772b20bb19163527c2af8b973514f83a39d1b64abb1e7,ok,2.278183708083816,0.7915258595461226,1114.5059292934864,True
static-n40-f5-s99-l1-r0,static,40,5,99,0,1.0,1,PLASMA-Welfare,4,05a8983e2155a0e4d5b772b20bb19163527c2af8b973514f83a39d1b64abb1e7,ok,4.959677416016348,4.568297,1131.9583588966916,True
static-n80-f5-s99-l1-r0,static,80,5,99,0,1.0,1,MADEA-one-shot,0,943f1841092ed8cfe258cdb513d06b50a5b767d3642dbecedcf0fa1440efaaab,ok,3.118576708016917,,1610.5910143561443,True
static-n80-f5-s99-l1-r0,static,80,5,99,0,1.0,1,MADEA-PG,0,943f1841092ed8cfe258cdb513d06b50a5b767d3642dbecedcf0fa1440efaaab,ok,11.270131082972512,1.1275304798389034,2004.266084511296,True
static-n80-f5-s99-l1-r0,static,80,5,99,0,1.0,1,PLASMA-Welfare,4,943f1841092ed8cfe258cdb513d06b50a5b767d3642dbecedcf0fa1440efaaab,ok,3.2119364578975365,2.311408,2341.6777423022913,True
static-n80-f5-s99-l1-r0,static,80,5,99,0,1.0,1,MADEA,0,943f1841092ed8cfe258cdb513d06b50a5b767d3642dbecedcf0fa1440efaaab,ok,10.08752312499564,0.2821643615310601,1689.3991767181783,True
static-n160-f5-s99-l1-r0,static,160,5,99,0,1.0,1,MADEA-PG,0,38b83a0561fdb59290e7f32768a5e162c6ad23fc0c6b244e3a7868e668888f77,ok,33.63048366701696,4.558264083501712,3722.3031024574134,True
static-n160-f5-s99-l1-r0,static,160,5,99,0,1.0,1,PLASMA-Welfare,4,38b83a0561fdb59290e7f32768a5e162c6ad23fc0c6b244e3a7868e668888f77,ok,12.1098976660287,8.601271,4360.700147960282,True
static-n160-f5-s99-l1-r0,static,160,5,99,0,1.0,1,MADEA,0,38b83a0561fdb59290e7f32768a5e162c6ad23fc0c6b244e3a7868e668888f77,ok,28.235582082998008,0.3147152292094229,2864.4272170010836,True
static-n160-f5-s99-l1-r0,static,160,5,99,0,1.0,1,MADEA-one-shot,0,38b83a0561fdb59290e7f32768a5e162c6ad23fc0c6b244e3a7868e668888f77,ok,11.965262749930844,,2642.071671940053,True
static-n40-f10-s99-l1-r0,static,40,10,99,0,1.0,1,PLASMA-Welfare,4,529c589185947eb4adc176002e04198d6e0c7481f200775ad6997269edbd8523,ok,8.075189459021203,7.504882,2209.391865124732,True
static-n40-f10-s99-l1-r0,static,40,10,99,0,1.0,1,MADEA,0,529c589185947eb4adc176002e04198d6e0c7481f200775ad6997269edbd8523,ok,2.395263917045668,0.0576981005283987,1938.9314583223627,True
static-n40-f10-s99-l1-r0,static,40,10,99,0,1.0,1,MADEA-one-shot,0,529c589185947eb4adc176002e04198d6e0c7481f200775ad6997269edbd8523,ok,2.0801218330161646,,2000.5839692394763,True
static-n40-f10-s99-l1-r0,static,40,10,99,0,1.0,1,MADEA-PG,0,529c589185947eb4adc176002e04198d6e0c7481f200775ad6997269edbd8523,ok,3.276497541926801,0.929453193655462,2136.716800201462,True
static-n80-f10-s99-l1-r0,static,80,10,99,0,1.0,1,MADEA,0,0abc2494dbc4e506fae5f7d706de446616da6a2ace1e5fca6b3153c90f3d7ce6,ok,15.599280415917748,0.2657450477848991,3737.095284963558,True
static-n80-f10-s99-l1-r0,static,80,10,99,0,1.0,1,MADEA-one-shot,0,0abc2494dbc4e506fae5f7d706de446616da6a2ace1e5fca6b3153c90f3d7ce6,ok,5.834451458067633,,3710.316938406651,True
static-n80-f10-s99-l1-r0,static,80,10,99,0,1.0,1,MADEA-PG,0,0abc2494dbc4e506fae5f7d706de446616da6a2ace1e5fca6b3153c90f3d7ce6,ok,17.275258083012886,2.029279607714489,4239.719671947432,True
static-n80-f10-s99-l1-r0,static,80,10,99,0,1.0,1,PLASMA-Welfare,4,0abc2494dbc4e506fae5f7d706de446616da6a2ace1e5fca6b3153c90f3d7ce6,ok,8.429550000000745,6.62932,4570.542682798112,True
static-n160-f10-s99-l1-r0,static,160,10,99,0,1.0,1,MADEA-one-shot,0,25235bd746487f6414121c91fb2af6b08adb2b656ac3f410b0f3179e9ecee4e3,ok,23.22968495893292,,7470.1612206172,True
static-n160-f10-s99-l1-r0,static,160,10,99,0,1.0,1,MADEA-PG,0,25235bd746487f6414121c91fb2af6b08adb2b656ac3f410b0f3179e9ecee4e3,ok,60.97164670797065,6.731095108090053,8216.230661084073,True
static-n160-f10-s99-l1-r0,static,160,10,99,0,1.0,1,PLASMA-Welfare,4,25235bd746487f6414121c91fb2af6b08adb2b656ac3f410b0f3179e9ecee4e3,ok,22.150783500052057,15.826067,8385.89258649821,True
static-n160-f10-s99-l1-r0,static,160,10,99,0,1.0,1,MADEA,0,25235bd746487f6414121c91fb2af6b08adb2b656ac3f410b0f3179e9ecee4e3,ok,54.61370091699064,0.3341604933321245,7531.038984121107,True
static-n40-f5-s2026-l1-r0,static,40,5,2026,0,1.0,1,MADEA-PG,0,692536d3c05b05ff1f4e877a6c3554d7320e80320cd1e49bd23ba530c5be87c1,ok,1.8070011669769883,0.3392255274960094,1008.0045450343886,True
static-n40-f5-s2026-l1-r0,static,40,5,2026,0,1.0,1,PLASMA-Welfare,4,692536d3c05b05ff1f4e877a6c3554d7320e80320cd1e49bd23ba530c5be87c1,ok,2.413997167022899,2.02755,1047.9742233128156,True
static-n40-f5-s2026-l1-r0,static,40,5,2026,0,1.0,1,MADEA,0,692536d3c05b05ff1f4e877a6c3554d7320e80320cd1e49bd23ba530c5be87c1,ok,1.5291987919481471,0.0609850279933565,852.2512746170644,True
static-n40-f5-s2026-l1-r0,static,40,5,2026,0,1.0,1,MADEA-one-shot,0,692536d3c05b05ff1f4e877a6c3554d7320e80320cd1e49bd23ba530c5be87c1,ok,0.998680124990642,,846.3156049222108,True
static-n80-f5-s2026-l1-r0,static,80,5,2026,0,1.0,1,PLASMA-Welfare,4,6f0314beab998778615fb964148f37b64c9787b9a44c943f951baefbc6fc17cb,ok,5.2195731670362875,4.269912,2458.153092384407,True
static-n80-f5-s2026-l1-r0,static,80,5,2026,0,1.0,1,MADEA,0,6f0314beab998778615fb964148f37b64c9787b9a44c943f951baefbc6fc17cb,ok,4.1292787080165,0.0402395681366902,2438.070227323267,True
static-n80-f5-s2026-l1-r0,static,80,5,2026,0,1.0,1,MADEA-one-shot,0,6f0314beab998778615fb964148f37b64c9787b9a44c943f951baefbc6fc17cb,ok,3.115218708058819,,2468.1031324710134,True
static-n80-f5-s2026-l1-r0,static,80,5,2026,0,1.0,1,MADEA-PG,0,6f0314beab998778615fb964148f37b64c9787b9a44c943f951baefbc6fc17cb,ok,5.479987749946304,1.4187861470985423,2447.9690819811776,True
static-n160-f5-s2026-l1-r0,static,160,5,2026,0,1.0,1,MADEA,0,80a54cc6c391bd7aef0e02647f974ef064c258f7c92e368a4496199d0539f19a,ok,28.08526974997949,0.2450287569682751,4379.680482919375,True
static-n160-f5-s2026-l1-r0,static,160,5,2026,0,1.0,1,MADEA-one-shot,0,80a54cc6c391bd7aef0e02647f974ef064c258f7c92e368a4496199d0539f19a,ok,12.015182542032562,,4319.210841719576,True
static-n160-f5-s2026-l1-r0,static,160,5,2026,0,1.0,1,MADEA-PG,0,80a54cc6c391bd7aef0e02647f974ef064c258f7c92e368a4496199d0539f19a,ok,34.335372791974805,5.6045018717919834,4830.5815180562695,True
static-n160-f5-s2026-l1-r0,static,160,5,2026,0,1.0,1,PLASMA-Welfare,4,80a54cc6c391bd7aef0e02647f974ef064c258f7c92e368a4496199d0539f19a,ok,12.965362082934009,9.60376,5043.222259059723,True
static-n40-f10-s2026-l1-r0,static,40,10,2026,0,1.0,1,MADEA-one-shot,0,fafa48f7e7c95e5cdcd1e071740ce0b947e7c2c10409d7175533c7e261fea064,ok,1.7130484590306878,,876.7125594682917,True
static-n40-f10-s2026-l1-r0,static,40,10,2026,0,1.0,1,MADEA-PG,0,fafa48f7e7c95e5cdcd1e071740ce0b947e7c2c10409d7175533c7e261fea064,ok,9.327181749977171,1.034235471796895,1625.858788750069,True
static-n40-f10-s2026-l1-r0,static,40,10,2026,0,1.0,1,PLASMA-Welfare,4,fafa48f7e7c95e5cdcd1e071740ce0b947e7c2c10409d7175533c7e261fea064,ok,7.119433250045404,6.472098,1952.623450801337,True
static-n40-f10-s2026-l1-r0,static,40,10,2026,0,1.0,1,MADEA,0,fafa48f7e7c95e5cdcd1e071740ce0b947e7c2c10409d7175533c7e261fea064,ok,8.48530387505889,0.2860656725807873,1098.7508556690225,True
static-n80-f10-s2026-l1-r0,static,80,10,2026,0,1.0,1,MADEA-PG,0,9b5ae2f9d332a8c26ee61542a92fb264066379a11f88661a7d4f299d6fe5e4dd,ok,26.56368987506721,2.401653476463909,3613.2339464550287,True
static-n80-f10-s2026-l1-r0,static,80,10,2026,0,1.0,1,PLASMA-Welfare,4,9b5ae2f9d332a8c26ee61542a92fb264066379a11f88661a7d4f299d6fe5e4dd,ok,11.7382176250685,10.174209,3973.282503888054,True
static-n80-f10-s2026-l1-r0,static,80,10,2026,0,1.0,1,MADEA,0,9b5ae2f9d332a8c26ee61542a92fb264066379a11f88661a7d4f299d6fe5e4dd,ok,23.2655139999697,0.351940152105235,3011.4474968182067,True
static-n80-f10-s2026-l1-r0,static,80,10,2026,0,1.0,1,MADEA-one-shot,0,9b5ae2f9d332a8c26ee61542a92fb264066379a11f88661a7d4f299d6fe5e4dd,ok,6.042128750006668,,2954.231763616612,True
static-n160-f10-s2026-l1-r0,static,160,10,2026,0,1.0,1,PLASMA-Welfare,4,01c6d0c3f795af305e8296697d6e6a13bd18941d833734b02afc53ee7ced1ca3,ok,16.115128292003646,10.280218,8521.108994280143,True
static-n160-f10-s2026-l1-r0,static,160,10,2026,0,1.0,1,MADEA,0,01c6d0c3f795af305e8296697d6e6a13bd18941d833734b02afc53ee7ced1ca3,ok,32.60423549998086,0.1940590327362293,7642.520840280827,True
static-n160-f10-s2026-l1-r0,static,160,10,2026,0,1.0,1,MADEA-one-shot,0,01c6d0c3f795af305e8296697d6e6a13bd18941d833734b02afc53ee7ced1ca3,ok,22.595512000028975,,7623.978232725364,True
static-n160-f10-s2026-l1-r0,static,160,10,2026,0,1.0,1,MADEA-PG,0,01c6d0c3f795af305e8296697d6e6a13bd18941d833734b02afc53ee7ced1ca3,ok,38.11857387505006,5.681805214628109,8348.364714093832,True
stress-n80-f5-s7-l0.75-r0,stress,80,5,7,0,0.75,1,MADEA,0,8d78b6de01f65a74adfadabb86c30ccadf2fee10c6cc92b5778a1ef307338044,ok,4.345545749994926,0.0750740317644033,1661.2549849481277,True
stress-n80-f5-s7-l0.75-r0,stress,80,5,7,0,0.75,1,MADEA-one-shot,0,8d78b6de01f65a74adfadabb86c30ccadf2fee10c6cc92b5778a1ef307338044,ok,3.5221280000405386,,1667.7233441781136,True
stress-n80-f5-s7-l0.75-r0,stress,80,5,7,0,0.75,1,MADEA-PG,0,8d78b6de01f65a74adfadabb86c30ccadf2fee10c6cc92b5778a1ef307338044,ok,5.57412691693753,1.304444443861417,1872.046439402037,True
stress-n80-f5-s7-l0.75-r0,stress,80,5,7,0,0.75,1,PLASMA-Welfare,4,8d78b6de01f65a74adfadabb86c30ccadf2fee10c6cc92b5778a1ef307338044,ok,5.624392542056739,4.739259,1931.4375900260577,True
stress-n80-f5-s7-l1.5-r0,stress,80,5,7,0,1.5,1,MADEA-one-shot,0,73f0907f0191967cb0f23dcb3d8e76309295e6f02731e15641432fad3335d1ef,ok,3.7173321660375223,,1201.690603800687,True
stress-n80-f5-s7-l1.5-r0,stress,80,5,7,0,1.5,1,MADEA-PG,0,73f0907f0191967cb0f23dcb3d8e76309295e6f02731e15641432fad3335d1ef,ok,5.784239041968249,1.703639031515343,1367.959992437783,True
stress-n80-f5-s7-l1.5-r0,stress,80,5,7,0,1.5,1,PLASMA-Welfare,4,73f0907f0191967cb0f23dcb3d8e76309295e6f02731e15641432fad3335d1ef,ok,7.660563667071983,6.647201,1432.6361745641727,True
stress-n80-f5-s7-l1.5-r0,stress,80,5,7,0,1.5,1,MADEA,0,73f0907f0191967cb0f23dcb3d8e76309295e6f02731e15641432fad3335d1ef,ok,4.073419958003797,0.0508987073051616,1191.6104459667124,True
stress-n80-f10-s7-l0.75-r0,stress,80,10,7,0,0.75,1,MADEA-PG,0,cd9640bc5637de73ad8408f60ab17ac61429ff0fe6a42eef5a5255d13d940ee9,ok,7.181455833022483,1.384205492413035,3451.520519432223,True
stress-n80-f10-s7-l0.75-r0,stress,80,10,7,0,0.75,1,PLASMA-Welfare,4,cd9640bc5637de73ad8408f60ab17ac61429ff0fe6a42eef5a5255d13d940ee9,ok,4.574039541068487,2.814319,3491.726517556966,True
stress-n80-f10-s7-l0.75-r0,stress,80,10,7,0,0.75,1,MADEA,0,cd9640bc5637de73ad8408f60ab17ac61429ff0fe6a42eef5a5255d13d940ee9,ok,5.962963334051892,0.078152409441933,3077.4354623214876,True
stress-n80-f10-s7-l0.75-r0,stress,80,10,7,0,0.75,1,MADEA-one-shot,0,cd9640bc5637de73ad8408f60ab17ac61429ff0fe6a42eef5a5255d13d940ee9,ok,5.805051292059943,,3026.386969007635,True
stress-n80-f10-s7-l1.5-r0,stress,80,10,7,0,1.5,1,PLASMA-Welfare,4,9a43838ea591d1bce4eb9edffce6175cf4b09d69e50850b3f20da443defa5204,ok,5.7593135830247775,4.127594,2678.4045213491577,True
stress-n80-f10-s7-l1.5-r0,stress,80,10,7,0,1.5,1,MADEA,0,9a43838ea591d1bce4eb9edffce6175cf4b09d69e50850b3f20da443defa5204,ok,10.051239707972854,0.1011542960820938,2257.59237844418,True
stress-n80-f10-s7-l1.5-r0,stress,80,10,7,0,1.5,1,MADEA-one-shot,0,9a43838ea591d1bce4eb9edffce6175cf4b09d69e50850b3f20da443defa5204,ok,5.8728481670841575,,2282.499658864655,True
stress-n80-f10-s7-l1.5-r0,stress,80,10,7,0,1.5,1,MADEA-PG,0,9a43838ea591d1bce4eb9edffce6175cf4b09d69e50850b3f20da443defa5204,ok,11.605875208973885,1.5080085359285391,2541.672424131416,True
stress-n80-f5-s42-l0.75-r0,stress,80,5,42,0,0.75,1,MADEA,0,934a4141e51bba0ef21301951eddbdc70a669bba005fd8d8fec97ba86c637eab,ok,10.330211292020977,0.2501582621636221,1355.1421905071734,True
stress-n80-f5-s42-l0.75-r0,stress,80,5,42,0,0.75,1,MADEA-one-shot,0,934a4141e51bba0ef21301951eddbdc70a669bba005fd8d8fec97ba86c637eab,ok,3.2640029169851914,,1234.2611804966468,True
stress-n80-f5-s42-l0.75-r0,stress,80,5,42,0,0.75,1,MADEA-PG,0,934a4141e51bba0ef21301951eddbdc70a669bba005fd8d8fec97ba86c637eab,ok,11.603527500061318,1.507045206599285,1958.295438024967,True
stress-n80-f5-s42-l0.75-r0,stress,80,5,42,0,0.75,1,PLASMA-Welfare,4,934a4141e51bba0ef21301951eddbdc70a669bba005fd8d8fec97ba86c637eab,ok,5.306265458930284,4.420088,2099.306318811762,True
stress-n80-f5-s42-l1.5-r0,stress,80,5,42,0,1.5,1,MADEA-one-shot,0,1c0e62447fcce347c0e08f812375291580ddd7e4eacedd644661b1a262e8dfb8,ok,3.6866582080256194,,943.8936605021984,True
stress-n80-f5-s42-l1.5-r0,stress,80,5,42,0,1.5,1,MADEA-PG,0,1c0e62447fcce347c0e08f812375291580ddd7e4eacedd644661b1a262e8dfb8,ok,7.315284625045024,1.8121957754072149,1452.538216696399,True
stress-n80-f5-s42-l1.5-r0,stress,80,5,42,0,1.5,1,PLASMA-Welfare,4,1c0e62447fcce347c0e08f812375291580ddd7e4eacedd644661b1a262e8dfb8,ok,7.425426915986463,6.404089,1516.0340581874532,True
stress-n80-f5-s42-l1.5-r0,stress,80,5,42,0,1.5,1,MADEA,0,1c0e62447fcce347c0e08f812375291580ddd7e4eacedd644661b1a262e8dfb8,ok,5.892884415923618,0.0966412993672316,939.001156492004,True
stress-n80-f10-s42-l0.75-r0,stress,80,10,42,0,0.75,1,MADEA-PG,0,b6965fe6d5362c8ea3079c4356d0b206a50e73b04e89e69372c60804ff966c40,ok,20.02302808396053,2.716743689339762,3872.7075198093808,True
stress-n80-f10-s42-l0.75-r0,stress,80,10,42,0,0.75,1,PLASMA-Welfare,4,b6965fe6d5362c8ea3079c4356d0b206a50e73b04e89e69372c60804ff966c40,ok,10.40868804208003,8.613182,3960.269811596193,True
stress-n80-f10-s42-l0.75-r0,stress,80,10,42,0,0.75,1,MADEA,0,b6965fe6d5362c8ea3079c4356d0b206a50e73b04e89e69372c60804ff966c40,ok,12.832209166022947,0.1975866637901378,3379.298903400732,True
stress-n80-f10-s42-l0.75-r0,stress,80,10,42,0,0.75,1,MADEA-one-shot,0,b6965fe6d5362c8ea3079c4356d0b206a50e73b04e89e69372c60804ff966c40,ok,6.104794249986298,,3302.453730014628,True
stress-n80-f10-s42-l1.5-r0,stress,80,10,42,0,1.5,1,PLASMA-Welfare,4,3d8037489e00c18d5b5b368e469fc450aa87abaa29170acaef229b9af26f58a5,ok,13.87501220800914,12.070285,3003.0366540846094,True
stress-n80-f10-s42-l1.5-r0,stress,80,10,42,0,1.5,1,MADEA,0,3d8037489e00c18d5b5b368e469fc450aa87abaa29170acaef229b9af26f58a5,ok,16.03552370890975,0.1707101421186611,2474.518971278997,True
stress-n80-f10-s42-l1.5-r0,stress,80,10,42,0,1.5,1,MADEA-one-shot,0,3d8037489e00c18d5b5b368e469fc450aa87abaa29170acaef229b9af26f58a5,ok,6.574930957984179,,2476.368660381732,True
stress-n80-f10-s42-l1.5-r0,stress,80,10,42,0,1.5,1,MADEA-PG,0,3d8037489e00c18d5b5b368e469fc450aa87abaa29170acaef229b9af26f58a5,ok,18.21377716609277,2.6360345757594588,2910.6376066160806,True
temporal-n40-f5-s7-l0.75-r0,temporal,40,5,7,0,0.75,3,MADEA,0,bc70a964f10a10e983c4b496e795850ebc07f104ec92f1f71fef4827039f8985,ok,5.185104875010438,0.1647513292897854,2395.9455061526783,True
temporal-n40-f5-s7-l0.75-r0,temporal,40,5,7,0,0.75,3,MADEA-one-shot,0,bc70a964f10a10e983c4b496e795850ebc07f104ec92f1f71fef4827039f8985,ok,3.2981042918981984,,2371.5777459157334,True
temporal-n40-f5-s7-l0.75-r0,temporal,40,5,7,0,0.75,3,MADEA-PG,0,bc70a964f10a10e983c4b496e795850ebc07f104ec92f1f71fef4827039f8985,ok,7.054308958933689,2.057395176444638,2935.261559154132,True
temporal-n40-f5-s7-l0.75-r0,temporal,40,5,7,0,0.75,3,PLASMA-Welfare,4,bc70a964f10a10e983c4b496e795850ebc07f104ec92f1f71fef4827039f8985,ok,10.30857375008054,9.67407,3057.1056439873637,True
temporal-n80-f5-s7-l0.75-r0,temporal,80,5,7,0,0.75,3,MADEA-one-shot,0,04a8879cb5bbc735e08bcefce71d7a6101b82b4bc28bab5119f96caa0b4843c3,ok,10.683781041996554,,4530.343083146038,True
temporal-n80-f5-s7-l0.75-r0,temporal,80,5,7,0,0.75,3,MADEA-PG,0,04a8879cb5bbc735e08bcefce71d7a6101b82b4bc28bab5119f96caa0b4843c3,ok,22.61951379198581,4.594755404340671,5164.178274732651,True
temporal-n80-f5-s7-l0.75-r0,temporal,80,5,7,0,0.75,3,PLASMA-Welfare,4,04a8879cb5bbc735e08bcefce71d7a6101b82b4bc28bab5119f96caa0b4843c3,ok,14.873734625056386,12.830205,5353.046706442933,True
temporal-n80-f5-s7-l0.75-r0,temporal,80,5,7,0,0.75,3,MADEA,0,04a8879cb5bbc735e08bcefce71d7a6101b82b4bc28bab5119f96caa0b4843c3,ok,18.362446499988437,0.3445127618919288,4532.996008508441,True
temporal-n40-f10-s7-l0.75-r0,temporal,40,10,7,0,0.75,3,MADEA-PG,0,c9d99645084a255aec08f9710d4cdcb7cfce047033aea8db48f743c85449ca8c,ok,11.655596790951677,2.4052415237139155,5436.19845350066,True
temporal-n40-f10-s7-l0.75-r0,temporal,40,10,7,0,0.75,3,PLASMA-Welfare,4,c9d99645084a255aec08f9710d4cdcb7cfce047033aea8db48f743c85449ca8c,ok,12.490326416911556,11.35129,5725.457836513577,True
temporal-n40-f10-s7-l0.75-r0,temporal,40,10,7,0,0.75,3,MADEA,0,c9d99645084a255aec08f9710d4cdcb7cfce047033aea8db48f743c85449ca8c,ok,9.610851916950196,0.3318761521324126,4869.512624826021,True
temporal-n40-f10-s7-l0.75-r0,temporal,40,10,7,0,0.75,3,MADEA-one-shot,0,c9d99645084a255aec08f9710d4cdcb7cfce047033aea8db48f743c85449ca8c,ok,4.938905082992278,,4828.9363640889005,True
static-n40-f5-s7-l1-r0,static,40,5,7,0,1.0,1,one-shot-pg,0,0096463547fc3f3ff7b33b3b7213de12907f313a3759b5c9c61ee09cea6b32c6,ok,1.8548198339994997,0.9319449319760064,980.1329973471952,True
static-n80-f5-s7-l1-r0,static,80,5,7,0,1.0,1,one-shot-pg,0,27addc14aba936174dd3a20bff6665d5e468ecf835d2fb5820f8411fc8b868a7,ok,5.0710577089339495,1.926708511607913,1720.0015964072995,True
static-n160-f5-s7-l1-r0,static,160,5,7,0,1.0,1,one-shot-pg,0,0be7f77c76a7f7c38fc7182821334e178555512e6fedbc4aad8ef19256eaa440,ok,15.908197833923625,5.120473157978328,3899.133721528793,True
static-n40-f10-s7-l1-r0,static,40,10,7,0,1.0,1,one-shot-pg,0,3803b10438c3c8a597e814dc690a6da396a4e7bce82c9b4f5aa23bf7ee98bde5,ok,2.302207625005394,0.8705860113629114,1780.505712775018,True
static-n80-f10-s7-l1-r0,static,80,10,7,0,1.0,1,one-shot-pg,0,5da60002c603d9fe6ee3f00d913490be567cbd964ab5cf0dcbb3025300f24d1e,ok,7.434311875025742,1.8490268580371207,3238.568055093173,True
static-n160-f10-s7-l1-r0,static,160,10,7,0,1.0,1,one-shot-pg,0,9819ccf5a9cc46f1d09f21bc4118327835c8a27ce0b69229307f6669e284b751,ok,29.46929783304222,7.333171733532209,8564.487608696103,True
static-n40-f5-s42-l1-r0,static,40,5,42,0,1.0,1,one-shot-pg,0,edd16a7fda48e1dfd249be44eb51c49905165acf1cfbb04466157528b1827a2b,ok,1.2542270419653505,0.5457117572827442,729.3722238808464,True
static-n80-f5-s42-l1-r0,static,80,5,42,0,1.0,1,one-shot-pg,0,9c5b63dff76ec3ff5c58ce41566edf2471ac2f916641bd477781366464977c2f,ok,4.742737208958715,1.878077781890349,1759.3333443344238,True
static-n160-f5-s42-l1-r0,static,160,5,42,0,1.0,1,one-shot-pg,0,e2380d3a3efaeb3bdc263192301b0c2818271101a3e6c998b83bbde0da31b3e7,ok,14.28977966599632,3.561674809382809,4562.495206557748,True
static-n40-f10-s42-l1-r0,static,40,10,42,0,1.0,1,one-shot-pg,0,dc4c314e508cf1780337e60f75a24a560c76241f52cfb2e54600f5272b1e7594,ok,2.4430885839974508,1.0062406784854234,1441.189770799239,True
static-n80-f10-s42-l1-r0,static,80,10,42,0,1.0,1,one-shot-pg,0,5870c8402166004c3804f2d118896c28134fc2d49e53d9265d5cd086f4cf8c47,ok,8.290960124926642,2.6804495361183376,3636.776103176345,True
static-n160-f10-s42-l1-r0,static,160,10,42,0,1.0,1,one-shot-pg,0,28cb12822b012725e9fd45a5422a48f0186a182752e60918abe38feaf805becb,ok,28.721929708030075,6.872855597839212,8039.387456121651,True
static-n40-f5-s99-l1-r0,static,40,5,99,0,1.0,1,one-shot-pg,0,05a8983e2155a0e4d5b772b20bb19163527c2af8b973514f83a39d1b64abb1e7,ok,1.6243666249793025,0.7499421476311331,1142.0173801959318,True
static-n80-f5-s99-l1-r0,static,80,5,99,0,1.0,1,one-shot-pg,0,943f1841092ed8cfe258cdb513d06b50a5b767d3642dbecedcf0fa1440efaaab,ok,3.717843209044077,1.1778889129177696,2009.5393476708016,True
static-n160-f5-s99-l1-r0,static,160,5,99,0,1.0,1,one-shot-pg,0,38b83a0561fdb59290e7f32768a5e162c6ad23fc0c6b244e3a7868e668888f77,ok,15.672642707941122,4.746829401398344,3614.3913229378327,True
static-n40-f10-s99-l1-r0,static,40,10,99,0,1.0,1,one-shot-pg,0,529c589185947eb4adc176002e04198d6e0c7481f200775ad6997269edbd8523,ok,2.5911639999831095,0.915213350960997,2171.71612610883,True
static-n80-f10-s99-l1-r0,static,80,10,99,0,1.0,1,one-shot-pg,0,0abc2494dbc4e506fae5f7d706de446616da6a2ace1e5fca6b3153c90f3d7ce6,ok,7.5469296250958,2.2529816987795908,4225.738637480078,True
static-n160-f10-s99-l1-r0,static,160,10,99,0,1.0,1,one-shot-pg,0,25235bd746487f6414121c91fb2af6b08adb2b656ac3f410b0f3179e9ecee4e3,ok,29.461672083940357,7.294023521017694,8167.582580781401,True
static-n40-f5-s2026-l1-r0,static,40,5,2026,0,1.0,1,one-shot-pg,0,692536d3c05b05ff1f4e877a6c3554d7320e80320cd1e49bd23ba530c5be87c1,ok,1.2647358329268172,0.5132349082308298,1003.8231935951742,True
static-n80-f5-s2026-l1-r0,static,80,5,2026,0,1.0,1,one-shot-pg,0,6f0314beab998778615fb964148f37b64c9787b9a44c943f951baefbc6fc17cb,ok,4.429323666961864,1.691972638164284,2476.410861740238,True
static-n160-f5-s2026-l1-r0,static,160,5,2026,0,1.0,1,one-shot-pg,0,80a54cc6c391bd7aef0e02647f974ef064c258f7c92e368a4496199d0539f19a,ok,15.652428166009486,4.84414080147925,4794.331253685396,True
static-n40-f10-s2026-l1-r0,static,40,10,2026,0,1.0,1,one-shot-pg,0,fafa48f7e7c95e5cdcd1e071740ce0b947e7c2c10409d7175533c7e261fea064,ok,2.3952028749044985,0.985254105972956,1541.0493285534055,True
static-n80-f10-s2026-l1-r0,static,80,10,2026,0,1.0,1,one-shot-pg,0,9b5ae2f9d332a8c26ee61542a92fb264066379a11f88661a7d4f299d6fe5e4dd,ok,8.503939041052945,3.1211486433214684,3591.2870767144477,True
static-n160-f10-s2026-l1-r0,static,160,10,2026,0,1.0,1,one-shot-pg,0,01c6d0c3f795af305e8296697d6e6a13bd18941d833734b02afc53ee7ced1ca3,ok,28.057453333982263,6.426776404689937,8347.05438214315,True
stress-n80-f5-s7-l0.75-r0,stress,80,5,7,0,0.75,1,one-shot-pg,0,8d78b6de01f65a74adfadabb86c30ccadf2fee10c6cc92b5778a1ef307338044,ok,4.8460286249173805,1.7956338395753848,1880.8341710360755,True
stress-n80-f5-s7-l1.5-r0,stress,80,5,7,0,1.5,1,one-shot-pg,0,73f0907f0191967cb0f23dcb3d8e76309295e6f02731e15641432fad3335d1ef,ok,5.206258332938887,2.1221475002493344,1372.1151370927962,True
stress-n80-f10-s7-l0.75-r0,stress,80,10,7,0,0.75,1,one-shot-pg,0,cd9640bc5637de73ad8408f60ab17ac61429ff0fe6a42eef5a5255d13d940ee9,ok,7.114728332962841,1.7813761797093146,3436.9526972714975,True
stress-n80-f10-s7-l1.5-r0,stress,80,10,7,0,1.5,1,one-shot-pg,0,9a43838ea591d1bce4eb9edffce6175cf4b09d69e50850b3f20da443defa5204,ok,7.069598667090759,1.8940082954653965,2561.0874680891056,True
stress-n80-f5-s42-l0.75-r0,stress,80,5,42,0,0.75,1,one-shot-pg,0,934a4141e51bba0ef21301951eddbdc70a669bba005fd8d8fec97ba86c637eab,ok,4.45115295809228,1.7139361996762903,1923.0263726499131,True
stress-n80-f5-s42-l1.5-r0,stress,80,5,42,0,1.5,1,one-shot-pg,0,1c0e62447fcce347c0e08f812375291580ddd7e4eacedd644661b1a262e8dfb8,ok,5.381756042013876,2.21294460951767,1447.1532806489888,True
stress-n80-f10-s42-l0.75-r0,stress,80,10,42,0,0.75,1,one-shot-pg,0,b6965fe6d5362c8ea3079c4356d0b206a50e73b04e89e69372c60804ff966c40,ok,8.069252207991667,2.498912795150517,3854.032188432252,True
stress-n80-f10-s42-l1.5-r0,stress,80,10,42,0,1.5,1,one-shot-pg,0,3d8037489e00c18d5b5b368e469fc450aa87abaa29170acaef229b9af26f58a5,ok,9.17294254200533,3.174690951155527,2901.4557252024215,True
temporal-n40-f5-s7-l0.75-r0,temporal,40,5,7,0,0.75,3,one-shot-pg,0,bc70a964f10a10e983c4b496e795850ebc07f104ec92f1f71fef4827039f8985,ok,4.91129495901987,2.587722579280455,2929.4338960849736,True
temporal-n80-f5-s7-l0.75-r0,temporal,80,5,7,0,0.75,3,one-shot-pg,0,04a8879cb5bbc735e08bcefce71d7a6101b82b4bc28bab5119f96caa0b4843c3,ok,14.57335033302661,5.650200308714833,5150.149576778953,True
temporal-n40-f10-s7-l0.75-r0,temporal,40,10,7,0,0.75,3,one-shot-pg,0,c9d99645084a255aec08f9710d4cdcb7cfce047033aea8db48f743c85449ca8c,ok,6.778949667001143,2.6204035173849336,5404.552856731187,True
static-n40-f5-s7-l1-r0,static,40,5,7,0,1.0,1,hierarchical-one-shot-pg,0,0096463547fc3f3ff7b33b3b7213de12907f313a3759b5c9c61ee09cea6b32c6,ok,12.210771666956134,12.021465833997354,1044.3049635590994,True
static-n80-f5-s7-l1-r0,static,80,5,7,0,1.0,1,hierarchical-one-shot-pg,0,27addc14aba936174dd3a20bff6665d5e468ecf835d2fb5820f8411fc8b868a7,ok,41.25765866693109,40.54267533309758,1586.48591468613,True
static-n160-f5-s7-l1-r0,static,160,5,7,0,1.0,1,hierarchical-one-shot-pg,0,0be7f77c76a7f7c38fc7182821334e178555512e6fedbc4aad8ef19256eaa440,ok,83.68626133399084,80.8318579159677,3606.883203981688,True
static-n40-f10-s7-l1-r0,static,40,10,7,0,1.0,1,hierarchical-one-shot-pg,0,3803b10438c3c8a597e814dc690a6da396a4e7bce82c9b4f5aa23bf7ee98bde5,ok,20.46711524995044,20.10902445903048,1919.289053939312,True
static-n80-f10-s7-l1-r0,static,80,10,7,0,1.0,1,hierarchical-one-shot-pg,0,5da60002c603d9fe6ee3f00d913490be567cbd964ab5cf0dcbb3025300f24d1e,ok,42.28262870805338,40.98846433300059,3030.6659959607514,True
static-n160-f10-s7-l1-r0,static,160,10,7,0,1.0,1,hierarchical-one-shot-pg,0,9819ccf5a9cc46f1d09f21bc4118327835c8a27ce0b69229307f6669e284b751,ok,88.17661220906302,82.23203641700093,8180.643094262104,True
static-n40-f5-s42-l1-r0,static,40,5,42,0,1.0,1,hierarchical-one-shot-pg,0,edd16a7fda48e1dfd249be44eb51c49905165acf1cfbb04466157528b1827a2b,ok,8.67790354101453,8.500848666997626,730.5419284224811,True
static-n80-f5-s42-l1-r0,static,80,5,42,0,1.0,1,hierarchical-one-shot-pg,0,9c5b63dff76ec3ff5c58ce41566edf2471ac2f916641bd477781366464977c2f,ok,41.16224683297333,40.51038941694424,1422.2748197777385,True
static-n160-f5-s42-l1-r0,static,160,5,42,0,1.0,1,hierarchical-one-shot-pg,0,e2380d3a3efaeb3bdc263192301b0c2818271101a3e6c998b83bbde0da31b3e7,ok,84.32833108305931,81.36091358307749,4499.766048976376,True
static-n40-f10-s42-l1-r0,static,40,10,42,0,1.0,1,hierarchical-one-shot-pg,0,dc4c314e508cf1780337e60f75a24a560c76241f52cfb2e54600f5272b1e7594,ok,21.81294741597958,21.47339545795694,1527.398966810877,True
static-n80-f10-s42-l1-r0,static,80,10,42,0,1.0,1,hierarchical-one-shot-pg,0,5870c8402166004c3804f2d118896c28134fc2d49e53d9265d5cd086f4cf8c47,ok,41.56584429205395,40.27311791700777,3325.5019923985533,True
static-n160-f10-s42-l1-r0,static,160,10,42,0,1.0,1,hierarchical-one-shot-pg,0,28cb12822b012725e9fd45a5422a48f0186a182752e60918abe38feaf805becb,ok,88.21601245808415,82.48235945799388,7460.668226592963,True
static-n40-f5-s99-l1-r0,static,40,5,99,0,1.0,1,hierarchical-one-shot-pg,0,05a8983e2155a0e4d5b772b20bb19163527c2af8b973514f83a39d1b64abb1e7,ok,12.07614820904564,11.89705358305946,1178.2335165275535,True
static-n80-f5-s99-l1-r0,static,80,5,99,0,1.0,1,hierarchical-one-shot-pg,0,943f1841092ed8cfe258cdb513d06b50a5b767d3642dbecedcf0fa1440efaaab,ok,41.158306124969386,40.48304120800458,1977.1924353031377,True
static-n160-f5-s99-l1-r0,static,160,5,99,0,1.0,1,hierarchical-one-shot-pg,0,38b83a0561fdb59290e7f32768a5e162c6ad23fc0c6b244e3a7868e668888f77,ok,85.04975795804057,82.20207095798105,3463.9606864901107,True
static-n40-f10-s99-l1-r0,static,40,10,99,0,1.0,1,hierarchical-one-shot-pg,0,529c589185947eb4adc176002e04198d6e0c7481f200775ad6997269edbd8523,ok,21.798182750004344,21.4658636249369,2242.1701285277286,True
static-n80-f10-s99-l1-r0,static,80,10,99,0,1.0,1,hierarchical-one-shot-pg,0,0abc2494dbc4e506fae5f7d706de446616da6a2ace1e5fca6b3153c90f3d7ce6,ok,42.206251792027615,40.78246437490452,4111.6024039712665,True
static-n160-f10-s99-l1-r0,static,160,10,99,0,1.0,1,hierarchical-one-shot-pg,0,25235bd746487f6414121c91fb2af6b08adb2b656ac3f410b0f3179e9ecee4e3,ok,86.40963875001762,80.69128933397587,7902.8723399206065,True
static-n40-f5-s2026-l1-r0,static,40,5,2026,0,1.0,1,hierarchical-one-shot-pg,0,692536d3c05b05ff1f4e877a6c3554d7320e80320cd1e49bd23ba530c5be87c1,ok,10.708651041029952,10.52091008296702,1054.4512888892698,True
static-n80-f5-s2026-l1-r0,static,80,5,2026,0,1.0,1,hierarchical-one-shot-pg,0,6f0314beab998778615fb964148f37b64c9787b9a44c943f951baefbc6fc17cb,ok,41.045111792045645,40.38518762495369,2468.611183114989,True
static-n160-f5-s2026-l1-r0,static,160,5,2026,0,1.0,1,hierarchical-one-shot-pg,0,80a54cc6c391bd7aef0e02647f974ef064c258f7c92e368a4496199d0539f19a,ok,83.54632604203653,80.6893215830205,4668.862979082035,True
static-n40-f10-s2026-l1-r0,static,40,10,2026,0,1.0,1,hierarchical-one-shot-pg,0,fafa48f7e7c95e5cdcd1e071740ce0b947e7c2c10409d7175533c7e261fea064,ok,19.055841334047727,18.711992167052813,1760.671341698546,True
static-n80-f10-s2026-l1-r0,static,80,10,2026,0,1.0,1,hierarchical-one-shot-pg,0,9b5ae2f9d332a8c26ee61542a92fb264066379a11f88661a7d4f299d6fe5e4dd,ok,42.05877233296633,40.690375542035326,3325.656170240794,True
static-n160-f10-s2026-l1-r0,static,160,10,2026,0,1.0,1,hierarchical-one-shot-pg,0,01c6d0c3f795af305e8296697d6e6a13bd18941d833734b02afc53ee7ced1ca3,ok,89.9268231659662,84.20159925008193,7981.407082968623,True
stress-n80-f5-s7-l0.75-r0,stress,80,5,7,0,0.75,1,hierarchical-one-shot-pg,0,8d78b6de01f65a74adfadabb86c30ccadf2fee10c6cc92b5778a1ef307338044,ok,41.24430233403109,40.58330737508368,1752.8606906449177,True
stress-n80-f5-s7-l1.5-r0,stress,80,5,7,0,1.5,1,hierarchical-one-shot-pg,0,73f0907f0191967cb0f23dcb3d8e76309295e6f02731e15641432fad3335d1ef,ok,41.09678895806428,40.30827800009865,1236.8446690249816,True
stress-n80-f10-s7-l0.75-r0,stress,80,10,7,0,0.75,1,hierarchical-one-shot-pg,0,cd9640bc5637de73ad8408f60ab17ac61429ff0fe6a42eef5a5255d13d940ee9,ok,41.808551124995574,40.40404150006361,3255.445825288897,True
stress-n80-f10-s7-l1.5-r0,stress,80,10,7,0,1.5,1,hierarchical-one-shot-pg,0,9a43838ea591d1bce4eb9edffce6175cf4b09d69e50850b3f20da443defa5204,ok,42.40515391598456,41.10217475006357,2347.9760408214265,True
stress-n80-f5-s42-l0.75-r0,stress,80,5,42,0,0.75,1,hierarchical-one-shot-pg,0,934a4141e51bba0ef21301951eddbdc70a669bba005fd8d8fec97ba86c637eab,ok,41.09445724997204,40.39259883295745,1609.8186662897333,True
stress-n80-f5-s42-l1.5-r0,stress,80,5,42,0,1.5,1,hierarchical-one-shot-pg,0,1c0e62447fcce347c0e08f812375291580ddd7e4eacedd644661b1a262e8dfb8,ok,41.40853616700042,40.56215583300218,1032.2350056118437,True
stress-n80-f10-s42-l0.75-r0,stress,80,10,42,0,0.75,1,hierarchical-one-shot-pg,0,b6965fe6d5362c8ea3079c4356d0b206a50e73b04e89e69372c60804ff966c40,ok,41.73698308400344,40.318191958009265,3575.368425816004,True
stress-n80-f10-s42-l1.5-r0,stress,80,10,42,0,1.5,1,hierarchical-one-shot-pg,0,3d8037489e00c18d5b5b368e469fc450aa87abaa29170acaef229b9af26f58a5,ok,41.92692024994176,40.64241629105527,2548.288232172015,True
temporal-n40-f5-s7-l0.75-r0,temporal,40,5,7,0,0.75,3,hierarchical-one-shot-pg,0,bc70a964f10a10e983c4b496e795850ebc07f104ec92f1f71fef4827039f8985,ok,35.36500466696452,34.96900100004859,3101.329003715882,True
temporal-n80-f5-s7-l0.75-r0,temporal,80,5,7,0,0.75,3,hierarchical-one-shot-pg,0,04a8879cb5bbc735e08bcefce71d7a6101b82b4bc28bab5119f96caa0b4843c3,ok,123.18804200005252,121.44881458301096,4769.201855922479,True
temporal-n40-f10-s7-l0.75-r0,temporal,40,10,7,0,0.75,3,hierarchical-one-shot-pg,0,c9d99645084a255aec08f9710d4cdcb7cfce047033aea8db48f743c85449ca8c,ok,60.23210512509104,59.33941158291418,5715.7974594915695,True
