case_id,phase,nodes,functions,seed,repeat,load_scale,steps,method,workers,input_hash,step,welfare,feasible,input_requests,served_requests,rejected_requests,termination,final_flow,final_replicas,replica_churn,pg_before,pg_seconds,pg_reason,pg_budget,pg_moves,accepted_trades
static-n40-f5-s7-l1-r0,static,40,5,7,0,1.0,1,MADEA,0,0096463547fc3f3ff7b33b3b7213de12907f313a3759b5c9c61ee09cea6b32c6,0,814.794600746575,True,10692.0,7564.0,3128.0,UB/LB diff < tol (it: 24; obj. deviation: 0.0; best it: 14; best centralized it: 14; total runtime: 0.05198572356155716),1f4affa0fe7672c5f560f02bb1cb7927f3936be2bc2863e9fc54680ec24fa9ed,cc2aee47d284ae828986555457a8496be1bb78aed30ddafd74e66f6ab16c650f,,,,,,,
static-n40-f5-s7-l1-r0,static,40,5,7,0,1.0,1,MADEA-one-shot,0,0096463547fc3f3ff7b33b3b7213de12907f313a3759b5c9c61ee09cea6b32c6,0,777.0084158670679,True,10692.0,7220.0,3472.0,UB/LB diff < tol (it: 17; obj. deviation: None; best it: 7; best centralized it: 7; total runtime: 0.2868626106945602),3cd27eebf0c63453120e3184be631ebbc7c293b4636e7811e3e9284608692b98,ed81c13998af3c62af6b2550f48aceff46cc5ec06a28fca95f8bd799802ff5b4,,,,,,,
static-n40-f5-s7-l1-r0,static,40,5,7,0,1.0,1,MADEA-PG,0,0096463547fc3f3ff7b33b3b7213de12907f313a3759b5c9c61ee09cea6b32c6,0,1003.4072477942054,True,10692.0,9408.0,1284.0,UB/LB diff < tol (it: 24; obj. deviation: 0.0; best it: 14; best centralized it: 14; total runtime: 0.688882277294926),59990ea6261b006223805397c28af9f3a3a230d82ce938c92877ab4bf859d468,9dd431b22acabeb098768a39660c7638ce54ffeef51ce69b6faea80e5b206f9b,,814.794600746575,0.639121750020422,no improving proposal,10.0,33.0,
static-n40-f5-s7-l1-r0,static,40,5,7,0,1.0,1,PLASMA-Welfare,4,0096463547fc3f3ff7b33b3b7213de12907f313a3759b5c9c61ee09cea6b32c6,0,1023.830588179025,True,10692.0,9900.0,792.0,round budget exhausted (it: 20; obj. deviation: None),f3efddae7d6609d1d3be2430ade96405d0e78024ecf699c3fe679a8b8a08a310,cc721f6c8e8cbe7383b2e69a6ec1bc1386d2e994059a7e8bea946bebc5eb0881,,,,,,,38.0
static-n80-f5-s7-l1-r0,static,80,5,7,0,1.0,1,MADEA-one-shot,0,27addc14aba936174dd3a20bff6665d5e468ecf835d2fb5820f8411fc8b868a7,0,1499.045365867942,True,18626.0,16002.0,2624.0,UB/LB diff < tol (it: 17; obj. deviation: None; best it: 7; best centralized it: 7; total runtime: 0.5354281350315858),d6010e7058442c01aad8f3bc4b503e25a4de1ae827946b9d907ade2de65b22b5,11ba0afda5fd549404cb45bb042f6ac30396a88b32968ef61892e5b6dc81dd3f,,,,,,,
static-n80-f5-s7-l1-r0,static,80,5,7,0,1.0,1,MADEA-PG,0,27addc14aba936174dd3a20bff6665d5e468ecf835d2fb5820f8411fc8b868a7,0,1720.2279196650445,True,18626.0,16047.0,2579.0,UB/LB diff < tol (it: 23; obj. deviation: 0.0; best it: 13; best centralized it: 13; total runtime: 1.4899962696669318),a6440372e77cd09d7f23ae9979fc1b51a0255350c12302c1a607f5297a575a74,b6c115d40200311f0d9bcd423a6df50780a91ae00410c0748d206db0c06ef312,,1494.622047612562,1.3996661669807509,no improving proposal,20.0,69.0,
static-n80-f5-s7-l1-r0,static,80,5,7,0,1.0,1,PLASMA-Welfare,4,27addc14aba936174dd3a20bff6665d5e468ecf835d2fb5820f8411fc8b868a7,0,1794.5830068020657,True,18626.0,16731.0,1895.0,round budget exhausted (it: 20; obj. deviation: None),f57ea82898fb9910ad2e5bd7fb819b4747ad4d1fd6744566a1acf2279aaa259e,b81db5d1c844f94a7f0c38036c0d75a06fb4935dd91f36930c240f14cfd1a1e6,,,,,,,61.0
static-n80-f5-s7-l1-r0,static,80,5,7,0,1.0,1,MADEA,0,27addc14aba936174dd3a20bff6665d5e468ecf835d2fb5820f8411fc8b868a7,0,1494.622047612562,True,18626.0,15973.0,2653.0,UB/LB diff < tol (it: 23; obj. deviation: 0.0; best it: 13; best centralized it: 13; total runtime: 0.08726648855614702),ea80d7d783a98aaec6f523c8a7c21ef219c3a0d74e47218166033a105a7be846,a626baecf53ea444865ec6b7baafdc55eea8f067e7aaac9b2645a6abccae7991,,,,,,,
static-n160-f5-s7-l1-r0,static,160,5,7,0,1.0,1,MADEA-PG,0,0be7f77c76a7f7c38fc7182821334e178555512e6fedbc4aad8ef19256eaa440,0,3988.1208564729345,True,43252.0,27824.0,15428.0,max iterations reached (it: 99; obj. deviation: 0.0; best it: 89; best centralized it: 89; total runtime: 4.595511036382884),363596be562effcb5bc4a6e89dcfefab0834dd041ea43bb7eac5ecf270b46d69,cf71ab1a9f09ced07fd610e38687a3159952f86c6e24429356b9235233ac6cd3,,3022.423114482833,3.964090167079121,no improving proposal,40.0,152.0,
static-n160-f5-s7-l1-r0,static,160,5,7,0,1.0,1,PLASMA-Welfare,4,0be7f77c76a7f7c38fc7182821334e178555512e6fedbc4aad8ef19256eaa440,0,4695.395400707522,True,43252.0,36805.0,6447.0,round budget exhausted (it: 20; obj. deviation: None),34b4a2948575473bdfe6331d6b52729658e292ef5855fc7d686d78a6f03f0fd9,0b95a1661426738bf84cd22cbef434a668f4218ae184ae6526db1d4deb272787,,,,,,,162.0
static-n160-f5-s7-l1-r0,static,160,5,7,0,1.0,1,MADEA,0,0be7f77c76a7f7c38fc7182821334e178555512e6fedbc4aad8ef19256eaa440,0,3022.423114482833,True,43252.0,28124.0,15128.0,max iterations reached (it: 99; obj. deviation: 0.0; best it: 89; best centralized it: 89; total runtime: 0.6336998641694349),58e90c3e2621a5df29c7f70dacc97a2ab3754e4a86e42f94e950a2059e10b5f4,9536153b89a25c881163405b06ff1e3345d99fb3d002567f408fd6a814329411,,,,,,,
static-n160-f5-s7-l1-r0,static,160,5,7,0,1.0,1,MADEA-one-shot,0,0be7f77c76a7f7c38fc7182821334e178555512e6fedbc4aad8ef19256eaa440,0,2827.3275517602847,True,43252.0,26778.0,16474.0,UB/LB diff < tol (it: 13; obj. deviation: None; best it: 3; best centralized it: 3; total runtime: 0.9954845012982055),5b40e9c5804bbd090f87a3ba919a7cbf39b3a6f336b56670995e05aa8392b7f9,ac7b6682086bdb53d157502d049272b49214374bfa97dbdc2a8a0a6cc8b5c7c2,,,,,,,
static-n40-f10-s7-l1-r0,static,40,10,7,0,1.0,1,PLASMA-Welfare,4,3803b10438c3c8a597e814dc690a6da396a4e7bce82c9b4f5aa23bf7ee98bde5,0,1929.2933194736388,True,4874.0,4529.0,345.0,round budget exhausted (it: 20; obj. deviation: None),ba61af9990f2754d238f5b62216c96673643b3b6ac2128c121f774d237a4176b,85150e826de9fb948fdebd3bdab6352a109d0f018d4a4120d4065a4b8c2f82f8,,,,,,,44.0
static-n40-f10-s7-l1-r0,static,40,10,7,0,1.0,1,MADEA,0,3803b10438c3c8a597e814dc690a6da396a4e7bce82c9b4f5aa23bf7ee98bde5,0,1583.9056168601196,True,4874.0,3662.0,1212.0,UB/LB diff < tol (it: 16; obj. deviation: 0.0; best it: 13; best centralized it: 13; total runtime: 0.05331469179970484),b10e698c7aab4e6879430d9b1ee625e9f266640eb7940a9992ea320b6f054dc6,563293cfd65e1f3cc1e4dc05823efb511bb618cd0a5aacf70934014c8f5264b5,,,,,,,
static-n40-f10-s7-l1-r0,static,40,10,7,0,1.0,1,MADEA-one-shot,0,3803b10438c3c8a597e814dc690a6da396a4e7bce82c9b4f5aa23bf7ee98bde5,0,1573.705057591498,True,4874.0,3638.0,1236.0,UB/LB diff < tol (it: 14; obj. deviation: None; best it: 4; best centralized it: 4; total runtime: 0.24769034743244575),890e8d2dee9bf934f57206ced87a374f517d105f824520e15407d5247e943865,805b07d30a133229963820996c1a881cfa56057dd885f5c7270fe75bfa4e59a4,,,,,,,
static-n40-f10-s7-l1-r0,static,40,10,7,0,1.0,1,MADEA-PG,0,3803b10438c3c8a597e814dc690a6da396a4e7bce82c9b4f5aa23bf7ee98bde5,0,1786.7728826282355,True,4874.0,4233.0,641.0,UB/LB diff < tol (it: 16; obj. deviation: 0.0; best it: 13; best centralized it: 13; total runtime: 0.6897970574315029),be5dc72a76437019583121a0bfada9755519b45870d160d2e5d65831eba094d1,13a58811c319455f1d6d1900bce5193ac07c449880c82eed1a6b6ed6bbe7910d,,1583.9056168601196,0.6331255419645458,no improving proposal,10.0,34.0,
static-n80-f10-s7-l1-r0,static,80,10,7,0,1.0,1,MADEA,0,5da60002c603d9fe6ee3f00d913490be567cbd964ab5cf0dcbb3025300f24d1e,0,2911.669756669729,True,9834.0,8552.0,1282.0,UB/LB diff < tol (it: 26; obj. deviation: 0.0; best it: 16; best centralized it: 16; total runtime: 0.09457316462512061),03d7260ea9e2dcac19296326992e3e981b0472e64eb29477663c0b7d2c6ca0dd,814165e7c44051b67a03aac8798f1405a3224bbeb66c07b1669d9415e3c3a7c5,,,,,,,
static-n80-f10-s7-l1-r0,static,80,10,7,0,1.0,1,MADEA-one-shot,0,5da60002c603d9fe6ee3f00d913490be567cbd964ab5cf0dcbb3025300f24d1e,0,2981.1209062706935,True,9834.0,8622.0,1212.0,UB/LB diff < tol (it: 21; obj. deviation: None; best it: 11; best centralized it: 11; total runtime: 0.499679027287051),03addbd5ad5238bde0707cdb75e61d5eb06fafdd2f381e8e26aaf9994e2751ce,0aca8ae6b5b78e4edf60e2970276647baad6fc9311077417d5c94e9196802a15,,,,,,,
static-n80-f10-s7-l1-r0,static,80,10,7,0,1.0,1,MADEA-PG,0,5da60002c603d9fe6ee3f00d913490be567cbd964ab5cf0dcbb3025300f24d1e,0,3212.963346646419,True,9834.0,8447.0,1387.0,UB/LB diff < tol (it: 26; obj. deviation: 0.0; best it: 16; best centralized it: 16; total runtime: 1.4644022918842112),39f89ae7034f83b757ca440c17c3e11596dc2b5130618356bcd8de7725d481e4,ae7fddfd94174102ea5615fbfdeb14e47b9a6b876e592ae1fc59685b88fc7b85,,2911.669756669729,1.3674379169242457,no improving proposal,20.0,74.0,
static-n80-f10-s7-l1-r0,static,80,10,7,0,1.0,1,PLASMA-Welfare,4,5da60002c603d9fe6ee3f00d913490be567cbd964ab5cf0dcbb3025300f24d1e,0,3279.4198275381,True,9834.0,8747.0,1087.0,round budget exhausted (it: 20; obj. deviation: None),51dec807e586d28d3372a8f1da31de354686098d063289ea193e1dd315096ab6,ad46ff3b0677db10e64844034c0366f2428f2b7f696789b9988fd5d1ad99f51a,,,,,,,82.0
static-n160-f10-s7-l1-r0,static,160,10,7,0,1.0,1,MADEA-one-shot,0,9819ccf5a9cc46f1d09f21bc4118327835c8a27ce0b69229307f6669e284b751,0,7139.674258875606,True,40944.0,29403.0,11541.0,UB/LB diff < tol (it: 14; obj. deviation: None; best it: 4; best centralized it: 4; total runtime: 1.1166691094108245),27d40099b78f047084b0d168ff75ed3175b0131d4bddffd9117748602794c524,165b3321cea06d5d010c1afdbda8b27780c631fd5380a8570dc59bf01212aed7,,,,,,,
static-n160-f10-s7-l1-r0,static,160,10,7,0,1.0,1,MADEA-PG,0,9819ccf5a9cc46f1d09f21bc4118327835c8a27ce0b69229307f6669e284b751,0,8593.820342415102,True,40944.0,33595.0,7349.0,max iterations reached (it: 99; obj. deviation: 0.0; best it: 92; best centralized it: 92; total runtime: 6.923119719913252),27a04286ee1441f3955f5c2e333e1411b6cee82a7a67f14189a5f98098ab197a,708d3c410c9160faa5536591197ef8d05fa1afc96d32f4ebcc39f5211608c88d,,7257.068540647741,6.225016082986258,no improving proposal,40.0,153.0,
static-n160-f10-s7-l1-r0,static,160,10,7,0,1.0,1,PLASMA-Welfare,4,9819ccf5a9cc46f1d09f21bc4118327835c8a27ce0b69229307f6669e284b751,0,9322.27855875015,True,40944.0,37179.0,3765.0,round budget exhausted (it: 20; obj. deviation: None),503d0c025b941f93eece22daab7f9dc34255574cf1e73fa3f5b714d0ef024747,ba8072f2311dfb4d8db58993875b99226487f10ab2349f38e26a265f7958e1f7,,,,,,,178.0
static-n160-f10-s7-l1-r0,static,160,10,7,0,1.0,1,MADEA,0,9819ccf5a9cc46f1d09f21bc4118327835c8a27ce0b69229307f6669e284b751,0,7257.068540647741,True,40944.0,29854.0,11090.0,max iterations reached (it: 99; obj. deviation: 0.0; best it: 92; best centralized it: 92; total runtime: 0.6997687300257772),5f687dabefc57be40cbcd589100f5d4b5f619dc2b519dc46d5fbcbcdbd78db67,7cfc8dbd799c78e32df91cee313394151adf9e283b2be8059dcc5ec5d98d8512,,,,,,,
static-n40-f5-s42-l1-r0,static,40,5,42,0,1.0,1,MADEA-PG,0,edd16a7fda48e1dfd249be44eb51c49905165acf1cfbb04466157528b1827a2b,0,727.1345468673516,True,9658.0,8785.0,873.0,UB/LB diff < tol (it: 30; obj. deviation: 0.0; best it: 20; best centralized it: 20; total runtime: 0.6837675605813165),d8fd3770363e786b6e3a7e9bfbf5142d4c45133b1d534b881a46c2eae00182f0,4edbe0fda280693ab7eeb6c11f0bb93e5a4a28875ceffaae6e8c6c2a63995856,,721.9695350235309,0.6409045830368996,no improving proposal,10.0,12.0,
static-n40-f5-s42-l1-r0,static,40,5,42,0,1.0,1,PLASMA-Welfare,4,edd16a7fda48e1dfd249be44eb51c49905165acf1cfbb04466157528b1827a2b,0,724.7200963741299,True,9658.0,8566.0,1092.0,round budget exhausted (it: 20; obj. deviation: None),ccecc809950d702c3f8f4f366cf478b871c0062a6fd74cfd1ee358872bc0e584,7f917f636f77609db15c65d00e3eba671631e1de9c0691d8e53c299384cefb2b,,,,,,,26.0
static-n40-f5-s42-l1-r0,static,40,5,42,0,1.0,1,MADEA,0,edd16a7fda48e1dfd249be44eb51c49905165acf1cfbb04466157528b1827a2b,0,721.9695350235309,True,9658.0,8641.0,1017.0,UB/LB diff < tol (it: 30; obj. deviation: 0.0; best it: 20; best centralized it: 20; total runtime: 0.045264417662763366),28b6c2a7abeeb93f6aa589d3126135f118ac480357ef37754eaede06e7ba195e,8bc756290d681a74fd59c5f9288f182a2a76546e077368572a981efd3e2b6be8,,,,,,,
static-n40-f5-s42-l1-r0,static,40,5,42,0,1.0,1,MADEA-one-shot,0,edd16a7fda48e1dfd249be44eb51c49905165acf1cfbb04466157528b1827a2b,0,725.0637000123182,True,9658.0,8706.0,952.0,UB/LB diff < tol (it: 17; obj. deviation: None; best it: 7; best centralized it: 7; total runtime: 0.11534241766030622),db9b8535466daa12c22eb7bd595692c20c3bed43c63a1efc1cfa869f583861bd,c686b91ab592ea5b760e07a6b049c923808806168cbcde870529130cce850c74,,,,,,,
static-n80-f5-s42-l1-r0,static,80,5,42,0,1.0,1,PLASMA-Welfare,4,9c5b63dff76ec3ff5c58ce41566edf2471ac2f916641bd477781366464977c2f,0,1957.299587017082,True,23179.0,19680.0,3499.0,round budget exhausted (it: 20; obj. deviation: None),7a0c1a4d42f191c347dcb898af923850504cf6e6b95230f08e3ca95d5512c5fa,644176304d9354d75ea565a137447389016577df5f1814b72e898c63e57b0b73,,,,,,,93.0
static-n80-f5-s42-l1-r0,static,80,5,42,0,1.0,1,MADEA,0,9c5b63dff76ec3ff5c58ce41566edf2471ac2f916641bd477781366464977c2f,0,1171.958999234026,True,23179.0,20196.0,2983.0,UB/LB diff < tol (it: 54; obj. deviation: 0.0; best it: 44; best centralized it: 44; total runtime: 0.21660242292600837),742f4f1ff198b600de6ad193f392d9920f0c4258ecc31dc29509546c0de6c759,a93e1c5be17db31fd3d0f8b3c1cf11f2b5d1a1d190ce75ae1e7a0f5d12ba45dc,,,,,,,
static-n80-f5-s42-l1-r0,static,80,5,42,0,1.0,1,MADEA-one-shot,0,9c5b63dff76ec3ff5c58ce41566edf2471ac2f916641bd477781366464977c2f,0,1109.6477432939564,True,23179.0,20066.0,3113.0,UB/LB diff < tol (it: 14; obj. deviation: None; best it: 4; best centralized it: 4; total runtime: 0.4847125479560749),647d3bd52c426452ee41471d246ce5457f7997e47a4d24654469bd03ae40a585,81924af11a2e37df5ffb505291ac7006b1bf89301e6d6af367f5d125b912ece7,,,,,,,
static-n80-f5-s42-l1-r0,static,80,5,42,0,1.0,1,MADEA-PG,0,9c5b63dff76ec3ff5c58ce41566edf2471ac2f916641bd477781366464977c2f,0,1780.4209479385706,True,23179.0,17027.0,6152.0,UB/LB diff < tol (it: 54; obj. deviation: 0.0; best it: 44; best centralized it: 44; total runtime: 1.6157443647049592),772709e938bf2538d321cf453e62206c4ab428182c6c0c96391755777b629e1a,5353e4c9eb088c8e60a9fc29e90c9f14c98884c9ec0284180cbe9a13cf9ac135,,1171.958999234026,1.4023809580830855,no improving proposal,20.0,79.0,
static-n160-f5-s42-l1-r0,static,160,5,42,0,1.0,1,MADEA,0,e2380d3a3efaeb3bdc263192301b0c2818271101a3e6c998b83bbde0da31b3e7,0,4323.734820581857,True,16280.0,14764.0,1516.0,UB/LB diff < tol (it: 39; obj. deviation: 0.0; best it: 29; best centralized it: 29; total runtime: 0.2777550364643914),e04d4034a66ddd36078cb7f355705def589d0b6a6c574060be285a7eef4c2b9f,d9156df77f889a48a2f1e192fbfcf3aa5daa2e66b04ad055338c4d3e362790f5,,,,,,,
static-n160-f5-s42-l1-r0,static,160,5,42,0,1.0,1,MADEA-one-shot,0,e2380d3a3efaeb3bdc263192301b0c2818271101a3e6c998b83bbde0da31b3e7,0,4279.680442256831,True,16280.0,14674.0,1606.0,UB/LB diff < tol (it: 14; obj. deviation: None; best it: 4; best centralized it: 4; total runtime: 0.9112495503397829),07692caf4fd4390b41523532adee0b9ca0e5d1405cb980566f8cb720b9ec8c1a,09570ef5d20ebc8a100fb1385bcef341b4c5b5f650225b59bc42bd1de6df4909,,,,,,,
static-n160-f5-s42-l1-r0,static,160,5,42,0,1.0,1,MADEA-PG,0,e2380d3a3efaeb3bdc263192301b0c2818271101a3e6c998b83bbde0da31b3e7,0,4589.757654452,True,16280.0,13897.0,2383.0,UB/LB diff < tol (it: 39; obj. deviation: 0.0; best it: 29; best centralized it: 29; total runtime: 2.970020742388399),dc3e41829740aa56486d47c0feeede165560ec21f45f47abc7e50c5d6427771f,cbab9681eac4e4e695c7af3b5057bec13d23402a7b9760f149d2b080d4cba85c,,4323.734820581857,2.6894630839815363,no improving proposal,40.0,125.0,
static-n160-f5-s42-l1-r0,static,160,5,42,0,1.0,1,PLASMA-Welfare,4,e2380d3a3efaeb3bdc263192301b0c2818271101a3e6c998b83bbde0da31b3e7,0,4642.708338900746,True,16280.0,14399.0,1881.0,round budget exhausted (it: 20; obj. deviation: None),2806f6098535e1f891887aba5e68ddc740bb782493ebc54edcc174f17e58d1fd,256195b48e94e20e89580635a2b6e1ac1aa91ed93f1d7208faf70043546cb330,,,,,,,145.0
static-n40-f10-s42-l1-r0,static,40,10,42,0,1.0,1,MADEA-one-shot,0,dc4c314e508cf1780337e60f75a24a560c76241f52cfb2e54600f5272b1e7594,0,1158.0947457083937,True,9713.0,7995.0,1718.0,UB/LB diff < tol (it: 13; obj. deviation: None; best it: 3; best centralized it: 3; total runtime: 0.2386243225089629),3977dd3e992a8bfc159fdca83f0983f3717befad83c5b0dabf1dbb669c8d1425,e1a608897ef449e92f7ed4580197d025c324316eeb900139baee60baaea54e16,,,,,,,
static-n40-f10-s42-l1-r0,static,40,10,42,0,1.0,1,MADEA-PG,0,dc4c314e508cf1780337e60f75a24a560c76241f52cfb2e54600f5272b1e7594,0,1447.8652571791429,True,9713.0,8478.0,1235.0,UB/LB diff < tol (it: 31; obj. deviation: 0.0; best it: 21; best centralized it: 21; total runtime: 1.1510213064251897),8e83d62204afcdc108070fd21a4889adc8f1e82822f36e09b14fb1a6b835d16f,1cb172bdb25bff0a190f36a8ccb8f4961b8aef82fa35c98a1bdd3c6a4062de65,,1187.5450386249847,1.0574406249215826,no improving proposal,10.0,44.0,
static-n40-f10-s42-l1-r0,static,40,10,42,0,1.0,1,PLASMA-Welfare,4,dc4c314e508cf1780337e60f75a24a560c76241f52cfb2e54600f5272b1e7594,0,1495.2583713294373,True,9713.0,8772.0,941.0,round budget exhausted (it: 20; obj. deviation: None),a7077b945acb31d04691569ba29f25b62deffab634de31707e56c9ddfaf81ac9,734c6a0906ffea4d3780b6ece298b35680edfa235f5b944b96234e16d6880da6,,,,,,,47.0
static-n40-f10-s42-l1-r0,static,40,10,42,0,1.0,1,MADEA,0,dc4c314e508cf1780337e60f75a24a560c76241f52cfb2e54600f5272b1e7594,0,1187.5450386249847,True,9713.0,8092.0,1621.0,UB/LB diff < tol (it: 31; obj. deviation: 0.0; best it: 21; best centralized it: 21; total runtime: 0.09386443682023426),5212642b22f4f2695a0503fe5b10018de7e52b192100de0fa842abf4d69640b3,e4a2074153539a28f89218c30e3dcda6c3263a2db9aab7f4af60371ec5829b17,,,,,,,
static-n80-f10-s42-l1-r0,static,80,10,42,0,1.0,1,MADEA-PG,0,5870c8402166004c3804f2d118896c28134fc2d49e53d9265d5cd086f4cf8c47,0,3631.51183291808,True,22494.0,18839.0,3655.0,UB/LB diff < tol (it: 39; obj. deviation: 0.0; best it: 29; best centralized it: 29; total runtime: 2.32907240723398),e5578ec8690068e02d688ed9d4fb560d84492b77cd64d873f7ac3e42ea30d0e1,770709004578bedca25ddca16eab5bc008d761977de850e8d84074f3c549a9a6,,3157.535738002007,2.1588249169290066,no improving proposal,20.0,81.0,
static-n80-f10-s42-l1-r0,static,80,10,42,0,1.0,1,PLASMA-Welfare,4,5870c8402166004c3804f2d118896c28134fc2d49e53d9265d5cd086f4cf8c47,0,3706.8163886037096,True,22494.0,19941.0,2553.0,round budget exhausted (it: 20; obj. deviation: None),76379de37a2486d1c7e5f6437a3796f8888164eec211593995479a051835cad8,10478a58c0a9e0e088e741217e3110e88ffb0cf88775ac06590829f8e3c01c92,,,,,,,93.0
static-n80-f10-s42-l1-r0,static,80,10,42,0,1.0,1,MADEA,0,5870c8402166004c3804f2d118896c28134fc2d49e53d9265d5cd086f4cf8c47,0,3157.535738002007,True,22494.0,18091.0,4403.0,UB/LB diff < tol (it: 39; obj. deviation: 0.0; best it: 29; best centralized it: 29; total runtime: 0.17162345864246376),baf5305c3c57aa85f4c6ccaf7e222c3839247ed6951caac50dd956b651a7549e,f83565a478c02bbd85811d565d3ec7658a1f948d746368c087bb84f084074388,,,,,,,
static-n80-f10-s42-l1-r0,static,80,10,42,0,1.0,1,MADEA-one-shot,0,5870c8402166004c3804f2d118896c28134fc2d49e53d9265d5cd086f4cf8c47,0,3165.806461489185,True,22494.0,17991.0,4503.0,UB/LB diff < tol (it: 14; obj. deviation: None; best it: 4; best centralized it: 4; total runtime: 0.5271891807897991),e0119e9f0d0913acb26d51f789de70897442668303186a5cf1e1fb7ba2bc87ad,117b5353613cd11d2674bec12ef636f19bae48f6da53661d4aa63d8014ebc70c,,,,,,,
static-n160-f10-s42-l1-r0,static,160,10,42,0,1.0,1,PLASMA-Welfare,4,28cb12822b012725e9fd45a5422a48f0186a182752e60918abe38feaf805becb,0,9389.742091882135,True,30755.0,28325.0,2430.0,round budget exhausted (it: 20; obj. deviation: None),a7634104e3b3a8cb22fe348c90a73d06a4df81e04077324d8cb6753c10933440,c27d11ef7e6c94bd982bae36eafca8fbac3ff9300ee2b6dadbefc2f0ce8ace31,,,,,,,299.0
static-n160-f10-s42-l1-r0,static,160,10,42,0,1.0,1,MADEA,0,28cb12822b012725e9fd45a5422a48f0186a182752e60918abe38feaf805becb,0,6481.024166960794,True,30755.0,18040.0,12715.0,UB/LB diff < tol (it: 74; obj. deviation: 0.0; best it: 64; best centralized it: 64; total runtime: 0.6547036397547035),10377a8c03e7bec0fb1a1b363bf5836d290e6cd1f8afef25ec80c7dc58f3de78,b3edfac38dcbb836aa6a53e7e495677ec120bdb6ac24333a138ceafc6e19b79a,,,,,,,
static-n160-f10-s42-l1-r0,static,160,10,42,0,1.0,1,MADEA-one-shot,0,28cb12822b012725e9fd45a5422a48f0186a182752e60918abe38feaf805becb,0,6188.651009291685,True,30755.0,17199.0,13556.0,UB/LB diff < tol (it: 14; obj. deviation: None; best it: 4; best centralized it: 4; total runtime: 1.1472336748969496),e2172de5bd599b00797421767f69c7d341155b6296680f6de73bf99c8f3cc932,0eb6c8af8174caa7c8d20f7c9c8b5ce04ffe35526510fbf7c510d9de27b135a1,,,,,,,
static-n160-f10-s42-l1-r0,static,160,10,42,0,1.0,1,MADEA-PG,0,28cb12822b012725e9fd45a5422a48f0186a182752e60918abe38feaf805becb,0,8116.486071115585,True,30755.0,24401.0,6354.0,UB/LB diff < tol (it: 74; obj. deviation: 0.0; best it: 64; best centralized it: 64; total runtime: 6.3731735452215865),adfb6432016aa9816f984366ac6dd13cae1dc13e853a5bcad0b33bd023bb0872,2dba196d344ed427036d0fba78b535ee8fb3fe9b203ee9a68a49071f20ef86a4,,6481.024166960794,5.727000415907241,no improving proposal,40.0,159.0,
static-n40-f5-s99-l1-r0,static,40,5,99,0,1.0,1,MADEA,0,05a8983e2155a0e4d5b772b20bb19163527c2af8b973514f83a39d1b64abb1e7,0,1076.7981541756164,True,14398.0,12482.0,1916.0,UB/LB diff < tol (it: 19; obj. deviation: 0.0; best it: 9; best centralized it: 9; total runtime: 0.054024072505947165),1e77b625b19c1034fbe1d568081c02e53fb1ad7474f4f747cc0c3ba94f480278,f3c29a32cefb5d69cf5b20589b82b0ad0704432d9ef01290de469ae9ce9628a0,,,,,,,
static-n40-f5-s99-l1-r0,static,40,5,99,0,1.0,1,MADEA-one-shot,0,05a8983e2155a0e4d5b772b20bb19163527c2af8b973514f83a39d1b64abb1e7,0,1110.542587147933,True,14398.0,12828.0,1570.0,UB/LB diff < tol (it: 20; obj. deviation: None; best it: 10; best centralized it: 10; total runtime: 0.2742734761434913),f77f8db411ba674cadada82008e46f8ac6cfb6afa10fd976cfd4ad99ffbdf3df,9fa1c24ccc170a5054cc425e20b218208f2906df5de196d077e904339244e075,,,,,,,
static-n40-f5-s99-l1-r0,static,40,5,99,0,1.0,1,MADEA-PG,0,05a8983e2155a0e4d5b772b20bb19163527c2af8b973514f83a39d1b64abb1e7,0,1114.5059292934864,True,14398.0,12725.0,1673.0,UB/LB diff < tol (it: 19; obj. deviation: 0.0; best it: 9; best centralized it: 9; total runtime: 0.7915258595461226),201fa950365c3fd2c44bdd42c5b8a3395a3d2961ba43fc0bbba147cc4a5a771c,b5277ee0bd3ab9b93d4c338068d8a204b0632d5fc8747da16ed8a74d23662ce4,,1076.7981541756164,0.740136457956396,no improving proposal,10.0,29.0,
static-n40-f5-s99-l1-r0,static,40,5,99,0,1.0,1,PLASMA-Welfare,4,05a8983e2155a0e4d5b772b20bb19163527c2af8b973514f83a39d1b64abb1e7,0,1131.9583588966916,True,14398.0,12858.0,1540.0,round budget exhausted (it: 20; obj. deviation: None),436a57974dbf7cb90092fd84f5903b140c0f655b42066a42ceff145c59557233,f3070cf6db33702335d5537b2d40e1b01c5fb6a5348d1b72bce595f5026f0dd8,,,,,,,29.0
static-n80-f5-s99-l1-r0,static,80,5,99,0,1.0,1,MADEA-one-shot,0,943f1841092ed8cfe258cdb513d06b50a5b767d3642dbecedcf0fa1440efaaab,0,1610.5910143561443,True,6692.0,5103.0,1589.0,UB/LB diff < tol (it: 13; obj. deviation: None; best it: 3; best centralized it: 3; total runtime: 0.4487484511681953),3d5ccdf2db9e31c0069c6b3bfb09ae1002672d9cc94f86154cecd5c807e7f789,e156d2ac1a8526477d0859b333d7d5f0429eaab717e04ef5da894e6213b0f066,,,,,,,
static-n80-f5-s99-l1-r0,static,80,5,99,0,1.0,1,MADEA-PG,0,943f1841092ed8cfe258cdb513d06b50a5b767d3642dbecedcf0fa1440efaaab,0,2004.266084511296,True,6692.0,5079.0,1613.0,UB/LB diff < tol (it: 59; obj. deviation: 0.0; best it: 49; best centralized it: 49; total runtime: 1.1275304798389034),013274c20f20696c5e6137eba96c899eb0f316d7d6a6689ab33bbcc74271f576,778ed4ab77cb50b61a5c90a54ee67d6511e92097cf8964725f3b62f2ef08892d,,1689.3991767181783,0.8441601250087842,no improving proposal,20.0,76.0,
static-n80-f5-s99-l1-r0,static,80,5,99,0,1.0,1,PLASMA-Welfare,4,943f1841092ed8cfe258cdb513d06b50a5b767d3642dbecedcf0fa1440efaaab,0,2341.6777423022913,True,6692.0,6123.0,569.0,round budget exhausted (it: 20; obj. deviation: None),9a325f6d7ee1c402e3760afd9b3746665e63b852e125cdd5092d73294be078ad,29112dd5155dd44fc9c1df7c0b35ecf01c2420a405523e1b58b07c7a060ae8f8,,,,,,,89.0
static-n80-f5-s99-l1-r0,static,80,5,99,0,1.0,1,MADEA,0,943f1841092ed8cfe258cdb513d06b50a5b767d3642dbecedcf0fa1440efaaab,0,1689.3991767181783,True,6692.0,5201.0,1491.0,UB/LB diff < tol (it: 59; obj. deviation: 0.0; best it: 49; best centralized it: 49; total runtime: 0.28216436153106017),a437e4cb774e0257e15b84037adff059d83d49ff2c1e1c088a7716f44be9be44,4024d7d6829cb27546c2c2e3a85f9db40851e27addf11020f216249d96f3ce7b,,,,,,,
static-n160-f5-s99-l1-r0,static,160,5,99,0,1.0,1,MADEA-PG,0,38b83a0561fdb59290e7f32768a5e162c6ad23fc0c6b244e3a7868e668888f77,0,3722.3031024574134,True,32994.0,22436.0,10558.0,UB/LB diff < tol (it: 46; obj. deviation: 0.0; best it: 36; best centralized it: 36; total runtime: 4.558264083501712),1222aede98d2a553fe9cc535534a721c170d3a7f5b90b20cd4924302e9c93743,3073f1f2c18c1e34994436afb529be3ebcb822df3c810b9a04902c85735c6b49,,2864.4272170010836,4.225894125062041,no improving proposal,40.0,154.0,
static-n160-f5-s99-l1-r0,static,160,5,99,0,1.0,1,PLASMA-Welfare,4,38b83a0561fdb59290e7f32768a5e162c6ad23fc0c6b244e3a7868e668888f77,0,4360.700147960282,True,32994.0,28709.0,4285.0,round budget exhausted (it: 20; obj. deviation: None),4dc46f994183f34e1cee1e6adf2afa68d72ccf74c94a40b2b50b1660e9186e5f,bab5caae6862f187c7fc871f6b98fe3dea120f68d82c731db5fe21178d332295,,,,,,,213.0
static-n160-f5-s99-l1-r0,static,160,5,99,0,1.0,1,MADEA,0,38b83a0561fdb59290e7f32768a5e162c6ad23fc0c6b244e3a7868e668888f77,0,2864.4272170010836,True,32994.0,20673.0,12321.0,UB/LB diff < tol (it: 46; obj. deviation: 0.0; best it: 36; best centralized it: 36; total runtime: 0.3147152292094229),942eb299a7bda7390cf6cae711aa11203e9a71aceff3bcfdb181d4e7bc71a36d,914f950438118feaf46b863ef41d033740b87f62d1cbdd4df690397d3b2b9ea4,,,,,,,
static-n160-f5-s99-l1-r0,static,160,5,99,0,1.0,1,MADEA-one-shot,0,38b83a0561fdb59290e7f32768a5e162c6ad23fc0c6b244e3a7868e668888f77,0,2642.071671940053,True,32994.0,19668.0,13326.0,UB/LB diff < tol (it: 14; obj. deviation: None; best it: 4; best centralized it: 4; total runtime: 1.030900268424219),58932e6394d75f6d512b97569b81e2703b3fd1f0b20fb6538ffc573650b9a6d0,334576c38075cfdee6dbabd5badf6147715f6976e28bb865ec40f447fde9aaba,,,,,,,
static-n40-f10-s99-l1-r0,static,40,10,99,0,1.0,1,PLASMA-Welfare,4,529c589185947eb4adc176002e04198d6e0c7481f200775ad6997269edbd8523,0,2209.391865124732,True,9007.0,8180.0,827.0,round budget exhausted (it: 20; obj. deviation: None),7bd702d562e3d3556848d6e729e659192fcf8389792357eaba12458e604652c9,1a80c15f3e207f165a94f538ed0bb88c2a7f64b1ccd2e758c38e69fde4032062,,,,,,,38.0
static-n40-f10-s99-l1-r0,static,40,10,99,0,1.0,1,MADEA,0,529c589185947eb4adc176002e04198d6e0c7481f200775ad6997269edbd8523,0,1938.9314583223627,True,9007.0,6649.0,2358.0,UB/LB diff < tol (it: 20; obj. deviation: 0.0; best it: 10; best centralized it: 10; total runtime: 0.057698100528398716),3259e1098b054f4fcbc2595f7e8a14c2438ae803a6031400c6fe5f765104574b,42ecf1d207d2074f2d5c16175c5e8bc365e2b2a0ee995a52f0ccd02c6522b902,,,,,,,
static-n40-f10-s99-l1-r0,static,40,10,99,0,1.0,1,MADEA-one-shot,0,529c589185947eb4adc176002e04198d6e0c7481f200775ad6997269edbd8523,0,2000.5839692394763,True,9007.0,6875.0,2132.0,UB/LB diff < tol (it: 19; obj. deviation: None; best it: 9; best centralized it: 9; total runtime: 0.32981611376457576),7842ad7d246443c61d3f70cfd799e5a60e2b23dbd5c6b8af38d6c53c692f19b2,df6584fad39c9ce580112005bef72ac1b3e85b39af1bac9c0b913df5aeff8949,,,,,,,
static-n40-f10-s99-l1-r0,static,40,10,99,0,1.0,1,MADEA-PG,0,529c589185947eb4adc176002e04198d6e0c7481f200775ad6997269edbd8523,0,2136.716800201462,True,9007.0,7689.0,1318.0,UB/LB diff < tol (it: 20; obj. deviation: 0.0; best it: 10; best centralized it: 10; total runtime: 0.9294531936554619),252e6d9af92fc4cb64201792f4a6e63bad65d3b1a0da2f0527d243de7d5b2ad9,2b37cc6401809817342a694add998ca87b7da9ed77b0a3c805c4a91ccac26cf5,,1938.9314583223627,0.8745721669401973,no improving proposal,10.0,40.0,
static-n80-f10-s99-l1-r0,static,80,10,99,0,1.0,1,MADEA,0,0abc2494dbc4e506fae5f7d706de446616da6a2ace1e5fca6b3153c90f3d7ce6,0,3737.095284963558,True,12211.0,7304.0,4907.0,UB/LB diff < tol (it: 53; obj. deviation: 0.0; best it: 43; best centralized it: 43; total runtime: 0.2657450477848991),868c034120227d83527ccdaddc8e120576bf28b2760d246669c6b3a1b376e374,d19a87519fa84b71445841d288ddf3fc055ece46178c1b47e01c62e6b63de97f,,,,,,,
static-n80-f10-s99-l1-r0,static,80,10,99,0,1.0,1,MADEA-one-shot,0,0abc2494dbc4e506fae5f7d706de446616da6a2ace1e5fca6b3153c90f3d7ce6,0,3710.316938406651,True,12211.0,7196.0,5015.0,UB/LB diff < tol (it: 13; obj. deviation: None; best it: 3; best centralized it: 3; total runtime: 0.5117860808598643),dd3c3d0917d9ffd2f8a482d9dc8ec64749e83c3b492812ba10b728a247df2836,b3a1d984083164c7cc8748dcaba4ef5af23e4864f782c5f55ef4453ac2c56bbe,,,,,,,
static-n80-f10-s99-l1-r0,static,80,10,99,0,1.0,1,MADEA-PG,0,0abc2494dbc4e506fae5f7d706de446616da6a2ace1e5fca6b3153c90f3d7ce6,0,4239.719671947432,True,12211.0,9859.0,2352.0,UB/LB diff < tol (it: 53; obj. deviation: 0.0; best it: 43; best centralized it: 43; total runtime: 2.029279607714489),9219f116beaa479197e865f88ceba4e56477c13a88fc5d5034df3bbaa04a37b7,35c0aeb1113b140707c57ebdfd397e21865ede35293e968efd7d7fb067d0bf77,,3737.095284963558,1.7666542920051145,no improving proposal,20.0,80.0,
static-n80-f10-s99-l1-r0,static,80,10,99,0,1.0,1,PLASMA-Welfare,4,0abc2494dbc4e506fae5f7d706de446616da6a2ace1e5fca6b3153c90f3d7ce6,0,4570.542682798112,True,12211.0,11036.0,1175.0,round budget exhausted (it: 20; obj. deviation: None),4d168eb504818db1f2ab7f37b31026db34933756cc05352517d52bfe1a88e580,e0baf097b9c3dcdb09af7dffd06f47700ecae40528270657cc2b18fc8ed8591b,,,,,,,90.0
static-n160-f10-s99-l1-r0,static,160,10,99,0,1.0,1,MADEA-one-shot,0,25235bd746487f6414121c91fb2af6b08adb2b656ac3f410b0f3179e9ecee4e3,0,7470.1612206172,True,36898.0,27324.0,9574.0,UB/LB diff < tol (it: 14; obj. deviation: None; best it: 4; best centralized it: 4; total runtime: 1.0667496181268983),96faa66276d8f60a3c1fa177e8dbb2bcc39144dd1daab38885e8f584d3a44215,b00116bde96fbf7b5620b910733b5eb31c81469d7c13954ea68a3ec02f3814f3,,,,,,,
static-n160-f10-s99-l1-r0,static,160,10,99,0,1.0,1,MADEA-PG,0,25235bd746487f6414121c91fb2af6b08adb2b656ac3f410b0f3179e9ecee4e3,0,8216.230661084073,True,36898.0,29948.0,6950.0,UB/LB diff < tol (it: 50; obj. deviation: 0.0; best it: 40; best centralized it: 40; total runtime: 6.731095108090053),c6765788c7df1dbe53c1661ecda1ff57ecf01d3933f5670c42e7b0663dd07831,c05fc9a9e7d6d0b15772ee6b0538cbe821c928882d293e57b0160d1b70decb33,,7531.038984121107,6.396372040966526,no improving proposal,40.0,161.0,
static-n160-f10-s99-l1-r0,static,160,10,99,0,1.0,1,PLASMA-Welfare,4,25235bd746487f6414121c91fb2af6b08adb2b656ac3f410b0f3179e9ecee4e3,0,8385.89258649821,True,36898.0,31454.0,5444.0,round budget exhausted (it: 20; obj. deviation: None),053b8a16b6155dbcc4ef7353e06ddda415adc385dac748dee5a5061ed71c30d8,f044f63373a979912b39ec46f3b108711721d27ac2e6b59b93c65f55f3a2728d,,,,,,,172.0
static-n160-f10-s99-l1-r0,static,160,10,99,0,1.0,1,MADEA,0,25235bd746487f6414121c91fb2af6b08adb2b656ac3f410b0f3179e9ecee4e3,0,7531.038984121107,True,36898.0,27706.0,9192.0,UB/LB diff < tol (it: 50; obj. deviation: 0.0; best it: 40; best centralized it: 40; total runtime: 0.3341604933321245),e4c28299145937bda89d6c283b09d39ef3f4dcbffd8c52efd1701b1a80f9ee24,013d11906e0f16761c5a53bc31667884b3a3aa08394ab87fc6ef41f304562620,,,,,,,
static-n40-f5-s2026-l1-r0,static,40,5,2026,0,1.0,1,MADEA-PG,0,692536d3c05b05ff1f4e877a6c3554d7320e80320cd1e49bd23ba530c5be87c1,0,1008.0045450343886,True,3694.0,3185.0,509.0,UB/LB diff < tol (it: 25; obj. deviation: 0.0; best it: 15; best centralized it: 15; total runtime: 0.3392255274960094),ce5e0546c3cb48047f764568b6e1824001f083d7296c8120f59169f4cf371a8e,7e94dc7ff4eac87d6f2b5c0cd4a9bd7a81d5332a58eaa6566739dc165bd9f980,,852.2512746170644,0.2784862091066316,no improving proposal,10.0,30.0,
static-n40-f5-s2026-l1-r0,static,40,5,2026,0,1.0,1,PLASMA-Welfare,4,692536d3c05b05ff1f4e877a6c3554d7320e80320cd1e49bd23ba530c5be87c1,0,1047.9742233128156,True,3694.0,3294.0,400.0,round budget exhausted (it: 20; obj. deviation: None),9f5498dfba510baa349a653fefa4fdefdcf030132f786f79e4a068f7b5ab0ad3,d5ffadb340a42f32c80c99a350caccaa4f98a146afc4bf395fa07b74c387cc78,,,,,,,35.0
static-n40-f5-s2026-l1-r0,static,40,5,2026,0,1.0,1,MADEA,0,692536d3c05b05ff1f4e877a6c3554d7320e80320cd1e49bd23ba530c5be87c1,0,852.2512746170644,True,3694.0,3290.0,404.0,UB/LB diff < tol (it: 25; obj. deviation: 0.0; best it: 15; best centralized it: 15; total runtime: 0.060985027993356526),082173bd7578b3275509b0232cf239b257cfd69928d7964d741cafda96fa8874,5f9b205c21879ef0798c1c84110d79aefe90e494bbfe2a1f231208fdebc04152,,,,,,,
static-n40-f5-s2026-l1-r0,static,40,5,2026,0,1.0,1,MADEA-one-shot,0,692536d3c05b05ff1f4e877a6c3554d7320e80320cd1e49bd23ba530c5be87c1,0,846.3156049222108,True,3694.0,3278.0,416.0,UB/LB diff < tol (it: 14; obj. deviation: None; best it: 4; best centralized it: 4; total runtime: 0.2218510827855915),e1d45cceb70070d9c7540160d1fb5b535c9a379fe5ec4aed38547e7ea54b4f80,a157e6b7d70b136da4cc5f8373a281a323014b56818a30e78cb43582fe3ab94a,,,,,,,
static-n80-f5-s2026-l1-r0,static,80,5,2026,0,1.0,1,PLASMA-Welfare,4,6f0314beab998778615fb964148f37b64c9787b9a44c943f951baefbc6fc17cb,0,2458.153092384407,True,23029.0,20944.0,2085.0,round budget exhausted (it: 20; obj. deviation: None),33ed1d40a9db9a37b67fe92e1fad773da871ef713c4090f1aa7e8fa401f31485,23e1b23940bb105eb93002d1e49b77c15bbc62a2ee4c329517e5d595cd57eff2,,,,,,,45.0
static-n80-f5-s2026-l1-r0,static,80,5,2026,0,1.0,1,MADEA,0,6f0314beab998778615fb964148f37b64c9787b9a44c943f951baefbc6fc17cb,0,2438.070227323267,True,23029.0,20101.0,2928.0,UB/LB diff < tol (it: 17; obj. deviation: 0.0; best it: 7; best centralized it: 7; total runtime: 0.04023956813669028),d10732bf9c480c009b11331f127e6e0c0774d57396d4481f50c217547411e905,6384579a224ae7270af86674912b22dc5152ae97eaa28c9f1e6050150813c18f,,,,,,,
static-n80-f5-s2026-l1-r0,static,80,5,2026,0,1.0,1,MADEA-one-shot,0,6f0314beab998778615fb964148f37b64c9787b9a44c943f951baefbc6fc17cb,0,2468.1031324710134,True,23029.0,20572.0,2457.0,UB/LB diff < tol (it: 21; obj. deviation: None; best it: 11; best centralized it: 11; total runtime: 0.3345289457614268),702b4419ffb10c4578868df0fa14551af61d51e7457b3b36ca7ef1ea36108806,a34900a5698950ff4458c7535a1cc667996e65acdd5b1b9ba9b4f6810d0c1c5c,,,,,,,
static-n80-f5-s2026-l1-r0,static,80,5,2026,0,1.0,1,MADEA-PG,0,6f0314beab998778615fb964148f37b64c9787b9a44c943f951baefbc6fc17cb,0,2447.9690819811776,True,23029.0,20444.0,2585.0,UB/LB diff < tol (it: 17; obj. deviation: 0.0; best it: 7; best centralized it: 7; total runtime: 1.4187861470985423),28f78d0e25cbc0e0ee574087e0eac363b9c1049cfee44e34690804911e33c4bb,43f604aa92c90c7f25e882a535edc00721c0116f61f5e14fefa7f88e2504f6d1,,2438.070227323267,1.3811472080415117,no improving proposal,20.0,27.0,
static-n160-f5-s2026-l1-r0,static,160,5,2026,0,1.0,1,MADEA,0,80a54cc6c391bd7aef0e02647f974ef064c258f7c92e368a4496199d0539f19a,0,4379.680482919375,True,51716.0,37818.0,13898.0,UB/LB diff < tol (it: 47; obj. deviation: 0.0; best it: 37; best centralized it: 37; total runtime: 0.24502875696827514),dc11699c9b7231b277b84d039dc1a0e24ab2cd11543b020418c1c2fd1a4363aa,f8ab074d9ce8353fb946b31d59fd7a56ea4c99b044da5eaec96ea03237fc2aa6,,,,,,,
static-n160-f5-s2026-l1-r0,static,160,5,2026,0,1.0,1,MADEA-one-shot,0,80a54cc6c391bd7aef0e02647f974ef064c258f7c92e368a4496199d0539f19a,0,4319.210841719576,True,51716.0,37337.0,14379.0,UB/LB diff < tol (it: 13; obj. deviation: None; best it: 3; best centralized it: 3; total runtime: 0.9662702136057858),d13fb365e6c1c4308aa39ddca34d91ef0511e16b388ae5915b1f1a9f682db640,0333fb688240f5f2081a74c6871815b4ff14d93af290d948029c5caea04cbae7,,,,,,,
static-n160-f5-s2026-l1-r0,static,160,5,2026,0,1.0,1,MADEA-PG,0,80a54cc6c391bd7aef0e02647f974ef064c258f7c92e368a4496199d0539f19a,0,4830.5815180562695,True,51716.0,46011.0,5705.0,UB/LB diff < tol (it: 47; obj. deviation: 0.0; best it: 37; best centralized it: 37; total runtime: 5.6045018717919834),77ad349fab70eccd5c7595f5a2d76e7bcbe6b6d0b0201b086ad248033246c641,fecd2cde140107b0fae6a5d33e8df3bef9e426d79d75a3872287fd81679fd696,,4379.680482919375,5.348130291909911,no improving proposal,40.0,144.0,
static-n160-f5-s2026-l1-r0,static,160,5,2026,0,1.0,1,PLASMA-Welfare,4,80a54cc6c391bd7aef0e02647f974ef064c258f7c92e368a4496199d0539f19a,0,5043.222259059723,True,51716.0,46383.0,5333.0,round budget exhausted (it: 20; obj. deviation: None),cd358f88473e61ec495596d43a7df15fdaf5762d942e684d4e27256dd888a899,1e703f800f5fab0e526db5c5914ac301d11ea5c9be44e92ced64f6bd47e70ec2,,,,,,,150.0
static-n40-f10-s2026-l1-r0,static,40,10,2026,0,1.0,1,MADEA-one-shot,0,fafa48f7e7c95e5cdcd1e071740ce0b947e7c2c10409d7175533c7e261fea064,0,876.7125594682917,True,7368.0,3841.0,3527.0,UB/LB diff < tol (it: 13; obj. deviation: None; best it: 3; best centralized it: 3; total runtime: 0.27857923621226477),9a38370694cb70a2f5dead89fa83725654d0bc52c231bff4e1f9dc39a58ed063,6ff48a105979b0dddbd649e402e5e2bf883805d5fa2c6eaff50754713eeb6765,,,,,,,
static-n40-f10-s2026-l1-r0,static,40,10,2026,0,1.0,1,MADEA-PG,0,fafa48f7e7c95e5cdcd1e071740ce0b947e7c2c10409d7175533c7e261fea064,0,1625.858788750069,True,7368.0,5647.0,1721.0,UB/LB diff < tol (it: 94; obj. deviation: 0.0; best it: 84; best centralized it: 84; total runtime: 1.034235471796895),59541aea8516ecfe95fbff1a6d6d26233803399908a0380d83c6a1f6656245bf,e7e265a4f7d289b7f8641a099f56eec62cd057ebfb6ce75faafa907837d2e475,,1098.7508556690225,0.7440192920621485,no improving proposal,10.0,37.0,
static-n40-f10-s2026-l1-r0,static,40,10,2026,0,1.0,1,PLASMA-Welfare,4,fafa48f7e7c95e5cdcd1e071740ce0b947e7c2c10409d7175533c7e261fea064,0,1952.623450801337,True,7368.0,6708.0,660.0,round budget exhausted (it: 20; obj. deviation: None),49986dd9ba748e61f13e9f4b39154225c041b17ab4e3e0ef1aca01fa27b4a9ac,8574153dfef02a1941796301bb1d2591964c90ddba974ebec88e8a6abe0538a2,,,,,,,65.0
static-n40-f10-s2026-l1-r0,static,40,10,2026,0,1.0,1,MADEA,0,fafa48f7e7c95e5cdcd1e071740ce0b947e7c2c10409d7175533c7e261fea064,0,1098.7508556690225,True,7368.0,4386.0,2982.0,UB/LB diff < tol (it: 94; obj. deviation: 0.0; best it: 84; best centralized it: 84; total runtime: 0.2860656725807873),994562e177c738ebfecb137f9fcae90ac67197cd30b083902610fa9ea39b9937,4906d7f3b8e106b97d548ddbb2775096dcdf8260b25d7458f33b9d5f6463d37f,,,,,,,
static-n80-f10-s2026-l1-r0,static,80,10,2026,0,1.0,1,MADEA-PG,0,9b5ae2f9d332a8c26ee61542a92fb264066379a11f88661a7d4f299d6fe5e4dd,0,3613.2339464550287,True,16763.0,11979.0,4784.0,UB/LB diff < tol (it: 84; obj. deviation: 0.0; best it: 74; best centralized it: 74; total runtime: 2.401653476463909),e5b49e0d0706bf73165571aebd7ded042b440fb186b2aa7d56a385d154691ce2,36210fbb3a91cd110fc9f337f0b389562996e0f61bc663f55c9bd2fc6c91ba08,,3011.4474968182067,2.0147279580123723,no improving proposal,20.0,81.0,
static-n80-f10-s2026-l1-r0,static,80,10,2026,0,1.0,1,PLASMA-Welfare,4,9b5ae2f9d332a8c26ee61542a92fb264066379a11f88661a7d4f299d6fe5e4dd,0,3973.282503888054,True,16763.0,14129.0,2634.0,round budget exhausted (it: 20; obj. deviation: None),d63d7cc1c04f2da350106cb15a72a3faf47195653007fee43abbfe1af4c0f21c,bdd22d686bf17f71d8263e2a267df4dbeb1f3cd6266822b5c773885ff818258e,,,,,,,78.0
static-n80-f10-s2026-l1-r0,static,80,10,2026,0,1.0,1,MADEA,0,9b5ae2f9d332a8c26ee61542a92fb264066379a11f88661a7d4f299d6fe5e4dd,0,3011.4474968182067,True,16763.0,10542.0,6221.0,UB/LB diff < tol (it: 84; obj. deviation: 0.0; best it: 74; best centralized it: 74; total runtime: 0.351940152105235),65f9b6d9d6747c7de9c2db40f5f4c0097eaf72a21037487bd81a90828bebc42e,4fee9496d8e07b5081a214af3355b60b7cf3099a4668466644958e0d90dfb2e0,,,,,,,
static-n80-f10-s2026-l1-r0,static,80,10,2026,0,1.0,1,MADEA-one-shot,0,9b5ae2f9d332a8c26ee61542a92fb264066379a11f88661a7d4f299d6fe5e4dd,0,2954.231763616612,True,16763.0,10153.0,6610.0,UB/LB diff < tol (it: 14; obj. deviation: None; best it: 4; best centralized it: 4; total runtime: 0.5376810205012194),5c1d74f05ac638fce2a3c60a37f840780710d77e5b61358dee23f8c9dec9b2ae,25272b5ad38adcfe7f41187ac01a844b69c46393d4378bc17c18017c21e93047,,,,,,,
static-n160-f10-s2026-l1-r0,static,160,10,2026,0,1.0,1,PLASMA-Welfare,4,01c6d0c3f795af305e8296697d6e6a13bd18941d833734b02afc53ee7ced1ca3,0,8521.108994280143,True,20666.0,17141.0,3525.0,round budget exhausted (it: 20; obj. deviation: None),726d04b7e918025d854acf38c39883ace1d6c7cb024fa24ce1765f865dda7420,0d7dcf22d4ca4bcaf2985eabecf1ad19a73d38316b4d3add47ada61e96d4ada4,,,,,,,151.0
static-n160-f10-s2026-l1-r0,static,160,10,2026,0,1.0,1,MADEA,0,01c6d0c3f795af305e8296697d6e6a13bd18941d833734b02afc53ee7ced1ca3,0,7642.520840280827,True,20666.0,15481.0,5185.0,UB/LB diff < tol (it: 25; obj. deviation: 0.0; best it: 15; best centralized it: 15; total runtime: 0.19405903273622938),126fabe5b1ecdfbc170a1e7cf4f7a019158eb03e80665aff42db55e3579da595,20147dec5c2a0915691ab2e331b1b41722a1e4f37b09391d8b40c4d184f201de,,,,,,,
static-n160-f10-s2026-l1-r0,static,160,10,2026,0,1.0,1,MADEA-one-shot,0,01c6d0c3f795af305e8296697d6e6a13bd18941d833734b02afc53ee7ced1ca3,0,7623.978232725364,True,20666.0,15427.0,5239.0,UB/LB diff < tol (it: 14; obj. deviation: None; best it: 4; best centralized it: 4; total runtime: 1.0157550506329687),2191dc96a45e3134019b6f3c99b5bbd9daa2045a01be597efe9a7b7da3f5bb7b,2fa88bd8217d4186e7139a39c47b6dcc40d76989da8e936e0905f3853d95a62d,,,,,,,
static-n160-f10-s2026-l1-r0,static,160,10,2026,0,1.0,1,MADEA-PG,0,01c6d0c3f795af305e8296697d6e6a13bd18941d833734b02afc53ee7ced1ca3,0,8348.364714093832,True,20666.0,16116.0,4550.0,UB/LB diff < tol (it: 25; obj. deviation: 0.0; best it: 15; best centralized it: 15; total runtime: 5.681805214628109),326af3703b7c71962fda46e3520760e1424890c5ab891ea74fdb935a44d1f0c6,a36b0d8b788ce4c8928fe109ae1d3b9a2452d0c62fbfda1db4a3e160bed467ae,,7642.520840280827,5.489501792006195,no improving proposal,40.0,165.0,
stress-n80-f5-s7-l0.75-r0,stress,80,5,7,0,0.75,1,MADEA,0,8d78b6de01f65a74adfadabb86c30ccadf2fee10c6cc92b5778a1ef307338044,0,1661.2549849481277,True,13954.0,12693.0,1261.0,UB/LB diff < tol (it: 20; obj. deviation: 0.0; best it: 10; best centralized it: 10; total runtime: 0.07507403176440339),e7d58ec3a00f617f1e64680eab967fab71994b1ec3588b8356ce8e96136b69ea,d5273d3c13d107bb23b3b4565b98ffc6ce71af7b5e6645381236a013141c92b5,,,,,,,
stress-n80-f5-s7-l0.75-r0,stress,80,5,7,0,0.75,1,MADEA-one-shot,0,8d78b6de01f65a74adfadabb86c30ccadf2fee10c6cc92b5778a1ef307338044,0,1667.7233441781136,True,13954.0,12716.0,1238.0,UB/LB diff < tol (it: 17; obj. deviation: None; best it: 7; best centralized it: 7; total runtime: 0.5271854671086496),d47d3db5356c9e07972ef25cccadb747da3961bb928ad531339ff4d5dd069ab3,d3a501c4cc81015a683e12e064340a803012c08f45e94f2549384c6ae3726553,,,,,,,
stress-n80-f5-s7-l0.75-r0,stress,80,5,7,0,0.75,1,MADEA-PG,0,8d78b6de01f65a74adfadabb86c30ccadf2fee10c6cc92b5778a1ef307338044,0,1872.046439402037,True,13954.0,13093.0,861.0,UB/LB diff < tol (it: 20; obj. deviation: 0.0; best it: 10; best centralized it: 10; total runtime: 1.3044444438614167),f68dd5e1d9f9d1581abe68596f69fbdcaa7770d9505be05deccf34456931ef4d,278ab1d278cd31b59a8a32437667456944828381f7a9a9d4f9a7ff925ef28ea2,,1661.2549849481277,1.2333921659737823,no improving proposal,20.0,58.0,
stress-n80-f5-s7-l0.75-r0,stress,80,5,7,0,0.75,1,PLASMA-Welfare,4,8d78b6de01f65a74adfadabb86c30ccadf2fee10c6cc92b5778a1ef307338044,0,1931.4375900260577,True,13954.0,13507.0,447.0,round budget exhausted (it: 20; obj. deviation: None),174f1d38040ea16846549a0d358d153575cd7640d3a57e40399e0633c521142b,8bf97202ef1db08730e1ef69654c204ece0ec08b97c45f607dfa4a36165a735c,,,,,,,61.0
stress-n80-f5-s7-l1.5-r0,stress,80,5,7,0,1.5,1,MADEA-one-shot,0,73f0907f0191967cb0f23dcb3d8e76309295e6f02731e15641432fad3335d1ef,0,1201.690603800687,True,27939.0,21349.0,6590.0,UB/LB diff < tol (it: 24; obj. deviation: None; best it: 14; best centralized it: 14; total runtime: 0.5051234560965812),ab28ac29eda6e9c221b25d06f3540a9ad663ff7e91c55ed75f6454d6fc94cd1e,c69789386d42ff00fe92ba381d3d2933f4155436bd9128d34161749efb5bcf47,,,,,,,
stress-n80-f5-s7-l1.5-r0,stress,80,5,7,0,1.5,1,MADEA-PG,0,73f0907f0191967cb0f23dcb3d8e76309295e6f02731e15641432fad3335d1ef,0,1367.959992437783,True,27939.0,19350.0,8589.0,UB/LB diff < tol (it: 16; obj. deviation: 0.0; best it: 6; best centralized it: 6; total runtime: 1.7036390315153427),e861a7d2dbee1fe0b5c2735e3e86b0fc342c4f4ca4fa743b86eac51cbe8ffbc7,b04ef575422c415f1b513eee1dabdc0485be2ba2154bf945dab3db4df1a5f984,,1191.6104459667124,1.6510417910758406,no improving proposal,20.0,72.0,
stress-n80-f5-s7-l1.5-r0,stress,80,5,7,0,1.5,1,PLASMA-Welfare,4,73f0907f0191967cb0f23dcb3d8e76309295e6f02731e15641432fad3335d1ef,0,1432.6361745641727,True,27939.0,19318.0,8621.0,round budget exhausted (it: 20; obj. deviation: None),b9b213a2d291c750683b1000ae073721eb9a85571b44b78d604f9c7b4dd5eca5,4719a22e5002a48b1614842ff1710a1840e429d4bf923022c216797d4d5fb140,,,,,,,66.0
stress-n80-f5-s7-l1.5-r0,stress,80,5,7,0,1.5,1,MADEA,0,73f0907f0191967cb0f23dcb3d8e76309295e6f02731e15641432fad3335d1ef,0,1191.6104459667124,True,27939.0,21232.0,6707.0,UB/LB diff < tol (it: 16; obj. deviation: 0.0; best it: 6; best centralized it: 6; total runtime: 0.05089870730516168),d6c6172164b4b288f709957f46cc575ae833764340a489e8b4cfb8dd34f58e3b,716a9bde53bdc4e7d185a1cfd9047bb5a95b95c57e2914d95922754651d55e0e,,,,,,,
stress-n80-f10-s7-l0.75-r0,stress,80,10,7,0,0.75,1,MADEA-PG,0,cd9640bc5637de73ad8408f60ab17ac61429ff0fe6a42eef5a5255d13d940ee9,0,3451.520519432223,True,7318.0,6890.0,428.0,UB/LB diff < tol (it: 16; obj. deviation: 0.0; best it: 6; best centralized it: 6; total runtime: 1.384205492413035),cf77e5a829a063eb795d89c665908eae4d1d12602dd05043a092fafb5bbaa72c,ac99afb3e511e233dfb1e4a42df9ebe5735f5b3ed62927418b370cfb836c6cd8,,3077.4354623214876,1.3074340419843793,no improving proposal,20.0,70.0,
stress-n80-f10-s7-l0.75-r0,stress,80,10,7,0,0.75,1,PLASMA-Welfare,4,cd9640bc5637de73ad8408f60ab17ac61429ff0fe6a42eef5a5255d13d940ee9,0,3491.726517556966,True,7318.0,7111.0,207.0,round budget exhausted (it: 20; obj. deviation: None),63245f1ceb1fe03ee6206e6e46e3644a552ad983b7b9033992ecaf7646f15e05,eaf81c6eba696317fc0e8147914a3b859cc01399455e9f67e08fe5210f2ac12a,,,,,,,75.0
stress-n80-f10-s7-l0.75-r0,stress,80,10,7,0,0.75,1,MADEA,0,cd9640bc5637de73ad8408f60ab17ac61429ff0fe6a42eef5a5255d13d940ee9,0,3077.4354623214876,True,7318.0,6648.0,670.0,UB/LB diff < tol (it: 16; obj. deviation: 0.0; best it: 6; best centralized it: 6; total runtime: 0.07815240944193307),b3900f8dfd7ab6c380f62f907a60a7c38c842f65eb53e08c7484ffcd0ac6c6ad,96ffd250ed66a2f1aa35898274fae1393b7fb09e73f2c33778b19fb389105d3a,,,,,,,
stress-n80-f10-s7-l0.75-r0,stress,80,10,7,0,0.75,1,MADEA-one-shot,0,cd9640bc5637de73ad8408f60ab17ac61429ff0fe6a42eef5a5255d13d940ee9,0,3026.386969007635,True,7318.0,6616.0,702.0,UB/LB diff < tol (it: 14; obj. deviation: None; best it: 4; best centralized it: 4; total runtime: 0.48548791078487247),ea7abfebd1a5adb86db3f8bbb55040563947015663dbdcbe462ba2a8b759672f,8b9d0dd5fbdb437a7cf1c10927aff1f63b18966aeadaa36168868dd0266273f8,,,,,,,
stress-n80-f10-s7-l1.5-r0,stress,80,10,7,0,1.5,1,PLASMA-Welfare,4,9a43838ea591d1bce4eb9edffce6175cf4b09d69e50850b3f20da443defa5204,0,2678.4045213491577,True,14663.0,9724.0,4939.0,round budget exhausted (it: 20; obj. deviation: None),d43b8183fafb5b94e335317d4f7350ef96c4908b5b157d3d7fe726cc8e720404,0f07a0d218569a368c4db25fc352ef7970abb44ba940642a64192d6b4afbbc2c,,,,,,,84.0
stress-n80-f10-s7-l1.5-r0,stress,80,10,7,0,1.5,1,MADEA,0,9a43838ea591d1bce4eb9edffce6175cf4b09d69e50850b3f20da443defa5204,0,2257.59237844418,True,14663.0,9732.0,4931.0,UB/LB diff < tol (it: 32; obj. deviation: 0.0; best it: 22; best centralized it: 22; total runtime: 0.10115429608209381),179c712faef2da4ea44b85acc451e180f44d0a01dc7e8e599396f7611eb0f72c,44f4a349004b738a402ce934952157f15086294f2f1850356494ea895a629915,,,,,,,
stress-n80-f10-s7-l1.5-r0,stress,80,10,7,0,1.5,1,MADEA-one-shot,0,9a43838ea591d1bce4eb9edffce6175cf4b09d69e50850b3f20da443defa5204,0,2282.499658864655,True,14663.0,9870.0,4793.0,UB/LB diff < tol (it: 20; obj. deviation: None; best it: 10; best centralized it: 10; total runtime: 0.464124802451346),6e8715d2b2f1c972bfb2720171431b898a08fad04664510359364ec72917de92,5529572be937705ee18f4f3b0edc3856076e16913997c6f151e19ab9f090ec6f,,,,,,,
stress-n80-f10-s7-l1.5-r0,stress,80,10,7,0,1.5,1,MADEA-PG,0,9a43838ea591d1bce4eb9edffce6175cf4b09d69e50850b3f20da443defa5204,0,2541.672424131416,True,14663.0,9620.0,5043.0,UB/LB diff < tol (it: 32; obj. deviation: 0.0; best it: 22; best centralized it: 22; total runtime: 1.5080085359285391),b23c195bc3bc6adcbd694a5b1ce2e0f256ce4fc66edffeedcc4976c4e6ceeefe,60d39fbe02505a4e4f90d5af44c2743556b0db30cf9802390b4069891e720bfd,,2257.59237844418,1.406942292000167,no improving proposal,20.0,87.0,
stress-n80-f5-s42-l0.75-r0,stress,80,5,42,0,0.75,1,MADEA,0,934a4141e51bba0ef21301951eddbdc70a669bba005fd8d8fec97ba86c637eab,0,1355.1421905071734,True,17353.0,15642.0,1711.0,UB/LB diff < tol (it: 64; obj. deviation: 0.0; best it: 54; best centralized it: 54; total runtime: 0.2501582621636221),67ed16e7b3d3f97295cf7232d9a413e55d34f9781062223a36a9717bd5428a40,3468f90888b50b123e566263998f9ac5203ade8167656e0697f31ab65e28bf7d,,,,,,,
stress-n80-f5-s42-l0.75-r0,stress,80,5,42,0,0.75,1,MADEA-one-shot,0,934a4141e51bba0ef21301951eddbdc70a669bba005fd8d8fec97ba86c637eab,0,1234.2611804966468,True,17353.0,15439.0,1914.0,UB/LB diff < tol (it: 13; obj. deviation: None; best it: 3; best centralized it: 3; total runtime: 0.441177871237138),ca2c901f02657fbbea96863a6db002f87ce7b224a7b3007fd8740ac29ea87304,11305459445288483e090cf988e8a312e2ddc22acb03a745c96c1ff56c8fce32,,,,,,,
stress-n80-f5-s42-l0.75-r0,stress,80,5,42,0,0.75,1,MADEA-PG,0,934a4141e51bba0ef21301951eddbdc70a669bba005fd8d8fec97ba86c637eab,0,1958.295438024967,True,17353.0,14243.0,3110.0,UB/LB diff < tol (it: 64; obj. deviation: 0.0; best it: 54; best centralized it: 54; total runtime: 1.507045206599285),4ff642f738afa62853e394a2820eef24e779ad404aef7ade6c21c61039f19968,74a05b36b1f33ae9b0a5ece1477d466891b07a0f24ccb31f2a320d1c44dcf7a4,,1355.1421905071734,1.2540257500950247,no improving proposal,20.0,70.0,
stress-n80-f5-s42-l0.75-r0,stress,80,5,42,0,0.75,1,PLASMA-Welfare,4,934a4141e51bba0ef21301951eddbdc70a669bba005fd8d8fec97ba86c637eab,0,2099.306318811762,True,17353.0,16750.0,603.0,round budget exhausted (it: 20; obj. deviation: None),f19b677b623620c1a9a08bba0ae7f8a650d206a3a75f3e2369cc635ddda18606,0330fd4ed556968de2930cf1dee2bba815454a680a8c92d50db714233b2bb912,,,,,,,74.0
stress-n80-f5-s42-l1.5-r0,stress,80,5,42,0,1.5,1,MADEA-one-shot,0,1c0e62447fcce347c0e08f812375291580ddd7e4eacedd644661b1a262e8dfb8,0,943.8936605021984,True,34750.0,27512.0,7238.0,UB/LB diff < tol (it: 16; obj. deviation: None; best it: 6; best centralized it: 6; total runtime: 0.5276720776267276),22d08dd0d94beb2f00b6cb814dc0a30240cf96ffd575ee650c4ed6d2705d9cbc,7dacbea9098ef1d539787e3bc0cd3fbcb0796156e940372e077479337bc993b0,,,,,,,
stress-n80-f5-s42-l1.5-r0,stress,80,5,42,0,1.5,1,MADEA-PG,0,1c0e62447fcce347c0e08f812375291580ddd7e4eacedd644661b1a262e8dfb8,0,1452.538216696399,True,34750.0,19549.0,15201.0,UB/LB diff < tol (it: 26; obj. deviation: 0.0; best it: 16; best centralized it: 16; total runtime: 1.8121957754072147),559babbde1ef909744e453a203de7fd26f547e80347492cc8887d8116bedaa57,65bdb676f5a4f4d1ad491f021855b001f5bd5a125d370e94be5b243a2bfacd6b,,939.001156492004,1.722737457952462,no improving proposal,20.0,87.0,
stress-n80-f5-s42-l1.5-r0,stress,80,5,42,0,1.5,1,PLASMA-Welfare,4,1c0e62447fcce347c0e08f812375291580ddd7e4eacedd644661b1a262e8dfb8,0,1516.0340581874532,True,34750.0,19532.0,15218.0,round budget exhausted (it: 20; obj. deviation: None),09f4ab2a4fec4f7c4f53be95522f69a4e38ee4f6e6b26427ff36f3df481b7cd5,3d6869d2f6cba9d61955a827c76e26be7027351dedd68b7229f1f8fbe186b304,,,,,,,94.0
stress-n80-f5-s42-l1.5-r0,stress,80,5,42,0,1.5,1,MADEA,0,1c0e62447fcce347c0e08f812375291580ddd7e4eacedd644661b1a262e8dfb8,0,939.001156492004,True,34750.0,27588.0,7162.0,UB/LB diff < tol (it: 26; obj. deviation: 0.0; best it: 16; best centralized it: 16; total runtime: 0.09664129936723166),146e785151cb5582382fa8931d5ce10edaf51ff1e7b18f3e16b9fde75a32a785,426233cf46d0ed85c0008bbc36b0fd3e442b3ab5303d773aa4422888df010679,,,,,,,
stress-n80-f10-s42-l0.75-r0,stress,80,10,42,0,0.75,1,MADEA-PG,0,b6965fe6d5362c8ea3079c4356d0b206a50e73b04e89e69372c60804ff966c40,0,3872.7075198093808,True,16857.0,15658.0,1199.0,UB/LB diff < tol (it: 44; obj. deviation: 0.0; best it: 34; best centralized it: 34; total runtime: 2.716743689339762),ac5384fdc69d5cdf53820030494f6c7f97f35f0254eed3caa0a24d42493c1527,e2d4280453404dd8be31386dca25acf99edbc10011e0e5ffcc77da6c7b75bfe2,,3379.298903400732,2.3827810829970986,no improving proposal,20.0,74.0,
stress-n80-f10-s42-l0.75-r0,stress,80,10,42,0,0.75,1,PLASMA-Welfare,4,b6965fe6d5362c8ea3079c4356d0b206a50e73b04e89e69372c60804ff966c40,0,3960.269811596193,True,16857.0,16285.0,572.0,round budget exhausted (it: 20; obj. deviation: None),aaf0a0864bcce7e0018e7be130ebc6fe4ff7fd4ad0445237827590304a2697c4,5bcfef39925059667cf776c12869328d1a8be62eaaa5103c82562f533cd04378,,,,,,,82.0
stress-n80-f10-s42-l0.75-r0,stress,80,10,42,0,0.75,1,MADEA,0,b6965fe6d5362c8ea3079c4356d0b206a50e73b04e89e69372c60804ff966c40,0,3379.298903400732,True,16857.0,14788.0,2069.0,UB/LB diff < tol (it: 44; obj. deviation: 0.0; best it: 34; best centralized it: 34; total runtime: 0.19758666379013784),b11f2285c81d256e8a788e07accf6b271f7db42bcc2141ff78733e55d0a079ba,5c6e6a10775a788408a15df39715f1a6fbb8b578ac32e946749d698309f0de14,,,,,,,
stress-n80-f10-s42-l0.75-r0,stress,80,10,42,0,0.75,1,MADEA-one-shot,0,b6965fe6d5362c8ea3079c4356d0b206a50e73b04e89e69372c60804ff966c40,0,3302.453730014628,True,16857.0,14567.0,2290.0,UB/LB diff < tol (it: 14; obj. deviation: None; best it: 4; best centralized it: 4; total runtime: 0.5360794026883101),9961dd025e5238cd38fdf6d02425817ec815f89789cda93a17a3477d57623ef6,1718230aa4a3317174f8f32bc5a30261a6578569e3b3be3fd5fc5897ceb1ef4b,,,,,,,
stress-n80-f10-s42-l1.5-r0,stress,80,10,42,0,1.5,1,PLASMA-Welfare,4,3d8037489e00c18d5b5b368e469fc450aa87abaa29170acaef229b9af26f58a5,0,3003.0366540846094,True,33749.0,21971.0,11778.0,round budget exhausted (it: 20; obj. deviation: None),08122e212aa21af52424af599d6289fcaef6bf79b5288a1a5d401dec9779d856,2b24f3cbfea5295625288a61a189c00c0dff91c7a9a77538b1ca9d1eb0393368,,,,,,,79.0
stress-n80-f10-s42-l1.5-r0,stress,80,10,42,0,1.5,1,MADEA,0,3d8037489e00c18d5b5b368e469fc450aa87abaa29170acaef229b9af26f58a5,0,2474.518971278997,True,33749.0,20841.0,12908.0,UB/LB diff < tol (it: 54; obj. deviation: 0.0; best it: 44; best centralized it: 44; total runtime: 0.1707101421186611),99e6d2c043e0038316b176abc959f94c1dfac236f4919496b0cf6ae9272af15b,14cb6d6ffb983fffc3612ffbea23ac6fff4452bf243b526ed7f050d0d1daeefb,,,,,,,
stress-n80-f10-s42-l1.5-r0,stress,80,10,42,0,1.5,1,MADEA-one-shot,0,3d8037489e00c18d5b5b368e469fc450aa87abaa29170acaef229b9af26f58a5,0,2476.368660381732,True,33749.0,21130.0,12619.0,UB/LB diff < tol (it: 22; obj. deviation: None; best it: 12; best centralized it: 12; total runtime: 0.580450916850275),0b8bc9c64a941b6cf19c6be0a3358f27ea831e331a3a837cfe3bacd13048975d,b4f4b9691d588ba5aeb3b545dd35aed4be94b9bbbafef084328e568b0bd277a1,,,,,,,
stress-n80-f10-s42-l1.5-r0,stress,80,10,42,0,1.5,1,MADEA-PG,0,3d8037489e00c18d5b5b368e469fc450aa87abaa29170acaef229b9af26f58a5,0,2910.6376066160806,True,33749.0,20885.0,12864.0,UB/LB diff < tol (it: 54; obj. deviation: 0.0; best it: 44; best centralized it: 44; total runtime: 2.6360345757594588),f6f0e23bde54b0247f9719f930e449d3c881f867b06afbbf8831ce9acb8acd27,c82392ad2d8e809bc1e54d35c70b5d914408c2a69deac3066a5bbf9ed7c1bf3c,,2474.518971278997,2.4669011660153046,no improving proposal,20.0,89.0,
temporal-n40-f5-s7-l0.75-r0,temporal,40,5,7,0,0.75,3,MADEA,0,bc70a964f10a10e983c4b496e795850ebc07f104ec92f1f71fef4827039f8985,0,872.9003999251104,True,8008.0,6041.0,1967.0,UB/LB diff < tol (it: 21; obj. deviation: 0.0; best it: 11; best centralized it: 11; total runtime: 0.05383007270977235),b3c0b5503716f766004c177da43ab53288a3b3215e46e9ce67e42222eea733d9,e7e42ba3ffa7a4fb4104529b30541503ea7fdbb3dbb7a8f3d4e623fbe4253af6,,,,,,,
temporal-n40-f5-s7-l0.75-r0,temporal,40,5,7,0,0.75,3,MADEA,0,bc70a964f10a10e983c4b496e795850ebc07f104ec92f1f71fef4827039f8985,1,749.0461915338449,True,13377.0,8747.0,4630.0,UB/LB diff < tol (it: 18; obj. deviation: 0.0; best it: 8; best centralized it: 8; total runtime: 0.039645788716116216),cfc7dff337116dfc1bddf735741afee1993bfd8668dd9514a4abf97de890e914,3c9b759363baf4cda6e3089795216bbb1de183b734435cc4e38f8f989b63d538,1540.0,,,,,,
temporal-n40-f5-s7-l0.75-r0,temporal,40,5,7,0,0.75,3,MADEA,0,bc70a964f10a10e983c4b496e795850ebc07f104ec92f1f71fef4827039f8985,2,773.998914693723,True,10701.0,7194.0,3507.0,UB/LB diff < tol (it: 33; obj. deviation: 0.0; best it: 23; best centralized it: 23; total runtime: 0.07127546786389692),b081fa96fd0eb2c13967cccc82b2b249cf6855a7f9faf29f7754cb32f4ca7c5f,259198753fca6875a8e10f9f4f2ba4b21df8ef5da897a148275a787519763d8f,929.0,,,,,,
temporal-n40-f5-s7-l0.75-r0,temporal,40,5,7,0,0.75,3,MADEA-one-shot,0,bc70a964f10a10e983c4b496e795850ebc07f104ec92f1f71fef4827039f8985,0,850.0332208887321,True,8008.0,5874.0,2134.0,UB/LB diff < tol (it: 13; obj. deviation: None; best it: 3; best centralized it: 3; total runtime: 0.23765053864816302),62047aeeffecc92629deab3f4f807389035ec1226cf5382c834e7257750f9965,86ec3c69638ca4f144ef5db690986c9415e893ffd9eda32ba802a2d804118ed6,,,,,,,
temporal-n40-f5-s7-l0.75-r0,temporal,40,5,7,0,0.75,3,MADEA-one-shot,0,bc70a964f10a10e983c4b496e795850ebc07f104ec92f1f71fef4827039f8985,1,739.475800016472,True,13377.0,8622.0,4755.0,UB/LB diff < tol (it: 13; obj. deviation: None; best it: 3; best centralized it: 3; total runtime: 0.25698163239851035),1c73eeebe6a3d88001780d917a6bb2e07cfa59afe6ed2665112d4612944e02b6,6f10d53ffbae5122852c82c9fcbf47a9986ba05ffcd0afb40787cc3b2cbcde3e,1464.0,,,,,,
temporal-n40-f5-s7-l0.75-r0,temporal,40,5,7,0,0.75,3,MADEA-one-shot,0,bc70a964f10a10e983c4b496e795850ebc07f104ec92f1f71fef4827039f8985,2,782.0687250105295,True,10701.0,7275.0,3426.0,UB/LB diff < tol (it: 16; obj. deviation: None; best it: 6; best centralized it: 6; total runtime: 0.28748759726817535),61e9e8c93aca03a48be931d1f8d7522bcc4cccd8f3c42bdad8714bd315fb7597,a447466c15504b8bed1733c8938dca2b213ed42b5f6becc3efd9de57beeb4c13,911.0,,,,,,
temporal-n40-f5-s7-l0.75-r0,temporal,40,5,7,0,0.75,3,MADEA-PG,0,bc70a964f10a10e983c4b496e795850ebc07f104ec92f1f71fef4827039f8985,0,1049.302486702625,True,8008.0,7333.0,675.0,UB/LB diff < tol (it: 21; obj. deviation: 0.0; best it: 11; best centralized it: 11; total runtime: 0.6001776984643548),c450929ddcd6593b5f0112dbccfb0790cedd50c05498aa4f9d84de26656208b1,72cfe82eb413c648cb65cc0c5f03f72823115bdba72edf29d1fb4a0b7c80a2a2,,872.9003999251104,0.5451304579619318,no improving proposal,10.0,37.0,
temporal-n40-f5-s7-l0.75-r0,temporal,40,5,7,0,0.75,3,MADEA-PG,0,bc70a964f10a10e983c4b496e795850ebc07f104ec92f1f71fef4827039f8985,1,911.9218125846746,True,13377.0,10801.0,2576.0,UB/LB diff < tol (it: 18; obj. deviation: 0.0; best it: 8; best centralized it: 8; total runtime: 0.7498732104328008),b3a8d4891925bbd0f317cbc170050ceb7f124dd67e06de5f55476b4c14357069,c39df258a66617f706e0bdc6b0d4e444e4053a6403d8433f784790b05f988fcf,1878.0,749.0461915338449,0.7116228749509901,no improving proposal,10.0,43.0,
temporal-n40-f5-s7-l0.75-r0,temporal,40,5,7,0,0.75,3,MADEA-PG,0,bc70a964f10a10e983c4b496e795850ebc07f104ec92f1f71fef4827039f8985,2,974.0372598668324,True,10701.0,9159.0,1542.0,UB/LB diff < tol (it: 33; obj. deviation: 0.0; best it: 23; best centralized it: 23; total runtime: 0.7073442675474824),7c0625a9953ea25e362ba649368063bd15245b508bf61c7c9367b5e2bff24508,3e464f5e4b7611cfbdaf0ac06cab64315689e10cb054b6e899c43bbbe5fd3aa4,1368.0,773.998914693723,0.6390541249420494,no improving proposal,10.0,41.0,
temporal-n40-f5-s7-l0.75-r0,temporal,40,5,7,0,0.75,3,PLASMA-Welfare,4,bc70a964f10a10e983c4b496e795850ebc07f104ec92f1f71fef4827039f8985,0,1089.0957931979312,True,8008.0,7792.0,216.0,round budget exhausted (it: 20; obj. deviation: None),19bb2514ed1ab5647b66fe9226f280f349c27dc45fe3360553c0dbedfb3cfb27,34526004f8d6151b1c0bb9b66dca9100733cadc4c4eeba59b41a4540196cf961,,,,,,,30.0
temporal-n40-f5-s7-l0.75-r0,temporal,40,5,7,0,0.75,3,PLASMA-Welfare,4,bc70a964f10a10e983c4b496e795850ebc07f104ec92f1f71fef4827039f8985,1,956.0314878412856,True,13377.0,11353.0,2024.0,round budget exhausted (it: 20; obj. deviation: None),b49e619ea0d7e7561211529bd4beda94581a8d2da2ab54efd9a62901834ad6bf,5d1ae1338c3fad9d9467d49365afcb66fe425aabf4c0a3aec1edf19d6d21e7a2,2338.0,,,,,,25.0
temporal-n40-f5-s7-l0.75-r0,temporal,40,5,7,0,0.75,3,PLASMA-Welfare,4,bc70a964f10a10e983c4b496e795850ebc07f104ec92f1f71fef4827039f8985,2,1011.9783629481468,True,10701.0,9673.0,1028.0,round budget exhausted (it: 20; obj. deviation: None),09be78c3ebdb0f2ebf3591ae39f10b33d5074031eb246616751ce6d91e1b32bb,4a459038310e2ec6dc874bcbb4a3a3f2381d3dc9f2bc09f5a49978a58ecbfe35,1553.0,,,,,,34.0
temporal-n80-f5-s7-l0.75-r0,temporal,80,5,7,0,0.75,3,MADEA-one-shot,0,04a8879cb5bbc735e08bcefce71d7a6101b82b4bc28bab5119f96caa0b4843c3,0,1671.3927717614354,True,13964.0,12750.0,1214.0,UB/LB diff < tol (it: 17; obj. deviation: None; best it: 7; best centralized it: 7; total runtime: 0.5435438637316293),e1488bc1a43de008201a848a9736d1eba7647c719385fd282a539ca11eab403c,099cb49cd500315427d2ab4bafb70c3beaf94479ca5b1cb7ed38760020df92fe,,,,,,,
temporal-n80-f5-s7-l0.75-r0,temporal,80,5,7,0,0.75,3,MADEA-one-shot,0,04a8879cb5bbc735e08bcefce71d7a6101b82b4bc28bab5119f96caa0b4843c3,1,1389.58484199031,True,23286.0,19118.0,4168.0,UB/LB diff < tol (it: 25; obj. deviation: None; best it: 15; best centralized it: 15; total runtime: 0.5970042940946308),1e757c5fd84e7b7db8fe10cce578c38026184e629026efed46049e3752a12c27,ae6769b0b1f2f0531144fa4e0147381f23cb4f74a5f9bd7f91ef381ee2a4ad8b,2875.0,,,,,,
temporal-n80-f5-s7-l0.75-r0,temporal,80,5,7,0,0.75,3,MADEA-one-shot,0,04a8879cb5bbc735e08bcefce71d7a6101b82b4bc28bab5119f96caa0b4843c3,2,1469.3654693942926,True,18619.0,15848.0,2771.0,UB/LB diff < tol (it: 13; obj. deviation: None; best it: 3; best centralized it: 3; total runtime: 0.44898555922955513),85d471be1b501612764a85a98021a7cb83b917270feb54681169e48bbf30f9c4,1d1c1ccd71347e380224252027e310ad10a254887560f29c769dddea3d5dffca,1597.0,,,,,,
temporal-n80-f5-s7-l0.75-r0,temporal,80,5,7,0,0.75,3,MADEA-PG,0,04a8879cb5bbc735e08bcefce71d7a6101b82b4bc28bab5119f96caa0b4843c3,0,1886.4764347789016,True,13964.0,13092.0,872.0,UB/LB diff < tol (it: 35; obj. deviation: 0.0; best it: 25; best centralized it: 25; total runtime: 1.3445824357895917),06f726a0906aae422f84934191fdb4b663a0087572aa32b9c0f3a05cef0eeb5d,79d9d2f69783b912f797486dfa4c8caed6960c9bc440783f3df6973d560e582d,,1665.2510868326588,1.231132832937874,no improving proposal,20.0,53.0,
temporal-n80-f5-s7-l0.75-r0,temporal,80,5,7,0,0.75,3,MADEA-PG,0,04a8879cb5bbc735e08bcefce71d7a6101b82b4bc28bab5119f96caa0b4843c3,1,1547.939498893841,True,23286.0,18280.0,5006.0,UB/LB diff < tol (it: 24; obj. deviation: 0.0; best it: 14; best centralized it: 14; total runtime: 1.659588579744998),008f12430674e69d3552e4257b5511c8b3ff078f1f8725b17c80b9e576d83a13,b0e0b2304d6ca038fb3e3117d91d995de3e36af47a939192f45acd68e30655f1,3123.0,1365.207284209497,1.591444000019692,no improving proposal,20.0,69.0,
temporal-n80-f5-s7-l0.75-r0,temporal,80,5,7,0,0.75,3,MADEA-PG,0,04a8879cb5bbc735e08bcefce71d7a6101b82b4bc28bab5119f96caa0b4843c3,2,1729.7623410599078,True,18619.0,16047.0,2572.0,UB/LB diff < tol (it: 41; obj. deviation: 0.0; best it: 31; best centralized it: 31; total runtime: 1.5905843888060813),e5f648df54ebf52f3d5c5dd129ff9e0b412668be51d348a1deb23c06baf4d0a1,99b472f95f8c5302d6eb7e876a29805764193239fdbc8dce753a1b4b2c8e04df,2024.0,1502.537637466285,1.4332255839835852,no improving proposal,20.0,66.0,
temporal-n80-f5-s7-l0.75-r0,temporal,80,5,7,0,0.75,3,PLASMA-Welfare,4,04a8879cb5bbc735e08bcefce71d7a6101b82b4bc28bab5119f96caa0b4843c3,0,1929.9060109907184,True,13964.0,13515.0,449.0,round budget exhausted (it: 20; obj. deviation: None),5fe732a2fc0e53596c56d445aebea5a7b6dfbc78771ac350b148e6b47aad81b8,a8ee215aae1af6d4c7fafefd1de80f1417831075489a45fb4d5bd16306446db2,,,,,,,57.0
temporal-n80-f5-s7-l0.75-r0,temporal,80,5,7,0,0.75,3,PLASMA-Welfare,4,04a8879cb5bbc735e08bcefce71d7a6101b82b4bc28bab5119f96caa0b4843c3,1,1628.1532898101125,True,23286.0,18426.0,4860.0,round budget exhausted (it: 20; obj. deviation: None),566218bbba8b20e2ca7109726399e32720ca2e7a17d8b2f83aa4444b7cfe5a33,3acc40254e4060457efcc261d9f1fac1032d5fa24f39f6a1fb68c43ad33d17cc,3348.0,,,,,,66.0
temporal-n80-f5-s7-l0.75-r0,temporal,80,5,7,0,0.75,3,PLASMA-Welfare,4,04a8879cb5bbc735e08bcefce71d7a6101b82b4bc28bab5119f96caa0b4843c3,2,1794.9874056421022,True,18619.0,16554.0,2065.0,round budget exhausted (it: 20; obj. deviation: None),3430e47a34724beb4368a7640c30ac0ffc6342318acd6e9071a034829fb5d21a,843de1f82104a047b65aa1d2461d6f31185b684fbfa2d152d2dfff5590917286,2366.0,,,,,,55.0
temporal-n80-f5-s7-l0.75-r0,temporal,80,5,7,0,0.75,3,MADEA,0,04a8879cb5bbc735e08bcefce71d7a6101b82b4bc28bab5119f96caa0b4843c3,0,1665.2510868326588,True,13964.0,12679.0,1285.0,UB/LB diff < tol (it: 35; obj. deviation: 0.0; best it: 25; best centralized it: 25; total runtime: 0.11415222591827694),818430f61768d1016710d0da36cf0950ce20ecb491984c122b2505585c0d4f5b,433d729e66d9caa8f975b66ce128a8fce843baa7bf88a5a372779ef1ce905fe4,,,,,,,
temporal-n80-f5-s7-l0.75-r0,temporal,80,5,7,0,0.75,3,MADEA,0,04a8879cb5bbc735e08bcefce71d7a6101b82b4bc28bab5119f96caa0b4843c3,1,1365.207284209497,True,23286.0,18958.0,4328.0,UB/LB diff < tol (it: 24; obj. deviation: 0.0; best it: 14; best centralized it: 14; total runtime: 0.07147312750327123),ff2b8c6d7738f60eb937e9c1c20d289a0d2c7b7b1ce27e3a232bb8cb6dbdcd40,21e49824e80205f17e155345ebdbaa24ef6972b11b821aadf6673e52852c3dc7,2827.0,,,,,,
temporal-n80-f5-s7-l0.75-r0,temporal,80,5,7,0,0.75,3,MADEA,0,04a8879cb5bbc735e08bcefce71d7a6101b82b4bc28bab5119f96caa0b4843c3,2,1502.537637466285,True,18619.0,16024.0,2595.0,UB/LB diff < tol (it: 41; obj. deviation: 0.0; best it: 31; best centralized it: 31; total runtime: 0.1588874084703807),d066b478ea61548929b8aabfc7c976d993d0b2082f31a51409098f68fd4a04d1,ab28df1583d56d2f5d33265fa0b9613c1200334d212528f431356532bf9beba9,1613.0,,,,,,
temporal-n40-f10-s7-l0.75-r0,temporal,40,10,7,0,0.75,3,MADEA-PG,0,c9d99645084a255aec08f9710d4cdcb7cfce047033aea8db48f743c85449ca8c,0,1955.2931999143952,True,3640.0,3394.0,246.0,UB/LB diff < tol (it: 19; obj. deviation: 0.0; best it: 9; best centralized it: 9; total runtime: 0.8261134889473735),86205efe51027f9c828ef7a802b8675587c50598d6b26f09852e1b8d2f344d35,c09ee50a837e6bb5a893e89c8ced0c41bdc96815fc52aa18beda28da6762a2fa,,1743.5915965708568,0.7603130829520524,no improving proposal,10.0,37.0,
temporal-n40-f10-s7-l0.75-r0,temporal,40,10,7,0,0.75,3,MADEA-PG,0,c9d99645084a255aec08f9710d4cdcb7cfce047033aea8db48f743c85449ca8c,1,1676.3197384727655,True,6088.0,5004.0,1084.0,UB/LB diff < tol (it: 15; obj. deviation: 0.0; best it: 5; best centralized it: 5; total runtime: 0.7273622987791014),217e9a9387f85d2a8364d6c68a9b283e455145a193d6f4f64531dc8e4df8bed0,6691f1c95a0b284e1437fdb5b698243191181771db72e2b3c4b91f0e97004fb5,1121.0,1537.0715273220155,0.6811871249228716,no improving proposal,10.0,39.0,
temporal-n40-f10-s7-l0.75-r0,temporal,40,10,7,0,0.75,3,MADEA-PG,0,c9d99645084a255aec08f9710d4cdcb7cfce047033aea8db48f743c85449ca8c,2,1804.5855151134997,True,4880.0,4264.0,616.0,UB/LB diff < tol (it: 68; obj. deviation: 0.0; best it: 58; best centralized it: 58; total runtime: 0.8517657359874407),1b3acc4b8b0d5f53a5b8c64d22b0bcc60770853741234456fedfb8d2d9256b81,39c31992c003e52e74c62b414063a09b5ccd9d07437c99d4552c1b0bbc2dbbe7,737.0,1588.849500933149,0.6316182499285787,no improving proposal,10.0,39.0,
temporal-n40-f10-s7-l0.75-r0,temporal,40,10,7,0,0.75,3,PLASMA-Welfare,4,c9d99645084a255aec08f9710d4cdcb7cfce047033aea8db48f743c85449ca8c,0,2029.7151892766376,True,3640.0,3489.0,151.0,round budget exhausted (it: 20; obj. deviation: None),c7e396773eedfa6e6dfe0ec2a905603b183cdae7fd9d13abec1218ad407dc651,00583a37bcb370cf59ea36dcdc97d89fdcf8c9efd4df2d8752b0e0feb292edaf,,,,,,,40.0
temporal-n40-f10-s7-l0.75-r0,temporal,40,10,7,0,0.75,3,PLASMA-Welfare,4,c9d99645084a255aec08f9710d4cdcb7cfce047033aea8db48f743c85449ca8c,1,1792.3069783669978,True,6088.0,5226.0,862.0,round budget exhausted (it: 20; obj. deviation: None),2b5f57010e419b42d27e209be2c650f5bbd74e2cbf965f36e8c135af28ab1aaf,fcfe5b9fc8d607f843a1ae26eb32abe56a1bcd1c355bcfdc3b985d98ec384e6e,1212.0,,,,,,33.0
temporal-n40-f10-s7-l0.75-r0,temporal,40,10,7,0,0.75,3,PLASMA-Welfare,4,c9d99645084a255aec08f9710d4cdcb7cfce047033aea8db48f743c85449ca8c,2,1903.435668869941,True,4880.0,4495.0,385.0,round budget exhausted (it: 20; obj. deviation: None),bb36f06528037856c539106e0eb4a86c408ca3dee6b1357de0c51fa219882715,aab62bc9105a279f4b8c2831643cab76d8847f9b7e535f5f842fad18cea4d326,874.0,,,,,,50.0
temporal-n40-f10-s7-l0.75-r0,temporal,40,10,7,0,0.75,3,MADEA,0,c9d99645084a255aec08f9710d4cdcb7cfce047033aea8db48f743c85449ca8c,0,1743.5915965708568,True,3640.0,2961.0,679.0,UB/LB diff < tol (it: 19; obj. deviation: 0.0; best it: 9; best centralized it: 9; total runtime: 0.0662141796961756),cb99883e5b66db80865c84317fe205c857160cde2f57ccb8e0a0559555cc3112,d038957e3e0c71ae1cf59b6c62ed8d95b5bbbc47569a3f3de55fa9b637b5acd7,,,,,,,
temporal-n40-f10-s7-l0.75-r0,temporal,40,10,7,0,0.75,3,MADEA,0,c9d99645084a255aec08f9710d4cdcb7cfce047033aea8db48f743c85449ca8c,1,1537.0715273220155,True,6088.0,4453.0,1635.0,UB/LB diff < tol (it: 15; obj. deviation: 0.0; best it: 5; best centralized it: 5; total runtime: 0.046739792380216555),19dac1674109df015346f18a2c0dd91c65acf0535dabf13e56e11c2d4c0dae89,da382f81bfca2eaec0099ab9f6e48178acf6c6965cddfd7ef49d0d37c9c06b6b,927.0,,,,,,
temporal-n40-f10-s7-l0.75-r0,temporal,40,10,7,0,0.75,3,MADEA,0,c9d99645084a255aec08f9710d4cdcb7cfce047033aea8db48f743c85449ca8c,2,1588.849500933149,True,4880.0,3672.0,1208.0,UB/LB diff < tol (it: 68; obj. deviation: 0.0; best it: 58; best centralized it: 58; total runtime: 0.21892218005602057),ad0700b215879da1c948b8d4c233480904740604d17cba72cfeac56d6226e08c,896ffd0a1caaa64ea317baa01d621c432c3d4132697cb29585d1c0e4267b46d1,528.0,,,,,,
temporal-n40-f10-s7-l0.75-r0,temporal,40,10,7,0,0.75,3,MADEA-one-shot,0,c9d99645084a255aec08f9710d4cdcb7cfce047033aea8db48f743c85449ca8c,0,1700.9064063830767,True,3640.0,2895.0,745.0,UB/LB diff < tol (it: 13; obj. deviation: None; best it: 3; best centralized it: 3; total runtime: 0.23147085552638952),93465140593cd5439fc135877a4fe6ca9faa693a8c5ee8d7c947f6c529ffdc93,31a9d1180e621864e8dbdfee19810a71c48325dfd919c402cea200b61d375522,,,,,,,
temporal-n40-f10-s7-l0.75-r0,temporal,40,10,7,0,0.75,3,MADEA-one-shot,0,c9d99645084a255aec08f9710d4cdcb7cfce047033aea8db48f743c85449ca8c,1,1559.6641487805698,True,6088.0,4513.0,1575.0,UB/LB diff < tol (it: 17; obj. deviation: None; best it: 7; best centralized it: 7; total runtime: 0.29266083089818423),00c0c7fd01a209ddb2e202a8383e9ff6768e1e307297fcb4e709823a9ff6053a,0bb8f97461538d7bbfb3aa9b1ff6e46a2637a7db5d3f1295cd0aaacc80d02bae,925.0,,,,,,
temporal-n40-f10-s7-l0.75-r0,temporal,40,10,7,0,0.75,3,MADEA-one-shot,0,c9d99645084a255aec08f9710d4cdcb7cfce047033aea8db48f743c85449ca8c,2,1568.3658089252542,True,4880.0,3626.0,1254.0,UB/LB diff < tol (it: 13; obj. deviation: None; best it: 3; best centralized it: 3; total runtime: 0.23370334592056738),d7bb6521186aa6f21d6b2612e8d91423c5c59604c4e459b74756b5979ce00acb,3b1b3262ebccb221f97d8ce55c090ca7548c9481e016ed99c36adfc76791dbbe,536.0,,,,,,
static-n40-f5-s7-l1-r0,static,40,5,7,0,1.0,1,one-shot-pg,0,0096463547fc3f3ff7b33b3b7213de12907f313a3759b5c9c61ee09cea6b32c6,0,980.1329973471952,True,10692.0,9252.0,1440.0,UB/LB diff < tol (it: 17; obj. deviation: None; best it: 7; best centralized it: 7; total runtime: 0.9319449319760063),5f24ac1a79179c677bf4e5bde5885f28e1e55465a8eca5feab1f586ff77c8f99,1be3c3f5ab41679663b2bd105a165f719807c46a6662436494463340494895b6,,777.0084158670679,0.6357822080608457,no improving proposal,10.0,39.0,
static-n80-f5-s7-l1-r0,static,80,5,7,0,1.0,1,one-shot-pg,0,27addc14aba936174dd3a20bff6665d5e468ecf835d2fb5820f8411fc8b868a7,0,1720.0015964072995,True,18626.0,16101.0,2525.0,UB/LB diff < tol (it: 17; obj. deviation: None; best it: 7; best centralized it: 7; total runtime: 1.926708511607913),7f35a7611030d632973b5aed52c19a768a9f0b8c056de8b994db66e0acb0d3e0,40816078689c54c88a31cacf5f20d2e7d29e14bd29a9ef1cf56c9e0d6540a5db,,1499.045365867942,1.3908961249981076,no improving proposal,20.0,61.0,
static-n160-f5-s7-l1-r0,static,160,5,7,0,1.0,1,one-shot-pg,0,0be7f77c76a7f7c38fc7182821334e178555512e6fedbc4aad8ef19256eaa440,0,3899.133721528793,True,43252.0,27686.0,15566.0,UB/LB diff < tol (it: 13; obj. deviation: None; best it: 3; best centralized it: 3; total runtime: 5.120473157978328),5aa7304b4bb525207584e354402bc31b56a726a65baa94f4a636b730496b326a,25a9b3efd3e00e9152fd12ec132c04ccf127fcab1faaa44275f5db7f3665c0be,,2827.3275517602847,4.120173791889101,no improving proposal,40.0,163.0,
static-n40-f10-s7-l1-r0,static,40,10,7,0,1.0,1,one-shot-pg,0,3803b10438c3c8a597e814dc690a6da396a4e7bce82c9b4f5aa23bf7ee98bde5,0,1780.505712775018,True,4874.0,4217.0,657.0,UB/LB diff < tol (it: 14; obj. deviation: None; best it: 4; best centralized it: 4; total runtime: 0.8705860113629114),117306badfa9f8ebef4921b77e9545859c66ccb3e529972f8696c0fb56471625,881228fef2414aa5e23fe31c48e39a111b56943d3471731806637a0bdddc6234,,1573.705057591498,0.6219192499993369,no improving proposal,10.0,34.0,
static-n80-f10-s7-l1-r0,static,80,10,7,0,1.0,1,one-shot-pg,0,5da60002c603d9fe6ee3f00d913490be567cbd964ab5cf0dcbb3025300f24d1e,0,3238.568055093173,True,9834.0,8482.0,1352.0,UB/LB diff < tol (it: 21; obj. deviation: None; best it: 11; best centralized it: 11; total runtime: 1.8490268580371207),252a448eca3ca173a8946afe539b2c5cea3b168697cdd2a50693cf06a3096b0c,d80cc55d4615beeb3e767b804ad2b4da9e847ef15cd8473e959634bf839bb8a5,,2981.1209062706935,1.3406017910456285,no improving proposal,20.0,60.0,
static-n160-f10-s7-l1-r0,static,160,10,7,0,1.0,1,one-shot-pg,0,9819ccf5a9cc46f1d09f21bc4118327835c8a27ce0b69229307f6669e284b751,0,8564.487608696103,True,40944.0,33499.0,7445.0,UB/LB diff < tol (it: 14; obj. deviation: None; best it: 4; best centralized it: 4; total runtime: 7.333171733532209),8b0dfa89455c4a1f4348bb0b07ace13ce23674ba4c5befcf1e3732e1596fe3eb,b016c3372b9e7f2e81d1377452b2b4a1fbefb624f2fdfffa3ae924b4077c2615,,7139.674258875606,6.229573541902937,no improving proposal,40.0,158.0,
static-n40-f5-s42-l1-r0,static,40,5,42,0,1.0,1,one-shot-pg,0,edd16a7fda48e1dfd249be44eb51c49905165acf1cfbb04466157528b1827a2b,0,729.3722238808464,True,9658.0,8818.0,840.0,UB/LB diff < tol (it: 17; obj. deviation: None; best it: 7; best centralized it: 7; total runtime: 0.5457117572827442),b24ce2e46a6a6dda9c5115706d6140cb7490aaab44fcd2f7fcb2036efd99e16a,4a4b23bf1fe4958f097084879c91b294baafd30190638d5ea42b8a9326bf2f85,,725.0637000123182,0.4266127090668306,no improving proposal,10.0,8.0,
static-n80-f5-s42-l1-r0,static,80,5,42,0,1.0,1,one-shot-pg,0,9c5b63dff76ec3ff5c58ce41566edf2471ac2f916641bd477781366464977c2f,0,1759.3333443344238,True,23179.0,17145.0,6034.0,UB/LB diff < tol (it: 14; obj. deviation: None; best it: 4; best centralized it: 4; total runtime: 1.8780777818903487),c2bae7209315918b91a30f3463ecffc15e1da2b4d300a81d6dbbfbb3600904f9,10b308543618d3c5fa9ac424c358f3ccd70373a4e5afb04490bd43c08db62ddd,,1109.6477432939564,1.3927221249323338,no improving proposal,20.0,78.0,
static-n160-f5-s42-l1-r0,static,160,5,42,0,1.0,1,one-shot-pg,0,e2380d3a3efaeb3bdc263192301b0c2818271101a3e6c998b83bbde0da31b3e7,0,4562.495206557748,True,16280.0,13808.0,2472.0,UB/LB diff < tol (it: 14; obj. deviation: None; best it: 4; best centralized it: 4; total runtime: 3.561674809382809),ad7757f259f065b7452aaec47faac2beeb28ac5efb473ecc03bd98999bf49fcf,ff40ab6582d256ccec83fd1aec2dfa0d380c62d230ba686e98c7041fdc8e55f0,,4279.680442256831,2.6448454579804093,no improving proposal,40.0,123.0,
static-n40-f10-s42-l1-r0,static,40,10,42,0,1.0,1,one-shot-pg,0,dc4c314e508cf1780337e60f75a24a560c76241f52cfb2e54600f5272b1e7594,0,1441.189770799239,True,9713.0,8484.0,1229.0,UB/LB diff < tol (it: 13; obj. deviation: None; best it: 3; best centralized it: 3; total runtime: 1.0062406784854234),1c9a83ac3f5961834e19f5162a015e85106556dbd95fd9ebf6d5be7409bee97e,9dfb4dfd6a709cd25ec2b34e932c22381c4d9f6f2296d65c0b10d46caf5146da,,1158.0947457083937,0.7634734999155626,no improving proposal,10.0,44.0,
static-n80-f10-s42-l1-r0,static,80,10,42,0,1.0,1,one-shot-pg,0,5870c8402166004c3804f2d118896c28134fc2d49e53d9265d5cd086f4cf8c47,0,3636.776103176345,True,22494.0,18850.0,3644.0,UB/LB diff < tol (it: 14; obj. deviation: None; best it: 4; best centralized it: 4; total runtime: 2.6804495361183376),b4d993ec301d7b5f0f7ea024910a1dd153913a5551f308f5735ce21ef7e8164b,e329065fc9f0ecfba3bc5f27c5878c7b76c288273c5b73f91660c7b3db19b538,,3165.806461489185,2.146206166013144,no improving proposal,20.0,79.0,
static-n160-f10-s42-l1-r0,static,160,10,42,0,1.0,1,one-shot-pg,0,28cb12822b012725e9fd45a5422a48f0186a182752e60918abe38feaf805becb,0,8039.387456121651,True,30755.0,24208.0,6547.0,UB/LB diff < tol (it: 14; obj. deviation: None; best it: 4; best centralized it: 4; total runtime: 6.872855597839212),55d7f89be1f75ce8d319b791264798642cf3952ab48b77e6b1b256b89623a0c2,5f4aabe76b49cc09decd29d3f2c73bc5b422c39367d4798af213b0e07795e11e,,6188.651009291685,5.708811499993317,no improving proposal,40.0,167.0,
static-n40-f5-s99-l1-r0,static,40,5,99,0,1.0,1,one-shot-pg,0,05a8983e2155a0e4d5b772b20bb19163527c2af8b973514f83a39d1b64abb1e7,0,1142.0173801959318,True,14398.0,13030.0,1368.0,UB/LB diff < tol (it: 20; obj. deviation: None; best it: 10; best centralized it: 10; total runtime: 0.7499421476311331),7fd1d3885fa8e804615bd06fea2ea7ee31a98510727751f4390b657817342e27,84701609bfaa463b29be4753009dacb828de0bf1a52051eaeef05d6bf5849d99,,1110.542587147933,0.4928909580921754,no improving proposal,10.0,20.0,
static-n80-f5-s99-l1-r0,static,80,5,99,0,1.0,1,one-shot-pg,0,943f1841092ed8cfe258cdb513d06b50a5b767d3642dbecedcf0fa1440efaaab,0,2009.5393476708016,True,6692.0,5170.0,1522.0,UB/LB diff < tol (it: 13; obj. deviation: None; best it: 3; best centralized it: 3; total runtime: 1.1778889129177696),166c04e7f2b3b40d74e52c004be91864014975bfeb36c5a6bb5270c884e6d064,f53d0f8aa3de1397b7e14a68657ef04a5d127b69b67c4d97ab6c329d64b346a9,,1610.5910143561443,0.7459661669563502,no improving proposal,20.0,78.0,
static-n160-f5-s99-l1-r0,static,160,5,99,0,1.0,1,one-shot-pg,0,38b83a0561fdb59290e7f32768a5e162c6ad23fc0c6b244e3a7868e668888f77,0,3614.3913229378327,True,32994.0,21824.0,11170.0,UB/LB diff < tol (it: 14; obj. deviation: None; best it: 4; best centralized it: 4; total runtime: 4.746829401398344),dac3888720fbff05187378bd2565fc7e01358239378f420a20c4769952b8cb33,554c1d1abf750a96e814ddf3f1695eb8c3d360f61a4a21dc3e82611d56bad9fe,,2642.071671940053,3.716749291983433,no improving proposal,40.0,160.0,
static-n40-f10-s99-l1-r0,static,40,10,99,0,1.0,1,one-shot-pg,0,529c589185947eb4adc176002e04198d6e0c7481f200775ad6997269edbd8523,0,2171.71612610883,True,9007.0,7806.0,1201.0,UB/LB diff < tol (it: 19; obj. deviation: None; best it: 9; best centralized it: 9; total runtime: 0.915213350960997),ad4ffe3642fe746d342396ec14827786d3017baf2249a6f6dc5f66560687db3e,443ab28d7d6c8aafd271626c6c817aa84ef933f24a863473ecd9797430758680,,2000.5839692394763,0.5944668750744313,no improving proposal,10.0,31.0,
static-n80-f10-s99-l1-r0,static,80,10,99,0,1.0,1,one-shot-pg,0,0abc2494dbc4e506fae5f7d706de446616da6a2ace1e5fca6b3153c90f3d7ce6,0,4225.738637480078,True,12211.0,9823.0,2388.0,UB/LB diff < tol (it: 13; obj. deviation: None; best it: 3; best centralized it: 3; total runtime: 2.2529816987795908),e29b175135d4846784a98f2f16e29e3386cc74cd0a203d16caf84884d29202cd,15e56d1f2c58cd19913415e4a4e43eea43f6d6c742307cd25e1a7eda4c5b3163,,3710.316938406651,1.757431875099428,no improving proposal,20.0,80.0,
static-n160-f10-s99-l1-r0,static,160,10,99,0,1.0,1,one-shot-pg,0,25235bd746487f6414121c91fb2af6b08adb2b656ac3f410b0f3179e9ecee4e3,0,8167.582580781401,True,36898.0,29685.0,7213.0,UB/LB diff < tol (it: 14; obj. deviation: None; best it: 4; best centralized it: 4; total runtime: 7.294023521017694),e9e3d226f0f6cc2478f3b06424fe7611bb54f8ebf34fb3412ea14724543fec3f,df7276b56d928c7904d1940ab8844dfb7d649f8f764a12e7bac20695ae24fb9e,,7470.1612206172,6.21217604202684,no improving proposal,40.0,162.0,
static-n40-f5-s2026-l1-r0,static,40,5,2026,0,1.0,1,one-shot-pg,0,692536d3c05b05ff1f4e877a6c3554d7320e80320cd1e49bd23ba530c5be87c1,0,1003.8231935951742,True,3694.0,3174.0,520.0,UB/LB diff < tol (it: 14; obj. deviation: None; best it: 4; best centralized it: 4; total runtime: 0.5132349082308298),ae960df3cedfecc1827b939ce2b8c05ea769deb0311a92fee30a69904ae616d1,bb49219de19278c01de996433a4f92d6c5ee68afafd2e4a6696b034a2cac8260,,846.3156049222108,0.2836912909988314,no improving proposal,10.0,32.0,
static-n80-f5-s2026-l1-r0,static,80,5,2026,0,1.0,1,one-shot-pg,0,6f0314beab998778615fb964148f37b64c9787b9a44c943f951baefbc6fc17cb,0,2476.410861740238,True,23029.0,20787.0,2242.0,UB/LB diff < tol (it: 21; obj. deviation: None; best it: 11; best centralized it: 11; total runtime: 1.691972638164284),45e729303287df9060141a85ff5ff14d50ca0d26383a8f71617d4ae0916f3ed9,363222f7985cd84a907ba84b1b0550a504b99c8e9b97c61057ec2752140733f2,,2468.1031324710134,1.3550394169287756,no improving proposal,20.0,21.0,
static-n160-f5-s2026-l1-r0,static,160,5,2026,0,1.0,1,one-shot-pg,0,80a54cc6c391bd7aef0e02647f974ef064c258f7c92e368a4496199d0539f19a,0,4794.331253685396,True,51716.0,45599.0,6117.0,UB/LB diff < tol (it: 13; obj. deviation: None; best it: 3; best centralized it: 3; total runtime: 4.84414080147925),3fa81cc78fa16ebfbe220acfc24691259a28a0cca9fada9f6c66c685b841262d,b3cfa7b6aaaf0484a0a70aed08c1a43684b640b58fc950dcae858f89a2259f47,,4319.210841719576,3.915138666983694,no improving proposal,40.0,149.0,
static-n40-f10-s2026-l1-r0,static,40,10,2026,0,1.0,1,one-shot-pg,0,fafa48f7e7c95e5cdcd1e071740ce0b947e7c2c10409d7175533c7e261fea064,0,1541.0493285534055,True,7368.0,5501.0,1867.0,UB/LB diff < tol (it: 13; obj. deviation: None; best it: 3; best centralized it: 3; total runtime: 0.985254105972956),a06f62ecb47987dc39c0ad8283e572e06cee1dbe7a3d81ff2640d6d22779ccdb,45ea58e1c27f61042f94be52f906df3ee14dbd3e2b5b845fd518e30d2211da44,,876.7125594682917,0.7150932080112398,no improving proposal,10.0,49.0,
static-n80-f10-s2026-l1-r0,static,80,10,2026,0,1.0,1,one-shot-pg,0,9b5ae2f9d332a8c26ee61542a92fb264066379a11f88661a7d4f299d6fe5e4dd,0,3591.2870767144477,True,16763.0,11835.0,4928.0,UB/LB diff < tol (it: 14; obj. deviation: None; best it: 4; best centralized it: 4; total runtime: 3.1211486433214684),51417e143ea744f76b33f55dd03227e243140b63bcb58ba234c1358cc32a12f1,e9ec929b30ee6370e293da2b8158c5281290b0615a6a2652a2d74784d34ee174,,2954.231763616612,2.5815025829942897,no improving proposal,20.0,82.0,
static-n160-f10-s2026-l1-r0,static,160,10,2026,0,1.0,1,one-shot-pg,0,01c6d0c3f795af305e8296697d6e6a13bd18941d833734b02afc53ee7ced1ca3,0,8347.05438214315,True,20666.0,16122.0,4544.0,UB/LB diff < tol (it: 14; obj. deviation: None; best it: 4; best centralized it: 4; total runtime: 6.426776404689937),9794b08e2b897d2693c3dfb96e26d67ea10cc701b3face225335215938ec6774,bad812478f24790d638fe83cff9d95a72d478e1a4f5c4d2adab9f17847a40e26,,7623.978232725364,5.395879000076093,no improving proposal,40.0,167.0,
stress-n80-f5-s7-l0.75-r0,stress,80,5,7,0,0.75,1,one-shot-pg,0,8d78b6de01f65a74adfadabb86c30ccadf2fee10c6cc92b5778a1ef307338044,0,1880.8341710360755,True,13954.0,13085.0,869.0,UB/LB diff < tol (it: 17; obj. deviation: None; best it: 7; best centralized it: 7; total runtime: 1.7956338395753848),f159c2098392472eacdca2c742041ccd817a50147b2f158662c0fdf720301235,2aecdc44f0eb497312a5e9b0bcba6eed414853900f1044e1748a4d491a85b080,,1667.7233441781136,1.2502767499536276,no improving proposal,20.0,56.0,
stress-n80-f5-s7-l1.5-r0,stress,80,5,7,0,1.5,1,one-shot-pg,0,73f0907f0191967cb0f23dcb3d8e76309295e6f02731e15641432fad3335d1ef,0,1372.1151370927962,True,27939.0,19309.0,8630.0,UB/LB diff < tol (it: 24; obj. deviation: None; best it: 14; best centralized it: 14; total runtime: 2.1221475002493344),952158ee1edd29884fb1b132f59d7fdd0e175f68897e2dc58c93ece730dd64e6,578461f667f1bb1c81204491acad8632c41a03f2aa6c9c50e3fc89dfbb2f82e0,,1201.690603800687,1.6150460001081228,no improving proposal,20.0,72.0,
stress-n80-f10-s7-l0.75-r0,stress,80,10,7,0,0.75,1,one-shot-pg,0,cd9640bc5637de73ad8408f60ab17ac61429ff0fe6a42eef5a5255d13d940ee9,0,3436.9526972714975,True,7318.0,6919.0,399.0,UB/LB diff < tol (it: 14; obj. deviation: None; best it: 4; best centralized it: 4; total runtime: 1.7813761797093146),86ea33ab1c47485acf8af6c8274874b2019e45b8cea6c1a348dc21a3db39561f,70544fa1563cac3592f0e7677113217e4ca9d73c7e20999fc3992e17137f587c,,3026.386969007635,1.3003726250026375,no improving proposal,20.0,79.0,
stress-n80-f10-s7-l1.5-r0,stress,80,10,7,0,1.5,1,one-shot-pg,0,9a43838ea591d1bce4eb9edffce6175cf4b09d69e50850b3f20da443defa5204,0,2561.0874680891056,True,14663.0,9672.0,4991.0,UB/LB diff < tol (it: 20; obj. deviation: None; best it: 10; best centralized it: 10; total runtime: 1.8940082954653965),c27c0fe45719641148e694f6cad22539ede2486d21e91c0b1074c01cae786670,838f1d80bf61ecf3f4ef999741acd97af612113d7f6913f4453fab82ba19089e,,2282.499658864655,1.4235163750126958,no improving proposal,20.0,91.0,
stress-n80-f5-s42-l0.75-r0,stress,80,5,42,0,0.75,1,one-shot-pg,0,934a4141e51bba0ef21301951eddbdc70a669bba005fd8d8fec97ba86c637eab,0,1923.0263726499131,True,17353.0,14434.0,2919.0,UB/LB diff < tol (it: 13; obj. deviation: None; best it: 3; best centralized it: 3; total runtime: 1.7139361996762905),88e3ae4ab70b2f4e171b4e552532909a5fd2b0b8adcfadfeb8808239cb7f90fc,8bb5329a03f5e403127e79ec4843e06c0793aa7180a3c2ffdfe8ca824dd6f9c3,,1234.2611804966468,1.2566132090287283,no improving proposal,20.0,75.0,
stress-n80-f5-s42-l1.5-r0,stress,80,5,42,0,1.5,1,one-shot-pg,0,1c0e62447fcce347c0e08f812375291580ddd7e4eacedd644661b1a262e8dfb8,0,1447.1532806489888,True,34750.0,19462.0,15288.0,UB/LB diff < tol (it: 16; obj. deviation: None; best it: 6; best centralized it: 6; total runtime: 2.21294460951767),ace58677e6e71a09e21645f100f26b004cd917ab7c380114f6ec923482358719,246c9925262cf37b09d0ce1e8b3842616ffbe61958c8f6d49343fae1bb25a1ba,,943.8936605021984,1.6740062910830602,no improving proposal,20.0,87.0,
stress-n80-f10-s42-l0.75-r0,stress,80,10,42,0,0.75,1,one-shot-pg,0,b6965fe6d5362c8ea3079c4356d0b206a50e73b04e89e69372c60804ff966c40,0,3854.032188432252,True,16857.0,15661.0,1196.0,UB/LB diff < tol (it: 14; obj. deviation: None; best it: 4; best centralized it: 4; total runtime: 2.498912795150517),c43c1413ff0fbd3870229136ed3eabdb9b90343c37c1580b16cd641e39112491,99071491ec73745bd420f3efed4e332ad6076444de24040002de86cb54c42b35,,3302.453730014628,1.9803781249793249,no improving proposal,20.0,78.0,
stress-n80-f10-s42-l1.5-r0,stress,80,10,42,0,1.5,1,one-shot-pg,0,3d8037489e00c18d5b5b368e469fc450aa87abaa29170acaef229b9af26f58a5,0,2901.4557252024215,True,33749.0,21067.0,12682.0,UB/LB diff < tol (it: 22; obj. deviation: None; best it: 12; best centralized it: 12; total runtime: 3.174690951155527),dcf7a70edd335cf438219acd75e31bddd29b9187adc1b1fadd9d56deef5c3403,347dba3e239ec4ef165b321ed4997910df15dcb1eb080a60773a23a9119c2ff4,,2476.368660381732,2.6011948329396546,no improving proposal,20.0,86.0,
temporal-n40-f5-s7-l0.75-r0,temporal,40,5,7,0,0.75,3,one-shot-pg,0,bc70a964f10a10e983c4b496e795850ebc07f104ec92f1f71fef4827039f8985,0,1045.5252868211812,True,8008.0,7337.0,671.0,UB/LB diff < tol (it: 13; obj. deviation: None; best it: 3; best centralized it: 3; total runtime: 0.7617342306843875),2ae1538cdb9854b32d2c5a720e4810f8f7b36c31da3bfb6d1c41ae709fa3d4ec,8257a5249d0752f31776255a1a1dc54a5b51d3fb73c8f32b29529fa9a1b6d04d,,850.0332208887321,0.536494416068308,no improving proposal,10.0,36.0,
temporal-n40-f5-s7-l0.75-r0,temporal,40,5,7,0,0.75,3,one-shot-pg,0,bc70a964f10a10e983c4b496e795850ebc07f104ec92f1f71fef4827039f8985,1,909.033846802256,True,13377.0,10763.0,2614.0,UB/LB diff < tol (it: 13; obj. deviation: None; best it: 3; best centralized it: 3; total runtime: 0.9314839638773027),4d56768f8a449e7a83722b52ca8cb69cd4b1c9731ec2f4b021fd705cb2dbb107,ab152329615b67dd9f35a26d4e4370dadfb6cb2ddaad8c2eb3cb6c9a7a9223f9,1827.0,739.475800016472,0.6988517499994487,no improving proposal,10.0,41.0,
temporal-n40-f5-s7-l0.75-r0,temporal,40,5,7,0,0.75,3,one-shot-pg,0,bc70a964f10a10e983c4b496e795850ebc07f104ec92f1f71fef4827039f8985,2,974.8747624615362,True,10701.0,9166.0,1535.0,UB/LB diff < tol (it: 16; obj. deviation: None; best it: 6; best centralized it: 6; total runtime: 0.8945043847187646),653ae95011a78def1aa68e630460424fb316131ff7929f9f81a2b7e61759f244,08380822860d90cc2929936ce25e6eff69df98e0719cbed578d195e81102ab6b,1360.0,782.0687250105295,0.6260767909698188,no improving proposal,10.0,39.0,
temporal-n80-f5-s7-l0.75-r0,temporal,80,5,7,0,0.75,3,one-shot-pg,0,04a8879cb5bbc735e08bcefce71d7a6101b82b4bc28bab5119f96caa0b4843c3,0,1889.9969385951467,True,13964.0,13145.0,819.0,UB/LB diff < tol (it: 17; obj. deviation: None; best it: 7; best centralized it: 7; total runtime: 1.793412449145872),e5bce0b2f4a0855aaba85d9b182929e89fc77c538b760fe2b0b11ff928a40e5b,99655bd225bd80bbf5421d7d968eee496274cb627a92cfb48f75af3c44e6da89,,1671.3927717614354,1.2564127499936149,no improving proposal,20.0,56.0,
temporal-n80-f5-s7-l0.75-r0,temporal,80,5,7,0,0.75,3,one-shot-pg,0,04a8879cb5bbc735e08bcefce71d7a6101b82b4bc28bab5119f96caa0b4843c3,1,1548.253214476231,True,23286.0,18271.0,5015.0,UB/LB diff < tol (it: 25; obj. deviation: None; best it: 15; best centralized it: 15; total runtime: 2.067903628936511),30876986457e22f55cb73b001383e2aabb14e0620c50f7357875cf11a50dc11f,407d1dafc1bc38905ea81ec0a497d3517d113ecfd5d218ebbba11326effb02d8,3097.0,1389.58484199031,1.501137291896157,no improving proposal,20.0,66.0,
temporal-n80-f5-s7-l0.75-r0,temporal,80,5,7,0,0.75,3,one-shot-pg,0,04a8879cb5bbc735e08bcefce71d7a6101b82b4bc28bab5119f96caa0b4843c3,2,1711.8994237075751,True,18619.0,15902.0,2717.0,UB/LB diff < tol (it: 13; obj. deviation: None; best it: 3; best centralized it: 3; total runtime: 1.7888842306324504),2b156a8ce0fc6b72223aa5443c2217f2f214026d2ba8e104f4997106fde4459a,e562cc4dbd87b14ee7a8cede0eed99fef3809d85cbf2e6562a7c3a8d26360628,1926.0,1469.3654693942926,1.3604250840144232,no improving proposal,20.0,70.0,
temporal-n40-f10-s7-l0.75-r0,temporal,40,10,7,0,0.75,3,one-shot-pg,0,c9d99645084a255aec08f9710d4cdcb7cfce047033aea8db48f743c85449ca8c,0,1933.7145533763571,True,3640.0,3369.0,271.0,UB/LB diff < tol (it: 13; obj. deviation: None; best it: 3; best centralized it: 3; total runtime: 0.8124554525414137),30d8861ec06ec43911daa0d35cfd4eca1f503e7f2d4585dcaaff2ff54761d3be,bb382ae6c1656c38d6c99039d6ac922a3d6ac09868019ac573e6ef14f874e7ff,,1700.9064063830767,0.5749212079681456,no improving proposal,10.0,36.0,
temporal-n40-f10-s7-l0.75-r0,temporal,40,10,7,0,0.75,3,one-shot-pg,0,c9d99645084a255aec08f9710d4cdcb7cfce047033aea8db48f743c85449ca8c,1,1679.0549573368362,True,6088.0,4993.0,1095.0,UB/LB diff < tol (it: 17; obj. deviation: None; best it: 7; best centralized it: 7; total runtime: 0.9634784557389207),5a984e4eb78b8d5b2b6324d06a5a54d850a5d453fb6042da4c3d39b5a554b3a1,e98762297d7b5d201e3a004959926c4711ec5beff9e969fe05007ed1401fbba9,1116.0,1559.6641487805698,0.6715938328998163,no improving proposal,10.0,38.0,
temporal-n40-f10-s7-l0.75-r0,temporal,40,10,7,0,0.75,3,one-shot-pg,0,c9d99645084a255aec08f9710d4cdcb7cfce047033aea8db48f743c85449ca8c,2,1791.7833460179932,True,4880.0,4226.0,654.0,UB/LB diff < tol (it: 13; obj. deviation: None; best it: 3; best centralized it: 3; total runtime: 0.8444696091045989),6d8150058fe9c018a592206e47e4003a15c2c40fd9ce1a4aaa27fef85eb590d6,803ffe8ff368d22e4dd09a5e00523b23300c9af6354395e0f68df0b2ddb86836,757.0,1568.3658089252542,0.6141462499508634,no improving proposal,10.0,41.0,
