phase,nodes,functions,seed,repeat,case_id,step,MADEA,MADEA-one-shot,MADEA-PG,PLASMA-Welfare
static,40,5,7,0,static-n40-f5-s7-l1-r0,0,0.0,-4.6375104652000125,23.1484900458115,25.655053094475065
static,40,5,42,0,static-n40-f5-s42-l1-r0,0,0.0,0.42857279132788584,0.7154057883692166,0.38098025154336135
static,40,5,99,0,static-n40-f5-s99-l1-r0,0,0.0,3.1337751501023803,3.5018424736006803,5.122613231381812
static,40,5,2026,0,static-n40-f5-s2026-l1-r0,0,0.0,-0.6964694417759154,18.275510410624808,22.965404045150173
static,40,10,7,0,static-n40-f10-s7-l1-r0,0,0.0,-0.6440130750241857,12.808040050408632,21.806078527469587
static,40,10,42,0,static-n40-f10-s42-l1-r0,0,0.0,-2.4799306096794815,21.920871216435998,25.911718940844786
static,40,10,99,0,static-n40-f10-s99-l1-r0,0,0.0,3.179715850835585,10.200739228308286,13.948941085126432
static,40,10,2026,0,static-n40-f10-s2026-l1-r0,0,0.0,-20.208247853016058,47.97338089535263,77.7130311868924
static,80,5,7,0,static-n80-f5-s7-l1-r0,0,0.0,0.2959489499332335,15.094509840320814,20.06935195882109
static,80,5,42,0,static-n80-f5-s42-l1-r0,0,0.0,-5.316846065501879,51.918364815000004,67.01092685805072
static,80,5,99,0,static-n80-f5-s99-l1-r0,0,0.0,-4.6648633104655834,18.637804027155802,38.61009136107354
static,80,5,2026,0,static-n80-f5-s2026-l1-r0,0,0.0,1.231831011722706,0.4060118755799147,0.8237197122573869
static,80,10,7,0,static-n80-f10-s7-l1-r0,0,0.0,2.3852687771981573,10.347794054820959,12.630212269985975
static,80,10,42,0,static-n80-f10-s42-l1-r0,0,0.0,0.26193602142445815,15.010949494937176,17.395864882570457
static,80,10,99,0,static-n80-f10-s99-l1-r0,0,0.0,-0.7165550919895236,13.449600522796823,22.302010901032766
static,80,10,2026,0,static-n80-f10-s2026-l1-r0,0,0.0,-1.899941249583359,19.98329541765709,31.939291921446067
static,160,5,7,0,static-n160-f5-s7-l1-r0,0,0.0,-6.454938813420608,31.951110265226433,55.352021303971235
static,160,5,42,0,static-n160-f5-s42-l1-r0,0,0.0,-1.0188963975153675,6.152616774826702,7.377268300556028
static,160,5,99,0,static-n160-f5-s99-l1-r0,0,0.0,-7.762652991889462,29.949299474764945,52.23637459099848
static,160,5,2026,0,static-n160-f5-s2026-l1-r0,0,0.0,-1.3806861353386157,10.295295213780896,15.150460832203194
static,160,10,7,0,static-n160-f10-s7-l1-r0,0,0.0,-1.6176543064819526,18.41999692134706,28.457909781820454
static,160,10,42,0,static-n160-f10-s42-l1-r0,0,0.0,-4.51121844537441,25.234621288593708,44.88052891006813
static,160,10,99,0,static-n160-f10-s99-l1-r0,0,0.0,-0.8083580981623539,9.098235693742463,11.351071268911594
static,160,10,2026,0,static-n160-f10-s2026-l1-r0,0,0.0,-0.2426242328019801,9.235746798265442,11.496051791819939
stress,80,5,7,0,stress-n80-f5-s7-l0.75-r0,0,0.0,0.38936582815960463,12.688687550303502,16.26376489617374
stress,80,5,7,0,stress-n80-f5-s7-l1.5-r0,0,0.0,0.8459272800178441,14.799261542894948,20.226889535356875
stress,80,5,42,0,stress-n80-f5-s42-l0.75-r0,0,0.0,-8.920171688056278,44.50848418290767,54.914099311311304
stress,80,5,42,0,stress-n80-f5-s42-l1.5-r0,0,0.0,0.5210327992003938,54.68971541237586,61.451777530410624
stress,80,10,7,0,stress-n80-f10-s7-l0.75-r0,0,0.0,-1.6587998006412752,12.155740118382251,13.462217495958617
stress,80,10,7,0,stress-n80-f10-s7-l1.5-r0,0,0.0,1.103267386012341,12.583318777989927,18.639863729296447
stress,80,10,42,0,stress-n80-f10-s42-l0.75-r0,0,0.0,-2.273997523828719,14.600916654993457,17.19205447055321
stress,80,10,42,0,stress-n80-f10-s42-l1.5-r0,0,0.0,0.07474944117233928,17.624380350241097,21.358400923167675
temporal,40,5,7,0,temporal-n40-f5-s7-l0.75-r0,0,0.0,-2.6196779195358566,20.208730204803295,24.767475566670516
temporal,40,5,7,0,temporal-n40-f5-s7-l0.75-r0,1,0.0,-1.2776770812725546,21.744402800754425,27.633181858062805
temporal,40,5,7,0,temporal-n40-f5-s7-l0.75-r0,2,0.0,1.0426126139982728,25.844783678058004,30.746741854101177
temporal,40,10,7,0,temporal-n40-f10-s7-l0.75-r0,0,0.0,-2.4481186002346833,12.141696700069815,16.410012142092434
temporal,40,10,7,0,temporal-n40-f10-s7-l0.75-r0,1,0.0,1.4698484134903378,9.059318885007063,16.605307333333386
temporal,40,10,7,0,temporal-n40-f10-s7-l0.75-r0,2,0.0,-1.2892153722466881,13.578127698919662,19.799620275679473
temporal,80,5,7,0,temporal-n80-f5-s7-l0.75-r0,0,0.0,0.3688143474182226,13.284804297411878,15.89279396066563
temporal,80,5,7,0,temporal-n80-f5-s7-l0.75-r0,1,0.0,1.7856305092108116,13.384942843324499,19.2605187975444
temporal,80,5,7,0,temporal-n80-f5-s7-l0.75-r0,2,0.0,-2.207742904059984,15.122729569476178,19.463723296074797
