case_id,phase,nodes,functions,seed,repeat,load_scale,steps,method,workers,input_hash,step,welfare,feasible,input_requests,served_requests,rejected_requests,termination,final_flow,final_replicas,replica_churn,pg_before,pg_seconds,pg_reason,pg_budget,pg_moves
static-n40-f5-s7-l1-r0,static,40,5,7,0,1.0,1,MADEA-one-shot,0,0096463547fc3f3ff7b33b3b7213de12907f313a3759b5c9c61ee09cea6b32c6,0,777.0084158670679,True,10692.0,7220.0,3472.0,UB/LB diff < tol (it: 17; obj. deviation: None; best it: 7; best centralized it: 7; total runtime: 0.29959015845004294),3cd27eebf0c63453120e3184be631ebbc7c293b4636e7811e3e9284608692b98,ed81c13998af3c62af6b2550f48aceff46cc5ec06a28fca95f8bd799802ff5b4,,,,,,
static-n40-f5-s7-l1-r0,static,40,5,7,0,1.0,1,one-shot-pg,0,0096463547fc3f3ff7b33b3b7213de12907f313a3759b5c9c61ee09cea6b32c6,0,980.1329973471952,True,10692.0,9252.0,1440.0,UB/LB diff < tol (it: 17; obj. deviation: None; best it: 7; best centralized it: 7; total runtime: 0.9104662275037543),5f24ac1a79179c677bf4e5bde5885f28e1e55465a8eca5feab1f586ff77c8f99,1be3c3f5ab41679663b2bd105a165f719807c46a6662436494463340494895b6,,,,,,
static-n40-f5-s7-l1-r0,static,40,5,7,0,1.0,1,MADEA-PG,0,0096463547fc3f3ff7b33b3b7213de12907f313a3759b5c9c61ee09cea6b32c6,0,1003.4072477942054,True,10692.0,9408.0,1284.0,UB/LB diff < tol (it: 24; obj. deviation: 0.0; best it: 14; best centralized it: 14; total runtime: 0.6793231746256245),59990ea6261b006223805397c28af9f3a3a230d82ce938c92877ab4bf859d468,9dd431b22acabeb098768a39660c7638ce54ffeef51ce69b6faea80e5b206f9b,,814.794600746575,0.628586083999835,no improving proposal,10.0,33.0
static-n80-f5-s7-l1-r0,static,80,5,7,0,1.0,1,one-shot-pg,0,27addc14aba936174dd3a20bff6665d5e468ecf835d2fb5820f8411fc8b868a7,0,1720.0015964072995,True,18626.0,16101.0,2525.0,UB/LB diff < tol (it: 17; obj. deviation: None; best it: 7; best centralized it: 7; total runtime: 1.9451879445427964),7f35a7611030d632973b5aed52c19a768a9f0b8c056de8b994db66e0acb0d3e0,40816078689c54c88a31cacf5f20d2e7d29e14bd29a9ef1cf56c9e0d6540a5db,,,,,,
static-n80-f5-s7-l1-r0,static,80,5,7,0,1.0,1,MADEA-PG,0,27addc14aba936174dd3a20bff6665d5e468ecf835d2fb5820f8411fc8b868a7,0,1720.2279196650443,True,18626.0,16047.0,2579.0,UB/LB diff < tol (it: 23; obj. deviation: 0.0; best it: 13; best centralized it: 13; total runtime: 1.516440622819938),a6440372e77cd09d7f23ae9979fc1b51a0255350c12302c1a607f5297a575a74,b6c115d40200311f0d9bcd423a6df50780a91ae00410c0748d206db0c06ef312,,1494.622047612562,1.4234269170556215,no improving proposal,20.0,69.0
static-n80-f5-s7-l1-r0,static,80,5,7,0,1.0,1,MADEA-one-shot,0,27addc14aba936174dd3a20bff6665d5e468ecf835d2fb5820f8411fc8b868a7,0,1499.045365867942,True,18626.0,16002.0,2624.0,UB/LB diff < tol (it: 17; obj. deviation: None; best it: 7; best centralized it: 7; total runtime: 0.538433237533619),d6010e7058442c01aad8f3bc4b503e25a4de1ae827946b9d907ade2de65b22b5,11ba0afda5fd549404cb45bb042f6ac30396a88b32968ef61892e5b6dc81dd3f,,,,,,
static-n40-f10-s7-l1-r0,static,40,10,7,0,1.0,1,MADEA-PG,0,3803b10438c3c8a597e814dc690a6da396a4e7bce82c9b4f5aa23bf7ee98bde5,0,1786.7728826282355,True,4874.0,4233.0,641.0,UB/LB diff < tol (it: 16; obj. deviation: 0.0; best it: 13; best centralized it: 13; total runtime: 0.6762040991866457),be5dc72a76437019583121a0bfada9755519b45870d160d2e5d65831eba094d1,13a58811c319455f1d6d1900bce5193ac07c449880c82eed1a6b6ed6bbe7910d,,1583.9056168601196,0.6218984159640968,no improving proposal,10.0,34.0
static-n40-f10-s7-l1-r0,static,40,10,7,0,1.0,1,MADEA-one-shot,0,3803b10438c3c8a597e814dc690a6da396a4e7bce82c9b4f5aa23bf7ee98bde5,0,1573.705057591498,True,4874.0,3638.0,1236.0,UB/LB diff < tol (it: 14; obj. deviation: None; best it: 4; best centralized it: 4; total runtime: 0.24966472893439884),890e8d2dee9bf934f57206ced87a374f517d105f824520e15407d5247e943865,805b07d30a133229963820996c1a881cfa56057dd885f5c7270fe75bfa4e59a4,,,,,,
static-n40-f10-s7-l1-r0,static,40,10,7,0,1.0,1,one-shot-pg,0,3803b10438c3c8a597e814dc690a6da396a4e7bce82c9b4f5aa23bf7ee98bde5,0,1780.505712775018,True,4874.0,4217.0,657.0,UB/LB diff < tol (it: 14; obj. deviation: None; best it: 4; best centralized it: 4; total runtime: 0.8654424740641025),117306badfa9f8ebef4921b77e9545859c66ccb3e529972f8696c0fb56471625,881228fef2414aa5e23fe31c48e39a111b56943d3471731806637a0bdddc6234,,,,,,
static-n80-f10-s7-l1-r0,static,80,10,7,0,1.0,1,MADEA-one-shot,0,5da60002c603d9fe6ee3f00d913490be567cbd964ab5cf0dcbb3025300f24d1e,0,2981.1209062706935,True,9834.0,8622.0,1212.0,UB/LB diff < tol (it: 21; obj. deviation: None; best it: 11; best centralized it: 11; total runtime: 0.5031903846381657),03addbd5ad5238bde0707cdb75e61d5eb06fafdd2f381e8e26aaf9994e2751ce,0aca8ae6b5b78e4edf60e2970276647baad6fc9311077417d5c94e9196802a15,,,,,,
static-n80-f10-s7-l1-r0,static,80,10,7,0,1.0,1,one-shot-pg,0,5da60002c603d9fe6ee3f00d913490be567cbd964ab5cf0dcbb3025300f24d1e,0,3238.568055093173,True,9834.0,8482.0,1352.0,UB/LB diff < tol (it: 21; obj. deviation: None; best it: 11; best centralized it: 11; total runtime: 1.8541218117114031),252a448eca3ca173a8946afe539b2c5cea3b168697cdd2a50693cf06a3096b0c,d80cc55d4615beeb3e767b804ad2b4da9e847ef15cd8473e959634bf839bb8a5,,,,,,
static-n80-f10-s7-l1-r0,static,80,10,7,0,1.0,1,MADEA-PG,0,5da60002c603d9fe6ee3f00d913490be567cbd964ab5cf0dcbb3025300f24d1e,0,3212.963346646419,True,9834.0,8447.0,1387.0,UB/LB diff < tol (it: 26; obj. deviation: 0.0; best it: 16; best centralized it: 16; total runtime: 1.4254438414700976),39f89ae7034f83b757ca440c17c3e11596dc2b5130618356bcd8de7725d481e4,ae7fddfd94174102ea5615fbfdeb14e47b9a6b876e592ae1fc59685b88fc7b85,,2911.669756669729,1.3300203339895234,no improving proposal,20.0,74.0
static-n40-f5-s42-l1-r0,static,40,5,42,0,1.0,1,MADEA-one-shot,0,edd16a7fda48e1dfd249be44eb51c49905165acf1cfbb04466157528b1827a2b,0,725.0637000123182,True,9658.0,8706.0,952.0,UB/LB diff < tol (it: 17; obj. deviation: None; best it: 7; best centralized it: 7; total runtime: 0.11672469395952673),db9b8535466daa12c22eb7bd595692c20c3bed43c63a1efc1cfa869f583861bd,c686b91ab592ea5b760e07a6b049c923808806168cbcde870529130cce850c74,,,,,,
static-n40-f5-s42-l1-r0,static,40,5,42,0,1.0,1,one-shot-pg,0,edd16a7fda48e1dfd249be44eb51c49905165acf1cfbb04466157528b1827a2b,0,729.3722238808464,True,9658.0,8818.0,840.0,UB/LB diff < tol (it: 17; obj. deviation: None; best it: 7; best centralized it: 7; total runtime: 0.5495649794966048),b24ce2e46a6a6dda9c5115706d6140cb7490aaab44fcd2f7fcb2036efd99e16a,4a4b23bf1fe4958f097084879c91b294baafd30190638d5ea42b8a9326bf2f85,,,,,,
static-n40-f5-s42-l1-r0,static,40,5,42,0,1.0,1,MADEA-PG,0,edd16a7fda48e1dfd249be44eb51c49905165acf1cfbb04466157528b1827a2b,0,727.1345468673516,True,9658.0,8785.0,873.0,UB/LB diff < tol (it: 30; obj. deviation: 0.0; best it: 20; best centralized it: 20; total runtime: 0.6725705163163574),d8fd3770363e786b6e3a7e9bfbf5142d4c45133b1d534b881a46c2eae00182f0,4edbe0fda280693ab7eeb6c11f0bb93e5a4a28875ceffaae6e8c6c2a63995856,,721.9695350235309,0.6274172499543056,no improving proposal,10.0,12.0
static-n80-f5-s42-l1-r0,static,80,5,42,0,1.0,1,one-shot-pg,0,9c5b63dff76ec3ff5c58ce41566edf2471ac2f916641bd477781366464977c2f,0,1759.3333443344238,True,23179.0,17145.0,6034.0,UB/LB diff < tol (it: 14; obj. deviation: None; best it: 4; best centralized it: 4; total runtime: 1.9802644734639911),c2bae7209315918b91a30f3463ecffc15e1da2b4d300a81d6dbbfbb3600904f9,10b308543618d3c5fa9ac424c358f3ccd70373a4e5afb04490bd43c08db62ddd,,,,,,
static-n80-f5-s42-l1-r0,static,80,5,42,0,1.0,1,MADEA-PG,0,9c5b63dff76ec3ff5c58ce41566edf2471ac2f916641bd477781366464977c2f,0,1780.4209479385706,True,23179.0,17027.0,6152.0,UB/LB diff < tol (it: 54; obj. deviation: 0.0; best it: 44; best centralized it: 44; total runtime: 1.6317012006528553),772709e938bf2538d321cf453e62206c4ab428182c6c0c96391755777b629e1a,5353e4c9eb088c8e60a9fc29e90c9f14c98884c9ec0284180cbe9a13cf9ac135,,1171.958999234026,1.4163500000722706,no improving proposal,20.0,79.0
static-n80-f5-s42-l1-r0,static,80,5,42,0,1.0,1,MADEA-one-shot,0,9c5b63dff76ec3ff5c58ce41566edf2471ac2f916641bd477781366464977c2f,0,1109.6477432939564,True,23179.0,20066.0,3113.0,UB/LB diff < tol (it: 14; obj. deviation: None; best it: 4; best centralized it: 4; total runtime: 0.48915441802548515),647d3bd52c426452ee41471d246ce5457f7997e47a4d24654469bd03ae40a585,81924af11a2e37df5ffb505291ac7006b1bf89301e6d6af367f5d125b912ece7,,,,,,
static-n40-f10-s42-l1-r0,static,40,10,42,0,1.0,1,MADEA-PG,0,dc4c314e508cf1780337e60f75a24a560c76241f52cfb2e54600f5272b1e7594,0,1447.8652571791429,True,9713.0,8478.0,1235.0,UB/LB diff < tol (it: 31; obj. deviation: 0.0; best it: 21; best centralized it: 21; total runtime: 1.1117232586782473),8e83d62204afcdc108070fd21a4889adc8f1e82822f36e09b14fb1a6b835d16f,1cb172bdb25bff0a190f36a8ccb8f4961b8aef82fa35c98a1bdd3c6a4062de65,,1187.5450386249847,1.0182992079062387,no improving proposal,10.0,44.0
static-n40-f10-s42-l1-r0,static,40,10,42,0,1.0,1,MADEA-one-shot,0,dc4c314e508cf1780337e60f75a24a560c76241f52cfb2e54600f5272b1e7594,0,1158.0947457083937,True,9713.0,7995.0,1718.0,UB/LB diff < tol (it: 13; obj. deviation: None; best it: 3; best centralized it: 3; total runtime: 0.24077198226904123),3977dd3e992a8bfc159fdca83f0983f3717befad83c5b0dabf1dbb669c8d1425,e1a608897ef449e92f7ed4580197d025c324316eeb900139baee60baaea54e16,,,,,,
static-n40-f10-s42-l1-r0,static,40,10,42,0,1.0,1,one-shot-pg,0,dc4c314e508cf1780337e60f75a24a560c76241f52cfb2e54600f5272b1e7594,0,1441.189770799239,True,9713.0,8484.0,1229.0,UB/LB diff < tol (it: 13; obj. deviation: None; best it: 3; best centralized it: 3; total runtime: 1.0269230087148724),1c9a83ac3f5961834e19f5162a015e85106556dbd95fd9ebf6d5be7409bee97e,9dfb4dfd6a709cd25ec2b34e932c22381c4d9f6f2296d65c0b10d46caf5146da,,,,,,
static-n80-f10-s42-l1-r0,static,80,10,42,0,1.0,1,MADEA-one-shot,0,5870c8402166004c3804f2d118896c28134fc2d49e53d9265d5cd086f4cf8c47,0,3165.806461489185,True,22494.0,17991.0,4503.0,UB/LB diff < tol (it: 14; obj. deviation: None; best it: 4; best centralized it: 4; total runtime: 0.522618334234763),e0119e9f0d0913acb26d51f789de70897442668303186a5cf1e1fb7ba2bc87ad,117b5353613cd11d2674bec12ef636f19bae48f6da53661d4aa63d8014ebc70c,,,,,,
static-n80-f10-s42-l1-r0,static,80,10,42,0,1.0,1,one-shot-pg,0,5870c8402166004c3804f2d118896c28134fc2d49e53d9265d5cd086f4cf8c47,0,3636.776103176345,True,22494.0,18850.0,3644.0,UB/LB diff < tol (it: 14; obj. deviation: None; best it: 4; best centralized it: 4; total runtime: 2.6690818845104487),b4d993ec301d7b5f0f7ea024910a1dd153913a5551f308f5735ce21ef7e8164b,e329065fc9f0ecfba3bc5f27c5878c7b76c288273c5b73f91660c7b3db19b538,,,,,,
static-n80-f10-s42-l1-r0,static,80,10,42,0,1.0,1,MADEA-PG,0,5870c8402166004c3804f2d118896c28134fc2d49e53d9265d5cd086f4cf8c47,0,3631.5118329180796,True,22494.0,18839.0,3655.0,UB/LB diff < tol (it: 39; obj. deviation: 0.0; best it: 29; best centralized it: 29; total runtime: 2.319942023337794),e5578ec8690068e02d688ed9d4fb560d84492b77cd64d873f7ac3e42ea30d0e1,770709004578bedca25ddca16eab5bc008d761977de850e8d84074f3c549a9a6,,3157.535738002007,2.149066708981991,no improving proposal,20.0,81.0
