case_id,phase,nodes,functions,seed,repeat,load_scale,steps,method,workers,input_hash,step,welfare,feasible,input_requests,served_requests,rejected_requests,termination,final_flow,final_replicas,replica_churn,pg_before,pg_seconds,pg_budget,pg_moves,pg_reason
static-n40-f5-s7-l1-r0,static,40,5,7,0,1.0,1,hierarchical-madea-pg,0,0096463547fc3f3ff7b33b3b7213de12907f313a3759b5c9c61ee09cea6b32c6,0,1003.4072477942054,True,10692.0,9408.0,1284.0,no progress after hierarchy and MADEA (UB/LB diff < tol) (it: 36; obj. deviation: 0.0; best it: 1; best centralized it: 14; total runtime: 2.750964874983765),59990ea6261b006223805397c28af9f3a3a230d82ce938c92877ab4bf859d468,9dd431b22acabeb098768a39660c7638ce54ffeef51ce69b6faea80e5b206f9b,,814.794600746575,0.6729690419742838,10.0,33.0,no improving proposal
static-n160-f10-s7-l1-r0,static,160,10,7,0,1.0,1,hierarchical-madea-pg,0,9819ccf5a9cc46f1d09f21bc4118327835c8a27ce0b69229307f6669e284b751,0,8587.048127509514,True,40944.0,33568.0,7376.0,reached time limit: 40.69750324997585 >= 40.0 (it: 43; obj. deviation: 0.0004592787862890169; best it: 43; best centralized it: 43; total runtime: 47.39605674997438),a7852be97e7f394028cba0bf3ef99342297e3b4f404e95d70ed2ae42de564189,af7c5a836e10ca0a227e841c42f16582fc607de967766033c116d52a5b5abcdb,,7249.037300089911,6.6985223749652505,39.30246562499087,153.0,no improving proposal
static-n160-f5-s42-l1-r0,static,160,5,42,0,1.0,1,hierarchical-madea-pg,0,e2380d3a3efaeb3bdc263192301b0c2818271101a3e6c998b83bbde0da31b3e7,0,4589.757654452,True,16280.0,13897.0,2383.0,no progress after hierarchy and MADEA (UB/LB diff < tol) (it: 50; obj. deviation: 0.0; best it: 0; best centralized it: 29; total runtime: 28.651415208005346),dc3e41829740aa56486d47c0feeede165560ec21f45f47abc7e50c5d6427771f,cbab9681eac4e4e695c7af3b5057bec13d23402a7b9760f149d2b080d4cba85c,,4323.734820581857,2.5971843330189586,40.0,125.0,no improving proposal
static-n40-f10-s42-l1-r0,static,40,10,42,0,1.0,1,hierarchical-madea-pg,0,dc4c314e508cf1780337e60f75a24a560c76241f52cfb2e54600f5272b1e7594,0,1447.8652571791429,True,9713.0,8478.0,1235.0,no progress after hierarchy and MADEA (UB/LB diff < tol) (it: 44; obj. deviation: 0.0; best it: 2; best centralized it: 21; total runtime: 4.55797162593808),8e83d62204afcdc108070fd21a4889adc8f1e82822f36e09b14fb1a6b835d16f,1cb172bdb25bff0a190f36a8ccb8f4961b8aef82fa35c98a1bdd3c6a4062de65,,1187.5450386249847,1.0176263339817524,10.0,44.0,no improving proposal
static-n80-f5-s99-l1-r0,static,80,5,99,0,1.0,1,hierarchical-madea-pg,0,943f1841092ed8cfe258cdb513d06b50a5b767d3642dbecedcf0fa1440efaaab,0,2012.389935123745,True,6692.0,5089.0,1603.0,no progress after hierarchy and MADEA (UB/LB diff < tol) (it: 97; obj. deviation: 0.0; best it: 0; best centralized it: 76; total runtime: 15.152895917068236),21ee1b51e86e3fb62a7d89565de83760cf01c10ef79b57d81f119a414f4cebb3,39d579dc75608be46730f00b8cc96c45c53fe2da73feffb7145e69f4de2cff82,,1693.0906804619406,0.7826841670321301,20.0,74.0,no improving proposal
static-n80-f10-s2026-l1-r0,static,80,10,2026,0,1.0,1,hierarchical-madea-pg,0,9b5ae2f9d332a8c26ee61542a92fb264066379a11f88661a7d4f299d6fe5e4dd,0,3613.2339464550287,True,16763.0,11979.0,4784.0,reached time limit: 20.005802707979456 >= 20.0 (it: 82; obj. deviation: 0.0; best it: 74; best centralized it: 74; total runtime: 21.994032667018473),e5b49e0d0706bf73165571aebd7ded042b440fb186b2aa7d56a385d154691ce2,36210fbb3a91cd110fc9f337f0b389562996e0f61bc663f55c9bd2fc6c91ba08,,3011.4474968182067,1.9882019170327112,19.99416925001424,81.0,no improving proposal
stress-n80-f10-s42-l1.5-r0,stress,80,10,42,0,1.5,1,hierarchical-madea-pg,0,3d8037489e00c18d5b5b368e469fc450aa87abaa29170acaef229b9af26f58a5,0,2910.6376066160806,True,33749.0,20885.0,12864.0,no progress after hierarchy and MADEA (UB/LB diff < tol) (it: 69; obj. deviation: 0.0; best it: 4; best centralized it: 44; total runtime: 20.274059624876827),f6f0e23bde54b0247f9719f930e449d3c881f867b06afbbf8831ce9acb8acd27,c82392ad2d8e809bc1e54d35c70b5d914408c2a69deac3066a5bbf9ed7c1bf3c,,2474.518971278997,2.5010897079482675,20.0,89.0,no improving proposal
temporal-n40-f10-s7-l0.75-r0,temporal,40,10,7,0,0.75,3,hierarchical-madea-pg,0,c9d99645084a255aec08f9710d4cdcb7cfce047033aea8db48f743c85449ca8c,0,1964.3380736229483,True,3640.0,3395.0,245.0,no progress after hierarchy and MADEA (UB/LB diff < tol) (it: 48; obj. deviation: 0.0; best it: 0; best centralized it: 27; total runtime: 4.451333665987477),c5e4d113950cc7f5800fa46a16c6bcc566a35859eec61568ea3dde0f0d790b19,f0591396722cc2616eebf0d45af809ad9eeb8bd0b0c7055c356255a1ae5e9594,,1765.0090485815708,0.5765735829481855,10.0,34.0,no improving proposal
temporal-n40-f10-s7-l0.75-r0,temporal,40,10,7,0,0.75,3,hierarchical-madea-pg,0,c9d99645084a255aec08f9710d4cdcb7cfce047033aea8db48f743c85449ca8c,1,1676.9934102727657,True,6088.0,5004.0,1084.0,no progress after hierarchy and MADEA (UB/LB diff < tol) (it: 39; obj. deviation: 0.0; best it: 1; best centralized it: 17; total runtime: 4.125930708134547),40ed5a82594c281209eb406369d9804d208c11319f8febdd12efcac5ae92fcf0,96d3376908129a1e17edf5019d326d765aa32fca90267dcf02d70e6abc946a98,1112.0,1537.2311991220156,0.6855292500695214,10.0,39.0,no improving proposal
temporal-n40-f10-s7-l0.75-r0,temporal,40,10,7,0,0.75,3,hierarchical-madea-pg,0,c9d99645084a255aec08f9710d4cdcb7cfce047033aea8db48f743c85449ca8c,2,1804.432939393246,True,4880.0,4265.0,615.0,no progress after hierarchy and MADEA (UB/LB diff < tol) (it: 118; obj. deviation: 0.0; best it: 23; best centralized it: 74; total runtime: 9.509874707087874),ea6b087ac9b9521e70156bd9bff91f024aae3e6dc49b562ccc0ceaf564d6d21d,5937c61298f3abc35ff8125e3edc4324404a05f1b9931951daeafa79b2bb7f7f,738.0,1588.8728107928332,0.6260455410229042,10.0,39.0,no improving proposal
