instance,step,model,node,gain_floor,gain_x,margin
2026-06-30_13-54-13.841040,0,LoadManagementModel,1,0.22155688622754494,0.22155688622754494,0.0
2026-06-30_13-54-13.841040,0,LoadManagementModel,2,0.8862275449101797,0.8862275449101797,0.0
2026-06-30_13-54-13.841040,0,LoadManagementModel,3,2.185185185185185,2.185185185185185,0.0
2026-06-30_13-54-13.841040,0,LoadManagementModel,4,2.217391304347826,1.394014447884417,-0.8233768564634092
2026-06-30_13-54-13.841040,0,LoadManagementModel,5,2.1662063841284547,2.1662063841284547,0.0
2026-06-30_13-54-13.841040,0,LoadManagementModel,6,3.0,2.967248062015504,-0.03275193798449605
2026-06-30_13-54-13.841040,0,LoadManagementModel,7,3.0,2.0638297872340425,-0.9361702127659575
2026-06-30_13-54-13.841040,0,LoadManagementModel,8,3.0,3.0,0.0
2026-06-30_13-54-13.841040,0,LoadManagementModel,9,3.0,3.0,0.0
2026-06-30_13-54-13.841040,0,LoadManagementModel,10,3.0,3.0,0.0
2026-06-30_13-54-13.841040,0,SelfishLoadManagementModel,1,0.22155688622754494,0.22155688622754494,0.0
2026-06-30_13-54-13.841040,0,SelfishLoadManagementModel,2,0.8862275449101797,0.8862275449101797,0.0
2026-06-30_13-54-13.841040,0,SelfishLoadManagementModel,3,2.185185185185185,2.1892519069938423,0.004066721808657192
2026-06-30_13-54-13.841040,0,SelfishLoadManagementModel,4,2.217391304347826,2.217902813299233,0.000511508951406725
2026-06-30_13-54-13.841040,0,SelfishLoadManagementModel,5,2.1662063841284547,2.1748523622047244,0.008645978076269767
2026-06-30_13-54-13.841040,0,SelfishLoadManagementModel,6,3.0,3.0,0.0
2026-06-30_13-54-13.841040,0,SelfishLoadManagementModel,7,3.0,3.0,0.0
2026-06-30_13-54-13.841040,0,SelfishLoadManagementModel,8,3.0,3.0,0.0
2026-06-30_13-54-13.841040,0,SelfishLoadManagementModel,9,3.0,3.0,0.0
2026-06-30_13-54-13.841040,0,SelfishLoadManagementModel,10,3.0,3.0,0.0
2026-06-30_13-54-13.841040,50,LoadManagementModel,1,0.2028985507246377,0.2028985507246377,0.0
2026-06-30_13-54-13.841040,50,LoadManagementModel,2,1.1927912087912087,1.1538461538461537,-0.03894505494505496
2026-06-30_13-54-13.841040,50,LoadManagementModel,3,2.0263045999226903,1.8153846153846154,-0.21091998453807492
2026-06-30_13-54-13.841040,50,LoadManagementModel,4,2.4671184738955825,1.6686746987951806,-0.7984437751004019
2026-06-30_13-54-13.841040,50,LoadManagementModel,5,2.6271186440677967,2.6505688414209425,0.023450197353145796
2026-06-30_13-54-13.841040,50,LoadManagementModel,6,2.6884328358208953,2.7224295190713104,0.03399668325041505
2026-06-30_13-54-13.841040,50,LoadManagementModel,7,3.0,3.0,0.0
2026-06-30_13-54-13.841040,50,LoadManagementModel,8,3.0,3.0,0.0
2026-06-30_13-54-13.841040,50,LoadManagementModel,9,3.0,3.0,0.0
2026-06-30_13-54-13.841040,50,LoadManagementModel,10,3.0,3.0,0.0
2026-06-30_13-54-13.841040,50,SelfishLoadManagementModel,1,0.2028985507246377,0.2028985507246377,0.0
2026-06-30_13-54-13.841040,50,SelfishLoadManagementModel,2,1.1927912087912087,1.1927912087912087,0.0
2026-06-30_13-54-13.841040,50,SelfishLoadManagementModel,3,2.0263045999226903,2.028604561267878,0.0022999613451877288
2026-06-30_13-54-13.841040,50,SelfishLoadManagementModel,4,2.4671184738955825,2.4671184738955825,0.0
2026-06-30_13-54-13.841040,50,SelfishLoadManagementModel,5,2.6271186440677967,2.6545286016949152,0.02740995762711851
2026-06-30_13-54-13.841040,50,SelfishLoadManagementModel,6,2.6884328358208953,2.7224295190713104,0.03399668325041505
2026-06-30_13-54-13.841040,50,SelfishLoadManagementModel,7,3.0,3.0,0.0
2026-06-30_13-54-13.841040,50,SelfishLoadManagementModel,8,3.0,3.0,0.0
2026-06-30_13-54-13.841040,50,SelfishLoadManagementModel,9,3.0,3.0,0.0
2026-06-30_13-54-13.841040,50,SelfishLoadManagementModel,10,3.0,3.0,0.0
2026-06-30_13-54-13.841040,75,LoadManagementModel,1,0.34146341463414637,0.34146341463414637,0.0
2026-06-30_13-54-13.841040,75,LoadManagementModel,2,1.6483551580964546,1.6483551580964546,0.0
2026-06-30_13-54-13.841040,75,LoadManagementModel,3,2.3726761043834212,2.0,-0.37267610438342125
2026-06-30_13-54-13.841040,75,LoadManagementModel,4,2.087486157253599,1.9487179487179487,-0.13876820853565053
2026-06-30_13-54-13.841040,75,LoadManagementModel,5,1.3447181171319103,1.5555555555555556,0.21083743842364533
2026-06-30_13-54-13.841040,75,LoadManagementModel,6,3.0,3.0,0.0
2026-06-30_13-54-13.841040,75,LoadManagementModel,7,3.0,3.0,0.0
2026-06-30_13-54-13.841040,75,LoadManagementModel,8,3.0,3.0,0.0
2026-06-30_13-54-13.841040,75,LoadManagementModel,9,3.0,3.0,0.0
2026-06-30_13-54-13.841040,75,LoadManagementModel,10,3.0,3.0,0.0
2026-06-30_13-54-13.841040,75,SelfishLoadManagementModel,1,0.34146341463414637,0.34146341463414637,0.0
2026-06-30_13-54-13.841040,75,SelfishLoadManagementModel,2,1.6483551580964546,1.6483551580964546,0.0
2026-06-30_13-54-13.841040,75,SelfishLoadManagementModel,3,2.3726761043834212,2.3726761043834212,0.0
2026-06-30_13-54-13.841040,75,SelfishLoadManagementModel,4,2.087486157253599,2.087486157253599,0.0
2026-06-30_13-54-13.841040,75,SelfishLoadManagementModel,5,1.3447181171319103,1.5555555555555556,0.21083743842364533
2026-06-30_13-54-13.841040,75,SelfishLoadManagementModel,6,3.0,3.0,0.0
2026-06-30_13-54-13.841040,75,SelfishLoadManagementModel,7,3.0,3.0,0.0
2026-06-30_13-54-13.841040,75,SelfishLoadManagementModel,8,3.0,3.0,0.0
2026-06-30_13-54-13.841040,75,SelfishLoadManagementModel,9,3.0,3.0,0.0
2026-06-30_13-54-13.841040,75,SelfishLoadManagementModel,10,3.0,3.0,0.0
2026-06-30_15-07-20.999765,0,LoadManagementModel,1,0.17133333333333334,0.17133333333333334,0.0
2026-06-30_15-07-20.999765,0,LoadManagementModel,2,0.16231578947368422,0.17090163934426228,0.00858584987057806
2026-06-30_15-07-20.999765,0,LoadManagementModel,3,0.771,0.771,0.0
2026-06-30_15-07-20.999765,0,LoadManagementModel,4,0.6939,0.6804761904761905,-0.013423809523809505
2026-06-30_15-07-20.999765,0,LoadManagementModel,5,1.7109428334714167,0.771,-0.9399428334714167
2026-06-30_15-07-20.999765,0,LoadManagementModel,6,1.7343956043956044,0.721,-1.0133956043956043
2026-06-30_15-07-20.999765,0,LoadManagementModel,7,1.7441614123581335,1.6878461538461538,-0.056315258511979716
2026-06-30_15-07-20.999765,0,LoadManagementModel,8,1.6874687499999999,1.6769375000000002,-0.010531249999999659
2026-06-30_15-07-20.999765,0,LoadManagementModel,9,1.8155344827586206,1.7785689655172414,-0.0369655172413792
2026-06-30_15-07-20.999765,0,LoadManagementModel,10,1.642504761904762,1.466,-0.17650476190476194
2026-06-30_15-07-20.999765,0,LoadManagementModel,11,1.7822511052166226,1.7822511052166226,0.0
2026-06-30_15-07-20.999765,0,LoadManagementModel,12,2.187,2.187,0.0
2026-06-30_15-07-20.999765,0,LoadManagementModel,13,2.187,2.187,0.0
2026-06-30_15-07-20.999765,0,LoadManagementModel,14,2.187,2.187,0.0
2026-06-30_15-07-20.999765,0,LoadManagementModel,15,2.187,2.187,0.0
2026-06-30_15-07-20.999765,0,LoadManagementModel,16,2.187,1.537736842105263,-0.6492631578947368
2026-06-30_15-07-20.999765,0,LoadManagementModel,17,2.187,2.187,0.0
2026-06-30_15-07-20.999765,0,LoadManagementModel,18,2.187,2.187,0.0
2026-06-30_15-07-20.999765,0,LoadManagementModel,19,2.187,2.187,0.0
2026-06-30_15-07-20.999765,0,LoadManagementModel,20,2.187,2.187,0.0
2026-06-30_15-07-20.999765,0,SelfishLoadManagementModel,1,0.17133333333333334,0.17133333333333334,0.0
2026-06-30_15-07-20.999765,0,SelfishLoadManagementModel,2,0.16231578947368422,0.17090163934426228,0.00858584987057806
2026-06-30_15-07-20.999765,0,SelfishLoadManagementModel,3,0.771,0.771,0.0
2026-06-30_15-07-20.999765,0,SelfishLoadManagementModel,4,0.6939,0.6939,0.0
2026-06-30_15-07-20.999765,0,SelfishLoadManagementModel,5,1.7109428334714167,1.7109428334714167,0.0
2026-06-30_15-07-20.999765,0,SelfishLoadManagementModel,6,1.7343956043956044,1.7343956043956044,0.0
2026-06-30_15-07-20.999765,0,SelfishLoadManagementModel,7,1.7441614123581335,1.7610357292980243,0.016874316939890832
2026-06-30_15-07-20.999765,0,SelfishLoadManagementModel,8,1.6874687499999999,1.6874687499999999,0.0
2026-06-30_15-07-20.999765,0,SelfishLoadManagementModel,9,1.8155344827586206,1.8155344827586206,0.0
2026-06-30_15-07-20.999765,0,SelfishLoadManagementModel,10,1.642504761904762,1.642504761904762,0.0
2026-06-30_15-07-20.999765,0,SelfishLoadManagementModel,11,1.7822511052166226,1.7822511052166226,0.0
2026-06-30_15-07-20.999765,0,SelfishLoadManagementModel,12,2.187,2.187,0.0
2026-06-30_15-07-20.999765,0,SelfishLoadManagementModel,13,2.187,2.187,0.0
2026-06-30_15-07-20.999765,0,SelfishLoadManagementModel,14,2.187,2.187,0.0
2026-06-30_15-07-20.999765,0,SelfishLoadManagementModel,15,2.187,2.187,0.0
2026-06-30_15-07-20.999765,0,SelfishLoadManagementModel,16,2.187,2.187,0.0
2026-06-30_15-07-20.999765,0,SelfishLoadManagementModel,17,2.187,2.187,0.0
2026-06-30_15-07-20.999765,0,SelfishLoadManagementModel,18,2.187,2.187,0.0
2026-06-30_15-07-20.999765,0,SelfishLoadManagementModel,19,2.187,2.187,0.0
2026-06-30_15-07-20.999765,0,SelfishLoadManagementModel,20,2.187,2.187,0.0
2026-06-30_15-07-20.999765,50,LoadManagementModel,1,0.28036363636363637,0.28036363636363637,0.0
2026-06-30_15-07-20.999765,50,LoadManagementModel,2,0.24033333333333332,0.2056,-0.03473333333333331
2026-06-30_15-07-20.999765,50,LoadManagementModel,3,1.2425842105263158,1.2425842105263158,0.0
2026-06-30_15-07-20.999765,50,LoadManagementModel,4,0.8833157894736842,0.6898421052631579,-0.19347368421052624
2026-06-30_15-07-20.999765,50,LoadManagementModel,5,1.836263736263736,0.721,-1.1152637362637359
2026-06-30_15-07-20.999765,50,LoadManagementModel,6,1.7046773177317731,0.721,-0.9836773177317731
2026-06-30_15-07-20.999765,50,LoadManagementModel,7,1.6014007936507937,1.3584404761904763,-0.24296031746031743
2026-06-30_15-07-20.999765,50,LoadManagementModel,8,2.063447552447552,1.4659999999999997,-0.5974475524475524
2026-06-30_15-07-20.999765,50,LoadManagementModel,9,1.9715613725896741,1.9655439560439558,-0.0060174165457183015
2026-06-30_15-07-20.999765,50,LoadManagementModel,10,1.8264999999999998,1.6462499999999998,-0.18025000000000002
2026-06-30_15-07-20.999765,50,LoadManagementModel,11,1.7737032085561497,1.5508235294117645,-0.22287967914438522
2026-06-30_15-07-20.999765,50,LoadManagementModel,12,2.1110664961636827,2.1057821824381926,-0.005284313725490097
2026-06-30_15-07-20.999765,50,LoadManagementModel,13,2.07025811965812,2.04955811965812,-0.02069999999999972
2026-06-30_15-07-20.999765,50,LoadManagementModel,14,2.187,2.187,0.0
2026-06-30_15-07-20.999765,50,LoadManagementModel,15,2.187,2.187,0.0
2026-06-30_15-07-20.999765,50,LoadManagementModel,16,2.187,1.6262222222222222,-0.5607777777777776
2026-06-30_15-07-20.999765,50,LoadManagementModel,17,2.187,2.187,0.0
2026-06-30_15-07-20.999765,50,LoadManagementModel,18,2.187,2.187,0.0
2026-06-30_15-07-20.999765,50,LoadManagementModel,19,2.187,2.187,0.0
2026-06-30_15-07-20.999765,50,LoadManagementModel,20,2.187,2.187,0.0
2026-06-30_15-07-20.999765,50,SelfishLoadManagementModel,1,0.28036363636363637,0.28036363636363637,0.0
2026-06-30_15-07-20.999765,50,SelfishLoadManagementModel,2,0.24033333333333332,0.24033333333333332,0.0
2026-06-30_15-07-20.999765,50,SelfishLoadManagementModel,3,1.2425842105263158,1.2425842105263158,0.0
2026-06-30_15-07-20.999765,50,SelfishLoadManagementModel,4,0.8833157894736842,0.8833157894736842,0.0
2026-06-30_15-07-20.999765,50,SelfishLoadManagementModel,5,1.836263736263736,1.836263736263736,0.0
2026-06-30_15-07-20.999765,50,SelfishLoadManagementModel,6,1.7046773177317731,1.7046773177317731,0.0
2026-06-30_15-07-20.999765,50,SelfishLoadManagementModel,7,1.6014007936507937,1.6014007936507937,0.0
2026-06-30_15-07-20.999765,50,SelfishLoadManagementModel,8,2.063447552447552,2.063447552447552,0.0
2026-06-30_15-07-20.999765,50,SelfishLoadManagementModel,9,1.9715613725896741,1.9715613725896741,0.0
2026-06-30_15-07-20.999765,50,SelfishLoadManagementModel,10,1.8264999999999998,1.8264999999999998,0.0
2026-06-30_15-07-20.999765,50,SelfishLoadManagementModel,11,1.7737032085561497,1.7737032085561497,0.0
2026-06-30_15-07-20.999765,50,SelfishLoadManagementModel,12,2.1110664961636827,2.1110664961636827,0.0
2026-06-30_15-07-20.999765,50,SelfishLoadManagementModel,13,2.07025811965812,2.07025811965812,0.0
2026-06-30_15-07-20.999765,50,SelfishLoadManagementModel,14,2.187,2.187,0.0
2026-06-30_15-07-20.999765,50,SelfishLoadManagementModel,15,2.187,2.187,0.0
2026-06-30_15-07-20.999765,50,SelfishLoadManagementModel,16,2.187,2.187,0.0
2026-06-30_15-07-20.999765,50,SelfishLoadManagementModel,17,2.187,2.187,0.0
2026-06-30_15-07-20.999765,50,SelfishLoadManagementModel,18,2.187,2.187,0.0
2026-06-30_15-07-20.999765,50,SelfishLoadManagementModel,19,2.187,2.187,0.0
2026-06-30_15-07-20.999765,50,SelfishLoadManagementModel,20,2.187,2.187,0.0
2026-06-30_15-07-20.999765,75,LoadManagementModel,1,0.309,0.309,0.0
2026-06-30_15-07-20.999765,75,LoadManagementModel,2,0.3066176470588235,0.0,-0.3066176470588235
2026-06-30_15-07-20.999765,75,LoadManagementModel,3,0.771,0.7739659442724458,0.0029659442724457863
2026-06-30_15-07-20.999765,75,LoadManagementModel,4,0.7109761904761904,0.721,0.010023809523809546
2026-06-30_15-07-20.999765,75,LoadManagementModel,5,1.5367922209369576,0.6949999999999998,-0.8417922209369577
2026-06-30_15-07-20.999765,75,LoadManagementModel,6,1.7357012987012985,0.771,-0.9647012987012985
2026-06-30_15-07-20.999765,75,LoadManagementModel,7,1.5986865079365078,1.5962301587301586,-0.0024563492063491843
2026-06-30_15-07-20.999765,75,LoadManagementModel,8,1.9307443609022554,1.7123714285714284,-0.218372932330827
2026-06-30_15-07-20.999765,75,LoadManagementModel,9,2.0071176470588235,1.8972941176470588,-0.10982352941176465
2026-06-30_15-07-20.999765,75,LoadManagementModel,10,2.0139093406593407,1.9546016483516482,-0.059307692307692506
2026-06-30_15-07-20.999765,75,LoadManagementModel,11,2.0521492537313435,2.0521492537313435,0.0
2026-06-30_15-07-20.999765,75,LoadManagementModel,12,2.187,2.187,0.0
2026-06-30_15-07-20.999765,75,LoadManagementModel,13,2.0134231190958163,2.0134231190958163,0.0
2026-06-30_15-07-20.999765,75,LoadManagementModel,14,2.187,2.187,0.0
2026-06-30_15-07-20.999765,75,LoadManagementModel,15,2.187,2.187,0.0
2026-06-30_15-07-20.999765,75,LoadManagementModel,16,2.187,1.492,-0.6949999999999998
2026-06-30_15-07-20.999765,75,LoadManagementModel,17,2.187,2.187,0.0
2026-06-30_15-07-20.999765,75,LoadManagementModel,18,2.187,2.187,0.0
2026-06-30_15-07-20.999765,75,LoadManagementModel,19,2.187,2.187,0.0
2026-06-30_15-07-20.999765,75,LoadManagementModel,20,2.187,2.187,0.0
2026-06-30_15-07-20.999765,75,SelfishLoadManagementModel,1,0.309,0.309,0.0
2026-06-30_15-07-20.999765,75,SelfishLoadManagementModel,2,0.3066176470588235,0.3066176470588235,0.0
2026-06-30_15-07-20.999765,75,SelfishLoadManagementModel,3,0.771,0.7739659442724458,0.0029659442724457863
2026-06-30_15-07-20.999765,75,SelfishLoadManagementModel,4,0.7109761904761904,0.721,0.010023809523809546
2026-06-30_15-07-20.999765,75,SelfishLoadManagementModel,5,1.5367922209369576,1.5367922209369576,0.0
2026-06-30_15-07-20.999765,75,SelfishLoadManagementModel,6,1.7357012987012985,1.7357012987012985,0.0
2026-06-30_15-07-20.999765,75,SelfishLoadManagementModel,7,1.5986865079365078,1.6362857142857141,0.03759920634920633
2026-06-30_15-07-20.999765,75,SelfishLoadManagementModel,8,1.9307443609022554,1.9307443609022554,0.0
2026-06-30_15-07-20.999765,75,SelfishLoadManagementModel,9,2.0071176470588235,2.0071176470588235,0.0
2026-06-30_15-07-20.999765,75,SelfishLoadManagementModel,10,2.0139093406593407,2.0139093406593407,0.0
2026-06-30_15-07-20.999765,75,SelfishLoadManagementModel,11,2.0521492537313435,2.0521492537313435,0.0
2026-06-30_15-07-20.999765,75,SelfishLoadManagementModel,12,2.187,2.187,0.0
2026-06-30_15-07-20.999765,75,SelfishLoadManagementModel,13,2.0134231190958163,2.0134231190958163,0.0
2026-06-30_15-07-20.999765,75,SelfishLoadManagementModel,14,2.187,2.187,0.0
2026-06-30_15-07-20.999765,75,SelfishLoadManagementModel,15,2.187,2.187,0.0
2026-06-30_15-07-20.999765,75,SelfishLoadManagementModel,16,2.187,2.187,0.0
2026-06-30_15-07-20.999765,75,SelfishLoadManagementModel,17,2.187,2.187,0.0
2026-06-30_15-07-20.999765,75,SelfishLoadManagementModel,18,2.187,2.187,0.0
2026-06-30_15-07-20.999765,75,SelfishLoadManagementModel,19,2.187,2.187,0.0
2026-06-30_15-07-20.999765,75,SelfishLoadManagementModel,20,2.187,2.187,0.0
2026-06-30_15-11-12.143728,0,LoadManagementModel,1,0.17319354838709677,0.16480230414746544,-0.008391244239631335
2026-06-30_15-11-12.143728,0,LoadManagementModel,2,0.171808,0.171808,0.0
2026-06-30_15-11-12.143728,0,LoadManagementModel,3,0.6631954887218046,0.6983720930232559,0.03517660430145131
2026-06-30_15-11-12.143728,0,LoadManagementModel,4,0.7113306451612903,0.7113306451612903,0.0
2026-06-30_15-11-12.143728,0,LoadManagementModel,5,1.6484930555555555,1.42,-0.22849305555555555
2026-06-30_15-11-12.143728,0,LoadManagementModel,6,1.7483382319434952,1.745134768740032,-0.0032034632034632082
2026-06-30_15-11-12.143728,0,LoadManagementModel,7,1.5809393939393939,1.5978581027667982,0.016918708827404316
2026-06-30_15-11-12.143728,0,LoadManagementModel,8,1.6369643527204503,1.469528455284553,-0.16743589743589737
2026-06-30_15-11-12.143728,0,LoadManagementModel,9,1.6394458989898988,1.6283554747474747,-0.011090424242424124
2026-06-30_15-11-12.143728,0,LoadManagementModel,10,1.7788181818181819,1.5809393939393939,-0.197878787878788
2026-06-30_15-11-12.143728,0,LoadManagementModel,11,1.6205151515151517,1.631128787878788,0.010613636363636214
2026-06-30_15-11-12.143728,0,LoadManagementModel,12,2.1350000000000002,2.1350000000000002,0.0
2026-06-30_15-11-12.143728,0,LoadManagementModel,13,2.1350000000000002,2.1350000000000002,0.0
2026-06-30_15-11-12.143728,0,LoadManagementModel,14,2.1350000000000002,2.1350000000000002,0.0
2026-06-30_15-11-12.143728,0,LoadManagementModel,15,2.135,1.5809393939393939,-0.5540606060606059
2026-06-30_15-11-12.143728,0,LoadManagementModel,16,2.1350000000000002,2.119111111111111,-0.015888888888889063
2026-06-30_15-11-12.143728,0,LoadManagementModel,17,2.1350000000000002,2.1350000000000002,0.0
2026-06-30_15-11-12.143728,0,LoadManagementModel,18,2.1350000000000002,2.1350000000000002,0.0
2026-06-30_15-11-12.143728,0,LoadManagementModel,19,2.1350000000000002,2.1350000000000002,0.0
2026-06-30_15-11-12.143728,0,LoadManagementModel,20,2.1350000000000002,2.1350000000000002,0.0
2026-06-30_15-11-12.143728,0,SelfishLoadManagementModel,1,0.17319354838709677,0.1732942396313364,0.00010069124423961462
2026-06-30_15-11-12.143728,0,SelfishLoadManagementModel,2,0.171808,0.171808,0.0
2026-06-30_15-11-12.143728,0,SelfishLoadManagementModel,3,0.6631954887218046,0.6983720930232559,0.03517660430145131
2026-06-30_15-11-12.143728,0,SelfishLoadManagementModel,4,0.7113306451612903,0.7113306451612903,0.0
2026-06-30_15-11-12.143728,0,SelfishLoadManagementModel,5,1.6484930555555555,1.6511319444444443,0.0026388888888888573
2026-06-30_15-11-12.143728,0,SelfishLoadManagementModel,6,1.7483382319434952,1.7483382319434952,0.0
2026-06-30_15-11-12.143728,0,SelfishLoadManagementModel,7,1.5809393939393939,1.5978581027667982,0.016918708827404316
2026-06-30_15-11-12.143728,0,SelfishLoadManagementModel,8,1.6369643527204503,1.6369643527204503,0.0
2026-06-30_15-11-12.143728,0,SelfishLoadManagementModel,9,1.6394458989898988,1.6430519595959598,0.0036060606060610567
2026-06-30_15-11-12.143728,0,SelfishLoadManagementModel,10,1.7788181818181819,1.7788181818181819,0.0
2026-06-30_15-11-12.143728,0,SelfishLoadManagementModel,11,1.6205151515151517,1.6325681818181819,0.012053030303030177
2026-06-30_15-11-12.143728,0,SelfishLoadManagementModel,12,2.1350000000000002,2.1350000000000002,0.0
2026-06-30_15-11-12.143728,0,SelfishLoadManagementModel,13,2.1350000000000002,2.1350000000000002,0.0
2026-06-30_15-11-12.143728,0,SelfishLoadManagementModel,14,2.1350000000000002,2.1350000000000002,0.0
2026-06-30_15-11-12.143728,0,SelfishLoadManagementModel,15,2.135,2.135,0.0
2026-06-30_15-11-12.143728,0,SelfishLoadManagementModel,16,2.1350000000000002,2.1350000000000002,0.0
2026-06-30_15-11-12.143728,0,SelfishLoadManagementModel,17,2.1350000000000002,2.1350000000000002,0.0
2026-06-30_15-11-12.143728,0,SelfishLoadManagementModel,18,2.1350000000000002,2.1350000000000002,0.0
2026-06-30_15-11-12.143728,0,SelfishLoadManagementModel,19,2.1350000000000002,2.1350000000000002,0.0
2026-06-30_15-11-12.143728,0,SelfishLoadManagementModel,20,2.1350000000000002,2.1350000000000002,0.0
2026-06-30_15-11-12.143728,50,LoadManagementModel,1,0.2863466666666667,0.26407034482758623,-0.02227632183908046
2026-06-30_15-11-12.143728,50,LoadManagementModel,2,0.25535714285714284,0.24262535014005598,-0.012731792717086854
2026-06-30_15-11-12.143728,50,LoadManagementModel,3,1.1618259557344064,1.158327922077922,-0.0034980336564844894
2026-06-30_15-11-12.143728,50,LoadManagementModel,4,0.6945275590551181,0.653,-0.04152755905511807
2026-06-30_15-11-12.143728,50,LoadManagementModel,5,2.135,2.0771763513513513,-0.05782364864864853
2026-06-30_15-11-12.143728,50,LoadManagementModel,6,1.9585135135135134,1.8848662162162162,-0.07364729729729724
2026-06-30_15-11-12.143728,50,LoadManagementModel,7,1.7843214285714286,1.6755989583333335,-0.10872247023809511
2026-06-30_15-11-12.143728,50,LoadManagementModel,8,1.5858314393939394,1.4522083333333333,-0.13362310606060612
2026-06-30_15-11-12.143728,50,LoadManagementModel,9,2.106592592592593,2.106592592592593,0.0
2026-06-30_15-11-12.143728,50,LoadManagementModel,10,1.9529022503516174,0.8623333333333334,-1.090568917018284
2026-06-30_15-11-12.143728,50,LoadManagementModel,11,1.7845954870665934,1.6426389653274631,-0.14195652173913031
2026-06-30_15-11-12.143728,50,LoadManagementModel,12,2.135,2.135,0.0
2026-06-30_15-11-12.143728,50,LoadManagementModel,13,2.1350000000000002,2.1350000000000002,0.0
2026-06-30_15-11-12.143728,50,LoadManagementModel,14,2.135,2.1261839080459772,-0.008816091954022554
2026-06-30_15-11-12.143728,50,LoadManagementModel,15,2.070645415084102,1.2539484536082475,-0.8166969614758546
2026-06-30_15-11-12.143728,50,LoadManagementModel,16,2.1350000000000002,2.1350000000000002,0.0
2026-06-30_15-11-12.143728,50,LoadManagementModel,17,2.135,2.135,0.0
2026-06-30_15-11-12.143728,50,LoadManagementModel,18,2.1350000000000002,2.1350000000000002,0.0
2026-06-30_15-11-12.143728,50,LoadManagementModel,19,2.135,2.135,0.0
2026-06-30_15-11-12.143728,50,LoadManagementModel,20,2.135,2.135,0.0
2026-06-30_15-11-12.143728,50,SelfishLoadManagementModel,1,0.2863466666666667,0.2863466666666667,0.0
2026-06-30_15-11-12.143728,50,SelfishLoadManagementModel,2,0.25535714285714284,0.25535714285714284,0.0
2026-06-30_15-11-12.143728,50,SelfishLoadManagementModel,3,1.1618259557344064,1.1618259557344064,0.0
2026-06-30_15-11-12.143728,50,SelfishLoadManagementModel,4,0.6945275590551181,0.6952755905511812,0.0007480314960630619
2026-06-30_15-11-12.143728,50,SelfishLoadManagementModel,5,2.135,2.135,0.0
2026-06-30_15-11-12.143728,50,SelfishLoadManagementModel,6,1.9585135135135134,1.9585135135135134,0.0
2026-06-30_15-11-12.143728,50,SelfishLoadManagementModel,7,1.7843214285714286,1.7843214285714286,0.0
2026-06-30_15-11-12.143728,50,SelfishLoadManagementModel,8,1.5858314393939394,1.5858314393939394,0.0
2026-06-30_15-11-12.143728,50,SelfishLoadManagementModel,9,2.106592592592593,2.106592592592593,0.0
2026-06-30_15-11-12.143728,50,SelfishLoadManagementModel,10,1.9529022503516174,1.9529022503516174,0.0
2026-06-30_15-11-12.143728,50,SelfishLoadManagementModel,11,1.7845954870665934,1.7845954870665934,0.0
2026-06-30_15-11-12.143728,50,SelfishLoadManagementModel,12,2.135,2.135,0.0
2026-06-30_15-11-12.143728,50,SelfishLoadManagementModel,13,2.1350000000000002,2.1350000000000002,0.0
2026-06-30_15-11-12.143728,50,SelfishLoadManagementModel,14,2.135,2.135,0.0
2026-06-30_15-11-12.143728,50,SelfishLoadManagementModel,15,2.070645415084102,2.070645415084102,0.0
2026-06-30_15-11-12.143728,50,SelfishLoadManagementModel,16,2.1350000000000002,2.1350000000000002,0.0
2026-06-30_15-11-12.143728,50,SelfishLoadManagementModel,17,2.135,2.135,0.0
2026-06-30_15-11-12.143728,50,SelfishLoadManagementModel,18,2.1350000000000002,2.1350000000000002,0.0
2026-06-30_15-11-12.143728,50,SelfishLoadManagementModel,19,2.135,2.135,0.0
2026-06-30_15-11-12.143728,50,SelfishLoadManagementModel,20,2.135,2.135,0.0
2026-06-30_15-11-12.143728,75,LoadManagementModel,1,0.1832777777777778,0.1900238095238095,0.006746031746031722
2026-06-30_15-11-12.143728,75,LoadManagementModel,2,0.24404545454545457,0.25417550505050507,0.010130050505050503
2026-06-30_15-11-12.143728,75,LoadManagementModel,3,0.767,0.7619288762446658,-0.00507112375533425
2026-06-30_15-11-12.143728,75,LoadManagementModel,4,0.767,0.715,-0.052000000000000046
2026-06-30_15-11-12.143728,75,LoadManagementModel,5,1.5118846153846155,0.653,-0.8588846153846155
2026-06-30_15-11-12.143728,75,LoadManagementModel,6,1.3985967908902692,1.3629573180442747,-0.03563947284599456
2026-06-30_15-11-12.143728,75,LoadManagementModel,7,1.591844111969112,1.564315476190476,-0.027528635778635957
2026-06-30_15-11-12.143728,75,LoadManagementModel,8,1.7700882352941179,1.7700882352941179,0.0
2026-06-30_15-11-12.143728,75,LoadManagementModel,9,1.3019593613933238,1.3250920386562357,0.023132677262911905
2026-06-30_15-11-12.143728,75,LoadManagementModel,10,2.065035714285714,2.065035714285714,0.0
2026-06-30_15-11-12.143728,75,LoadManagementModel,11,1.7595250000000002,1.7268750000000002,-0.03265000000000007
2026-06-30_15-11-12.143728,75,LoadManagementModel,12,2.1350000000000002,2.1350000000000002,0.0
2026-06-30_15-11-12.143728,75,LoadManagementModel,13,2.135,2.135,0.0
2026-06-30_15-11-12.143728,75,LoadManagementModel,14,2.135,2.135,0.0
2026-06-30_15-11-12.143728,75,LoadManagementModel,15,2.135,1.6778688524590164,-0.4571311475409834
2026-06-30_15-11-12.143728,75,LoadManagementModel,16,2.135,1.967953488372093,-0.16704651162790674
2026-06-30_15-11-12.143728,75,LoadManagementModel,17,2.135,2.135,0.0
2026-06-30_15-11-12.143728,75,LoadManagementModel,18,2.135,2.135,0.0
2026-06-30_15-11-12.143728,75,LoadManagementModel,19,2.135,2.135,0.0
2026-06-30_15-11-12.143728,75,LoadManagementModel,20,2.135,2.135,0.0
2026-06-30_15-11-12.143728,75,SelfishLoadManagementModel,1,0.1832777777777778,0.20285714285714285,0.019579365079365058
2026-06-30_15-11-12.143728,75,SelfishLoadManagementModel,2,0.24404545454545457,0.25417550505050507,0.010130050505050503
2026-06-30_15-11-12.143728,75,SelfishLoadManagementModel,3,0.767,0.767,0.0
2026-06-30_15-11-12.143728,75,SelfishLoadManagementModel,4,0.767,0.767,0.0
2026-06-30_15-11-12.143728,75,SelfishLoadManagementModel,5,1.5118846153846155,1.5340797373358348,0.02219512195121931
2026-06-30_15-11-12.143728,75,SelfishLoadManagementModel,6,1.3985967908902692,1.4004652114190157,0.0018684205287464728
2026-06-30_15-11-12.143728,75,SelfishLoadManagementModel,7,1.591844111969112,1.605404761904762,0.013560649935649982
2026-06-30_15-11-12.143728,75,SelfishLoadManagementModel,8,1.7700882352941179,1.7702426470588235,0.0001544117647056531
2026-06-30_15-11-12.143728,75,SelfishLoadManagementModel,9,1.3019593613933238,1.309165209387943,0.007205847994619097
2026-06-30_15-11-12.143728,75,SelfishLoadManagementModel,10,2.065035714285714,2.065035714285714,0.0
2026-06-30_15-11-12.143728,75,SelfishLoadManagementModel,11,1.7595250000000002,1.7597500000000001,0.0002249999999999197
2026-06-30_15-11-12.143728,75,SelfishLoadManagementModel,12,2.1350000000000002,2.1350000000000002,0.0
2026-06-30_15-11-12.143728,75,SelfishLoadManagementModel,13,2.135,2.135,0.0
2026-06-30_15-11-12.143728,75,SelfishLoadManagementModel,14,2.135,2.135,0.0
2026-06-30_15-11-12.143728,75,SelfishLoadManagementModel,15,2.135,2.135,0.0
2026-06-30_15-11-12.143728,75,SelfishLoadManagementModel,16,2.135,2.135,0.0
2026-06-30_15-11-12.143728,75,SelfishLoadManagementModel,17,2.135,2.135,0.0
2026-06-30_15-11-12.143728,75,SelfishLoadManagementModel,18,2.135,2.135,0.0
2026-06-30_15-11-12.143728,75,SelfishLoadManagementModel,19,2.135,2.135,0.0
2026-06-30_15-11-12.143728,75,SelfishLoadManagementModel,20,2.135,2.135,0.0
2026-06-30_15-15-13.347285,0,LoadManagementModel,1,0.20947826086956522,0.20947826086956522,0.0
2026-06-30_15-15-13.347285,0,LoadManagementModel,2,0.1966530612244898,0.1966530612244898,0.0
2026-06-30_15-15-13.347285,0,LoadManagementModel,3,0.8569565217391304,0.8569565217391304,0.0
2026-06-30_15-15-13.347285,0,LoadManagementModel,4,0.9189375000000001,0.8760000000000001,-0.04293749999999996
2026-06-30_15-15-13.347285,0,LoadManagementModel,5,1.803838888888889,0.618,-1.185838888888889
2026-06-30_15-15-13.347285,0,LoadManagementModel,6,1.7109706896551724,1.6841715093273035,-0.026799180327868877
2026-06-30_15-15-13.347285,0,LoadManagementModel,7,1.7006636889991729,1.7008813895781638,0.00021770057899095363
2026-06-30_15-15-13.347285,0,LoadManagementModel,8,1.7610769230769232,1.7663988734377751,0.005321950360851924
2026-06-30_15-15-13.347285,0,LoadManagementModel,9,1.7011863354037269,1.6567869697370161,-0.044399365666710766
2026-06-30_15-15-13.347285,0,LoadManagementModel,10,1.7373063609549781,0.9202879403416997,-0.8170184206132785
2026-06-30_15-15-13.347285,0,LoadManagementModel,11,1.7145849056603775,1.4913829787234043,-0.22320192693697316
2026-06-30_15-15-13.347285,0,LoadManagementModel,12,2.181,2.071941176470588,-0.10905882352941187
2026-06-30_15-15-13.347285,0,LoadManagementModel,13,2.181,2.181,0.0
2026-06-30_15-15-13.347285,0,LoadManagementModel,14,2.181,2.181,0.0
2026-06-30_15-15-13.347285,0,LoadManagementModel,15,2.181,1.42764,-0.75336
2026-06-30_15-15-13.347285,0,LoadManagementModel,16,2.181,2.181,0.0
2026-06-30_15-15-13.347285,0,LoadManagementModel,17,2.181,2.181,0.0
2026-06-30_15-15-13.347285,0,LoadManagementModel,18,2.181,2.181,0.0
2026-06-30_15-15-13.347285,0,LoadManagementModel,19,2.181,2.181,0.0
2026-06-30_15-15-13.347285,0,LoadManagementModel,20,2.181,2.181,0.0
2026-06-30_15-15-13.347285,0,SelfishLoadManagementModel,1,0.20947826086956522,0.20947826086956522,0.0
2026-06-30_15-15-13.347285,0,SelfishLoadManagementModel,2,0.1966530612244898,0.1966530612244898,0.0
2026-06-30_15-15-13.347285,0,SelfishLoadManagementModel,3,0.8569565217391304,0.8569565217391304,0.0
2026-06-30_15-15-13.347285,0,SelfishLoadManagementModel,4,0.9189375000000001,0.9189375000000001,0.0
2026-06-30_15-15-13.347285,0,SelfishLoadManagementModel,5,1.803838888888889,1.803838888888889,0.0
2026-06-30_15-15-13.347285,0,SelfishLoadManagementModel,6,1.7109706896551724,1.7122581967213115,0.0012875070661391153
2026-06-30_15-15-13.347285,0,SelfishLoadManagementModel,7,1.7006636889991729,1.7008813895781638,0.00021770057899095363
2026-06-30_15-15-13.347285,0,SelfishLoadManagementModel,8,1.7610769230769232,1.7663988734377751,0.005321950360851924
2026-06-30_15-15-13.347285,0,SelfishLoadManagementModel,9,1.7011863354037269,1.701621218192747,0.0004348827890201523
2026-06-30_15-15-13.347285,0,SelfishLoadManagementModel,10,1.7373063609549781,1.7373063609549781,0.0
2026-06-30_15-15-13.347285,0,SelfishLoadManagementModel,11,1.7145849056603775,1.7145849056603775,0.0
2026-06-30_15-15-13.347285,0,SelfishLoadManagementModel,12,2.181,2.181,0.0
2026-06-30_15-15-13.347285,0,SelfishLoadManagementModel,13,2.181,2.181,0.0
2026-06-30_15-15-13.347285,0,SelfishLoadManagementModel,14,2.181,2.181,0.0
2026-06-30_15-15-13.347285,0,SelfishLoadManagementModel,15,2.181,2.181,0.0
2026-06-30_15-15-13.347285,0,SelfishLoadManagementModel,16,2.181,2.181,0.0
2026-06-30_15-15-13.347285,0,SelfishLoadManagementModel,17,2.181,2.181,0.0
2026-06-30_15-15-13.347285,0,SelfishLoadManagementModel,18,2.181,2.181,0.0
2026-06-30_15-15-13.347285,0,SelfishLoadManagementModel,19,2.181,2.181,0.0
2026-06-30_15-15-13.347285,0,SelfishLoadManagementModel,20,2.181,2.181,0.0
2026-06-30_15-15-13.347285,50,LoadManagementModel,1,0.181811320754717,0.181811320754717,0.0
2026-06-30_15-15-13.347285,50,LoadManagementModel,2,0.27531428571428573,0.27531428571428573,0.0
2026-06-30_15-15-13.347285,50,LoadManagementModel,3,0.8123468013468014,0.687,-0.12534680134680132
2026-06-30_15-15-13.347285,50,LoadManagementModel,4,1.00424,0.8933804195804196,-0.11085958041958044
2026-06-30_15-15-13.347285,50,LoadManagementModel,5,2.181,0.876,-1.3050000000000002
2026-06-30_15-15-13.347285,50,LoadManagementModel,6,1.5711315789473685,1.6121688311688311,0.041037252221462595
2026-06-30_15-15-13.347285,50,LoadManagementModel,7,1.8014089068825911,1.8073706702654073,0.0059617633828161765
2026-06-30_15-15-13.347285,50,LoadManagementModel,8,1.5979445331205109,1.5877963704011782,-0.01014816271933272
2026-06-30_15-15-13.347285,50,LoadManagementModel,9,2.181,2.181,0.0
2026-06-30_15-15-13.347285,50,LoadManagementModel,10,2.181,0.618,-1.5630000000000002
2026-06-30_15-15-13.347285,50,LoadManagementModel,11,1.3850111147433801,1.3850111147433801,0.0
2026-06-30_15-15-13.347285,50,LoadManagementModel,12,2.181,2.181,0.0
2026-06-30_15-15-13.347285,50,LoadManagementModel,13,2.181,2.181,0.0
2026-06-30_15-15-13.347285,50,LoadManagementModel,14,2.181,2.181,0.0
2026-06-30_15-15-13.347285,50,LoadManagementModel,15,2.181,1.5630000000000002,-0.6179999999999999
2026-06-30_15-15-13.347285,50,LoadManagementModel,16,2.181,2.181,0.0
2026-06-30_15-15-13.347285,50,LoadManagementModel,17,2.181,2.181,0.0
2026-06-30_15-15-13.347285,50,LoadManagementModel,18,2.181,2.181,0.0
2026-06-30_15-15-13.347285,50,LoadManagementModel,19,2.181,2.181,0.0
2026-06-30_15-15-13.347285,50,LoadManagementModel,20,2.181,2.181,0.0
2026-06-30_15-15-13.347285,50,SelfishLoadManagementModel,1,0.181811320754717,0.181811320754717,0.0
2026-06-30_15-15-13.347285,50,SelfishLoadManagementModel,2,0.27531428571428573,0.27531428571428573,0.0
2026-06-30_15-15-13.347285,50,SelfishLoadManagementModel,3,0.8123468013468014,0.8182315270935961,0.005884725746794772
2026-06-30_15-15-13.347285,50,SelfishLoadManagementModel,4,1.00424,1.0308613986013986,0.02662139860139856
2026-06-30_15-15-13.347285,50,SelfishLoadManagementModel,5,2.181,2.181,0.0
2026-06-30_15-15-13.347285,50,SelfishLoadManagementModel,6,1.5711315789473685,1.6007922077922077,0.02966062884483911
2026-06-30_15-15-13.347285,50,SelfishLoadManagementModel,7,1.8014089068825911,1.8095764282501126,0.008167521367521413
2026-06-30_15-15-13.347285,50,SelfishLoadManagementModel,8,1.5979445331205109,1.5979445331205109,0.0
2026-06-30_15-15-13.347285,50,SelfishLoadManagementModel,9,2.181,2.181,0.0
2026-06-30_15-15-13.347285,50,SelfishLoadManagementModel,10,2.181,2.181,0.0
2026-06-30_15-15-13.347285,50,SelfishLoadManagementModel,11,1.3850111147433801,1.3850111147433801,0.0
2026-06-30_15-15-13.347285,50,SelfishLoadManagementModel,12,2.181,2.181,0.0
2026-06-30_15-15-13.347285,50,SelfishLoadManagementModel,13,2.181,2.181,0.0
2026-06-30_15-15-13.347285,50,SelfishLoadManagementModel,14,2.181,2.181,0.0
2026-06-30_15-15-13.347285,50,SelfishLoadManagementModel,15,2.181,2.181,0.0
2026-06-30_15-15-13.347285,50,SelfishLoadManagementModel,16,2.181,2.181,0.0
2026-06-30_15-15-13.347285,50,SelfishLoadManagementModel,17,2.181,2.181,0.0
2026-06-30_15-15-13.347285,50,SelfishLoadManagementModel,18,2.181,2.181,0.0
2026-06-30_15-15-13.347285,50,SelfishLoadManagementModel,19,2.181,2.181,0.0
2026-06-30_15-15-13.347285,50,SelfishLoadManagementModel,20,2.181,2.181,0.0
2026-06-30_15-15-13.347285,75,LoadManagementModel,1,0.33227586206896553,0.33227586206896553,0.0
2026-06-30_15-15-13.347285,75,LoadManagementModel,2,0.43799999999999994,0.43799999999999994,0.0
2026-06-30_15-15-13.347285,75,LoadManagementModel,3,0.7884,0.618,-0.1704
2026-06-30_15-15-13.347285,75,LoadManagementModel,4,1.0024677966101696,0.989618181818182,-0.012849614791987651
2026-06-30_15-15-13.347285,75,LoadManagementModel,5,1.2911654676258992,0.7225135135135136,-0.5686519541123857
2026-06-30_15-15-13.347285,75,LoadManagementModel,6,2.181,1.959046153846154,-0.22195384615384595
2026-06-30_15-15-13.347285,75,LoadManagementModel,7,1.8114422110552766,1.4503914165421705,-0.36105079451310607
2026-06-30_15-15-13.347285,75,LoadManagementModel,8,1.9482403151065801,1.7974706485516536,-0.15076966655492652
2026-06-30_15-15-13.347285,75,LoadManagementModel,9,2.0580828729281766,2.0580828729281766,0.0
2026-06-30_15-15-13.347285,75,LoadManagementModel,10,1.7811176470588237,0.8306065573770492,-0.9505110896817744
2026-06-30_15-15-13.347285,75,LoadManagementModel,11,1.214047619047619,1.3062443931264354,0.09219677407881632
2026-06-30_15-15-13.347285,75,LoadManagementModel,12,2.181,2.1728214285714285,-0.00817857142857159
2026-06-30_15-15-13.347285,75,LoadManagementModel,13,2.181,2.181,0.0
2026-06-30_15-15-13.347285,75,LoadManagementModel,14,1.9947129186602872,2.0152517578531306,0.020538839192843383
2026-06-30_15-15-13.347285,75,LoadManagementModel,15,2.001815716684777,1.1241832460732986,-0.8776324706114784
2026-06-30_15-15-13.347285,75,LoadManagementModel,16,2.181,2.181,0.0
2026-06-30_15-15-13.347285,75,LoadManagementModel,17,2.181,2.181,0.0
2026-06-30_15-15-13.347285,75,LoadManagementModel,18,2.181,2.181,0.0
2026-06-30_15-15-13.347285,75,LoadManagementModel,19,2.181,2.181,0.0
2026-06-30_15-15-13.347285,75,LoadManagementModel,20,2.181,2.181,0.0
2026-06-30_15-15-13.347285,75,SelfishLoadManagementModel,1,0.33227586206896553,0.33227586206896553,0.0
2026-06-30_15-15-13.347285,75,SelfishLoadManagementModel,2,0.43799999999999994,0.43799999999999994,0.0
2026-06-30_15-15-13.347285,75,SelfishLoadManagementModel,3,0.7884,0.7884,0.0
2026-06-30_15-15-13.347285,75,SelfishLoadManagementModel,4,1.0024677966101696,1.0344052828527406,0.03193748624257098
2026-06-30_15-15-13.347285,75,SelfishLoadManagementModel,5,1.2911654676258992,1.2911654676258992,0.0
2026-06-30_15-15-13.347285,75,SelfishLoadManagementModel,6,2.181,2.181,0.0
2026-06-30_15-15-13.347285,75,SelfishLoadManagementModel,7,1.8114422110552766,1.8125464113017922,0.0011042002465155853
2026-06-30_15-15-13.347285,75,SelfishLoadManagementModel,8,1.9482403151065801,1.9482403151065801,0.0
2026-06-30_15-15-13.347285,75,SelfishLoadManagementModel,9,2.0580828729281766,2.0580828729281766,0.0
2026-06-30_15-15-13.347285,75,SelfishLoadManagementModel,10,1.7811176470588237,1.7811176470588237,0.0
2026-06-30_15-15-13.347285,75,SelfishLoadManagementModel,11,1.214047619047619,1.2190520166453265,0.005004397597707433
2026-06-30_15-15-13.347285,75,SelfishLoadManagementModel,12,2.181,2.181,0.0
2026-06-30_15-15-13.347285,75,SelfishLoadManagementModel,13,2.181,2.181,0.0
2026-06-30_15-15-13.347285,75,SelfishLoadManagementModel,14,1.9947129186602872,1.9947129186602872,0.0
2026-06-30_15-15-13.347285,75,SelfishLoadManagementModel,15,2.001815716684777,2.0025205966610686,0.0007048799762916502
2026-06-30_15-15-13.347285,75,SelfishLoadManagementModel,16,2.181,2.181,0.0
2026-06-30_15-15-13.347285,75,SelfishLoadManagementModel,17,2.181,2.181,0.0
2026-06-30_15-15-13.347285,75,SelfishLoadManagementModel,18,2.181,2.181,0.0
2026-06-30_15-15-13.347285,75,SelfishLoadManagementModel,19,2.181,2.181,0.0
2026-06-30_15-15-13.347285,75,SelfishLoadManagementModel,20,2.181,2.181,0.0
