instance,step,nodes,functions,model,objective,global_upper_bound,termination,wall_seconds,solver_seconds,local_reference_seconds,local_requests,offloaded_requests,cloud_requests,violating_nodes,min_gain_margin
2026-06-30_13-54-13.841040,0,10,3,LoadManagementModel,25.672855753455828,25.672855753455828,optimal,0.23553666600491852,0.23552204098086804,0,2562.0,859.0,6.0,3,-0.9361702127659575
2026-06-30_13-54-13.841040,0,10,3,SelfishLoadManagementModel,25.318522915069842,,optimal,0.14671916601946577,0.116892,0.027736000000000004,2721.0,599.0,107.0,0,0.0
2026-06-30_13-54-13.841040,50,10,3,LoadManagementModel,24.791888571033095,24.792107030821516,optimal,0.1725914169801399,0.17257966700708494,0,2427.0,796.0,200.0,3,-0.7984437751004019
2026-06-30_13-54-13.841040,50,10,3,SelfishLoadManagementModel,24.381995749070764,,optimal,0.08607837499585003,0.058556,0.024919,2554.0,596.0,273.0,0,0.0
2026-06-30_13-54-13.841040,75,10,3,LoadManagementModel,24.94187537442218,24.941996304282704,optimal,0.2393775830278173,0.2393656659987755,0,2668.0,505.0,254.0,2,-0.37267610438342125
2026-06-30_13-54-13.841040,75,10,3,SelfishLoadManagementModel,24.69502642777919,,optimal,0.09869745804462582,0.071743,0.021945,2692.0,410.0,325.0,0,0.0
2026-06-30_15-07-20.999765,0,20,3,LoadManagementModel,30.95967390810148,30.959973960804618,optimal,5.87153004197171,5.871518332976848,0,1310.0,360.0,229.0,8,-1.0133956043956043
2026-06-30_15-07-20.999765,0,20,3,SelfishLoadManagementModel,27.812217623112186,,optimal,0.2502201659954153,0.090851,0.048753000000000005,1318.0,244.0,337.0,0,0.0
2026-06-30_15-07-20.999765,50,20,3,LoadManagementModel,34.84504602854259,34.8904571223423,maxTimeLimit,30.0401800419786,30.040168416977394,0,1309.0,452.0,137.0,12,-1.1152637362637359
2026-06-30_15-07-20.999765,50,20,3,SelfishLoadManagementModel,30.711608576117545,,optimal,0.2571087499964051,0.112233,0.059089,1461.0,194.0,243.0,0,0.0
2026-06-30_15-07-20.999765,75,20,3,LoadManagementModel,32.380283866071714,32.38052053997922,optimal,0.649041875032708,0.6490193750360049,0,1310.0,446.0,143.0,8,-0.9647012987012985
2026-06-30_15-07-20.999765,75,20,3,SelfishLoadManagementModel,29.434922169855994,,optimal,0.2589796250103973,0.11094400000000001,0.06460900000000001,1449.0,151.0,299.0,0,0.0
2026-06-30_15-11-12.143728,0,20,3,LoadManagementModel,31.504676734594163,31.564187404304626,maxTimeLimit,30.058049040962942,30.058037416019943,0,3041.0,557.0,375.0,8,-0.5540606060606059
2026-06-30_15-11-12.143728,0,20,3,SelfishLoadManagementModel,30.22034799604838,,optimal,6.931488875008654,6.7901,0.050262999999999995,3143.0,397.0,433.0,0,0.0
2026-06-30_15-11-12.143728,50,20,3,LoadManagementModel,37.209236741619456,37.23290025017879,maxTimeLimit,30.033119875006378,30.03310091700405,0,2967.0,833.0,173.0,12,-1.090568917018284
2026-06-30_15-11-12.143728,50,20,3,SelfishLoadManagementModel,33.162802286711354,,optimal,0.26906416699057445,0.11867200000000001,0.06453900000000001,3213.0,368.0,392.0,0,0.0
2026-06-30_15-11-12.143728,75,20,3,LoadManagementModel,30.92208979711272,30.922398660776118,optimal,23.619750959041994,23.61972112499643,0,2633.0,633.0,705.0,8,-0.8588846153846155
2026-06-30_15-11-12.143728,75,20,3,SelfishLoadManagementModel,29.950543415118563,,optimal,0.7206347499741241,0.5770810000000001,0.05475700000000001,2871.0,405.0,695.0,0,0.0
2026-06-30_15-15-13.347285,0,20,3,LoadManagementModel,37.19100749012677,37.197936641939584,maxTimeLimit,30.037324583972804,30.037311833992135,0,4273.0,1855.0,256.0,8,-1.185838888888889
2026-06-30_15-15-13.347285,0,20,3,SelfishLoadManagementModel,33.264795532996295,,optimal,0.5281969159841537,0.385432,0.054078,4523.0,1176.0,685.0,0,0.0
2026-06-30_15-15-13.347285,50,20,3,LoadManagementModel,38.55718971559838,38.557574889971875,optimal,6.532639958022628,6.532624958024826,0,4242.0,1992.0,155.0,6,-1.5630000000000002
2026-06-30_15-15-13.347285,50,20,3,SelfishLoadManagementModel,34.91076592016819,,optimal,3.434803165961057,3.283623,0.06885200000000002,4733.0,954.0,702.0,0,0.0
2026-06-30_15-15-13.347285,75,20,3,LoadManagementModel,39.736274547004314,39.77260282246651,maxTimeLimit,30.27168091700878,30.271662208018824,0,4221.0,2158.0,7.0,9,-0.9505110896817744
2026-06-30_15-15-13.347285,75,20,3,SelfishLoadManagementModel,37.7550793699709,37.75940010586241,maxTimeLimit,30.291563750011846,30.143421417001434,0.091791,4619.0,1395.0,372.0,0,0.0
